2026-08-08 12:02:51.664 -04:00 [INF] Iniciando ReportePrematch.Web...
2026-08-08 12:02:53.873 -04:00 [INF] HTTP GET / responded 200 in 318.0117 ms
2026-08-08 12:02:54.538 -04:00 [INF] HTTP GET /favicon.ico responded 404 in 5.2247 ms
2026-08-08 12:05:21.145 -04:00 [INF] Login exitoso: vlapenta [Usuario suAdmin]
2026-08-08 12:05:21.153 -04:00 [INF] HTTP POST / responded 302 in 1250.9762 ms
2026-08-08 12:05:21.273 -04:00 [INF] HTTP GET /Reportes/VentasPorAgente responded 200 in 113.1477 ms
2026-08-08 12:05:24.081 -04:00 [INF] HTTP POST /Reportes/GetListAgencias responded 200 in 2264.6427 ms
2026-08-08 12:05:26.660 -04:00 [INF] HTTP GET /Reportes/LoteriaTriple responded 200 in 25.6489 ms
2026-08-08 12:05:27.355 -04:00 [INF] HTTP POST /Reportes/GetListAgencias responded 200 in 588.6228 ms
2026-08-08 12:18:24.117 -04:00 [INF] HTTP POST /Reportes/GetLoteriasTriple responded 404 in 0.3395 ms
2026-08-08 12:35:26.027 -04:00 [INF] HTTP GET /Reportes/LoteriaTriple responded 200 in 10401.3880 ms
2026-08-08 12:35:27.600 -04:00 [INF] HTTP GET /favicon.ico responded 404 in 0.1521 ms
2026-08-08 12:35:27.622 -04:00 [INF] HTTP POST /Reportes/GetListAgencias responded 200 in 1124.9330 ms
2026-08-08 12:35:50.584 -04:00 [ERR] Error GET+QS api/Reportes/Triples
System.Text.Json.JsonException: The JSON value could not be converted to System.Collections.Generic.List`1[ReportePrematch.Web.Models.ApiReportes.LoteriasDto]. Path: $ | LineNumber: 0 | BytePositionInLine: 1.
   at System.Text.Json.ThrowHelper.ThrowJsonException_DeserializeUnableToConvertValue(Type propertyType)
   at System.Text.Json.Serialization.JsonCollectionConverter`2.OnTryRead(Utf8JsonReader& reader, Type typeToConvert, JsonSerializerOptions options, ReadStack& state, TCollection& value)
   at System.Text.Json.Serialization.JsonConverter`1.TryRead(Utf8JsonReader& reader, Type typeToConvert, JsonSerializerOptions options, ReadStack& state, T& value, Boolean& isPopulatedValue)
   at System.Text.Json.Serialization.JsonConverter`1.ReadCore(Utf8JsonReader& reader, T& value, JsonSerializerOptions options, ReadStack& state)
   at System.Text.Json.Serialization.Metadata.JsonTypeInfo`1.ContinueDeserialize[TReadBufferState,TStream](TReadBufferState& bufferState, JsonReaderState& jsonReaderState, ReadStack& readStack, T& value)
   at System.Text.Json.Serialization.Metadata.JsonTypeInfo`1.DeserializeAsync[TReadBufferState,TStream](TStream utf8Json, TReadBufferState bufferState, CancellationToken cancellationToken)
   at System.Net.Http.Json.HttpContentJsonExtensions.ReadFromJsonAsyncCore[T](HttpContent content, JsonSerializerOptions options, CancellationToken cancellationToken)
   at ReportePrematch.Web.Services.Clients.ApiClient.GetQueryAsync[T](String endpoint, Dictionary`2 query, CancellationToken ct) in D:\GITHUB\ReportePrematch.Web\ReportePrematch.Web\Services\Clients\ApiClient.cs:line 48
2026-08-08 12:40:55.706 -04:00 [INF] Iniciando ReportePrematch.Web...
2026-08-08 12:40:57.352 -04:00 [INF] HTTP GET / responded 200 in 284.4825 ms
2026-08-08 12:40:57.933 -04:00 [INF] HTTP GET /favicon.ico responded 404 in 2.1030 ms
2026-08-08 12:41:08.824 -04:00 [INF] Login exitoso: vlapenta [Usuario suAdmin]
2026-08-08 12:41:08.830 -04:00 [INF] HTTP POST / responded 302 in 929.4664 ms
2026-08-08 12:41:08.919 -04:00 [INF] HTTP GET /Reportes/VentasPorAgente responded 200 in 83.9159 ms
2026-08-08 12:41:11.286 -04:00 [INF] HTTP POST /Reportes/GetListAgencias responded 200 in 2158.0442 ms
2026-08-08 12:41:13.371 -04:00 [INF] HTTP GET /Reportes/LoteriaTriple responded 200 in 21.0047 ms
2026-08-08 12:41:14.075 -04:00 [INF] HTTP POST /Reportes/GetListAgencias responded 200 in 605.2939 ms
2026-08-08 12:41:26.430 -04:00 [INF] HTTP POST /Reportes/GetLoteriaTriple responded 200 in 955.4842 ms
2026-08-08 12:41:35.829 -04:00 [INF] HTTP GET /.well-known/appspecific/com.chrome.devtools.json responded 404 in 0.1800 ms
2026-08-08 12:41:43.800 -04:00 [INF] HTTP POST /Reportes/GetLoteriaTriple responded 200 in 228.2140 ms
2026-08-08 12:41:46.990 -04:00 [INF] HTTP POST /Reportes/GetLoteriaTriple responded 200 in 391.9090 ms
2026-08-08 12:44:25.172 -04:00 [INF] HTTP POST /Reportes/GetLoteriaTriple responded 200 in 273.1418 ms
2026-08-08 12:45:45.097 -04:00 [INF] HTTP GET /Reportes/FantasyBsb responded 200 in 20.0298 ms
2026-08-08 12:45:45.162 -04:00 [INF] HTTP GET /.well-known/appspecific/com.chrome.devtools.json responded 404 in 0.1466 ms
2026-08-08 12:45:46.063 -04:00 [INF] HTTP POST /Reportes/GetListAgencias responded 200 in 631.1649 ms
2026-08-08 12:45:58.444 -04:00 [INF] HTTP POST /Reportes/GetFantasyBsb responded 200 in 859.2541 ms
2026-08-08 12:46:07.777 -04:00 [INF] HTTP GET /Reportes/DeportesMasVendidos responded 200 in 29.3556 ms
2026-08-08 12:46:07.834 -04:00 [INF] HTTP GET /.well-known/appspecific/com.chrome.devtools.json responded 404 in 0.1286 ms
2026-08-08 12:46:08.722 -04:00 [INF] HTTP POST /Reportes/GetListAgencias responded 200 in 626.5157 ms
2026-08-08 12:46:23.089 -04:00 [INF] HTTP GET /Reportes/VentasPorAgenteGameID responded 200 in 19.8512 ms
2026-08-08 12:46:23.142 -04:00 [INF] HTTP GET /.well-known/appspecific/com.chrome.devtools.json responded 404 in 0.2383 ms
2026-08-08 12:46:23.994 -04:00 [INF] HTTP POST /Reportes/GetListAgencias responded 200 in 587.6887 ms
2026-08-08 12:50:16.757 -04:00 [INF] Iniciando ReportePrematch.Web...
2026-08-08 12:50:17.597 -04:00 [INF] HTTP GET / responded 200 in 187.2114 ms
2026-08-08 12:50:18.564 -04:00 [INF] HTTP GET /favicon.ico responded 404 in 2.7457 ms
2026-08-08 12:50:28.670 -04:00 [INF] Login exitoso: vlapenta [Usuario suAdmin]
2026-08-08 12:50:28.680 -04:00 [INF] HTTP POST / responded 302 in 699.6768 ms
2026-08-08 12:50:28.776 -04:00 [INF] HTTP GET /Reportes/VentasPorAgente responded 200 in 89.3349 ms
2026-08-08 12:50:31.002 -04:00 [INF] HTTP POST /Reportes/GetListAgencias responded 200 in 1717.9828 ms
2026-08-08 12:50:32.595 -04:00 [INF] HTTP GET /Reportes/VentasPorAgenteGameID responded 200 in 19.2269 ms
2026-08-08 12:50:33.282 -04:00 [INF] HTTP POST /Reportes/GetListAgencias responded 200 in 583.3222 ms
2026-08-08 12:54:31.934 -04:00 [INF] HTTP GET /Reportes/RetirosRecargas responded 200 in 22.7037 ms
2026-08-08 12:54:33.278 -04:00 [INF] HTTP POST /Reportes/GetListAgencias responded 200 in 1110.5981 ms
2026-08-08 13:02:48.365 -04:00 [INF] HTTP GET /Reportes/RetirosRecargas responded 200 in 4.1649 ms
2026-08-08 13:02:49.852 -04:00 [INF] HTTP POST /Reportes/GetListAgencias responded 200 in 1345.6068 ms
2026-08-08 13:03:03.081 -04:00 [ERR] Error GET+QS api/Reportes/RetirosRecargas
System.Text.Json.JsonException: The JSON value could not be converted to System.Collections.Generic.List`1[ReportePrematch.Web.Models.ApiReportes.RetirosRecargasApiDto]. Path: $ | LineNumber: 0 | BytePositionInLine: 1.
   at System.Text.Json.ThrowHelper.ThrowJsonException_DeserializeUnableToConvertValue(Type propertyType)
   at System.Text.Json.Serialization.JsonCollectionConverter`2.OnTryRead(Utf8JsonReader& reader, Type typeToConvert, JsonSerializerOptions options, ReadStack& state, TCollection& value)
   at System.Text.Json.Serialization.JsonConverter`1.ReadCore(Utf8JsonReader& reader, T& value, JsonSerializerOptions options, ReadStack& state)
   at System.Text.Json.Serialization.Metadata.JsonTypeInfo`1.ContinueDeserialize[TReadBufferState,TStream](TReadBufferState& bufferState, JsonReaderState& jsonReaderState, ReadStack& readStack, T& value)
   at System.Text.Json.Serialization.Metadata.JsonTypeInfo`1.DeserializeAsync[TReadBufferState,TStream](TStream utf8Json, TReadBufferState bufferState, CancellationToken cancellationToken)
   at System.Net.Http.Json.HttpContentJsonExtensions.ReadFromJsonAsyncCore[T](HttpContent content, JsonSerializerOptions options, CancellationToken cancellationToken)
   at ReportePrematch.Web.Services.Clients.ApiClient.GetQueryAsync[T](String endpoint, Dictionary`2 query, CancellationToken ct) in D:\GITHUB\ReportePrematch.Web\ReportePrematch.Web\Services\Clients\ApiClient.cs:line 48
2026-08-08 14:19:02.910 -04:00 [INF] Iniciando ReportePrematch.Web...
2026-08-08 14:19:04.031 -04:00 [INF] HTTP GET / responded 200 in 206.0653 ms
2026-08-08 14:19:05.871 -04:00 [INF] HTTP GET /favicon.ico responded 404 in 2.0781 ms
2026-08-08 14:19:19.365 -04:00 [INF] Login exitoso: vlapenta [Usuario suAdmin]
2026-08-08 14:19:19.373 -04:00 [INF] HTTP POST / responded 302 in 2467.2032 ms
2026-08-08 14:19:19.464 -04:00 [INF] HTTP GET /Reportes/VentasPorAgente responded 200 in 85.1036 ms
2026-08-08 14:19:21.285 -04:00 [INF] HTTP POST /Reportes/GetListAgencias responded 200 in 1645.7384 ms
2026-08-08 14:19:25.792 -04:00 [INF] HTTP GET /Reportes/VentasPorAgenteGameID responded 200 in 20.6068 ms
2026-08-08 14:19:27.401 -04:00 [INF] HTTP POST /Reportes/GetListAgencias responded 200 in 1512.0876 ms
2026-08-08 14:19:51.733 -04:00 [INF] HTTP POST /Reportes/GetVentasPorAgenteGameID responded 200 in 370.0686 ms
2026-08-08 14:19:58.028 -04:00 [INF] HTTP GET /.well-known/appspecific/com.chrome.devtools.json responded 404 in 0.1968 ms
2026-08-08 14:20:12.431 -04:00 [INF] HTTP POST /Reportes/GetVentasPorAgenteGameID responded 200 in 352.7254 ms
2026-08-08 14:24:49.836 -04:00 [INF] HTTP GET /Reportes/VentasPorAgenteGameID responded 200 in 2374.7033 ms
2026-08-08 14:24:49.931 -04:00 [INF] HTTP GET /.well-known/appspecific/com.chrome.devtools.json responded 404 in 0.1412 ms
2026-08-08 14:24:52.940 -04:00 [INF] HTTP GET /favicon.ico responded 404 in 0.2941 ms
2026-08-08 14:24:54.520 -04:00 [INF] HTTP POST /Reportes/GetListAgencias responded 200 in 2910.5152 ms
2026-08-08 14:25:14.610 -04:00 [INF] HTTP POST /Reportes/GetVentasPorAgenteGameID responded 200 in 370.7968 ms
2026-08-08 14:25:27.882 -04:00 [INF] HTTP POST /Reportes/GetVentasPorAgenteGameID responded 200 in 253.9593 ms
2026-08-08 14:41:59.047 -04:00 [INF] HTTP GET /.well-known/appspecific/com.chrome.devtools.json responded 404 in 0.3562 ms
2026-08-08 14:42:00.069 -04:00 [INF] HTTP GET /.well-known/appspecific/com.chrome.devtools.json responded 404 in 0.1371 ms
2026-08-08 14:42:04.987 -04:00 [INF] HTTP POST /Reportes/GetVentasPorAgenteGameID responded 200 in 1605.0615 ms
2026-08-08 14:42:21.662 -04:00 [INF] HTTP POST /Reportes/GetVentasPorAgenteGameID responded 200 in 1370.4583 ms
2026-08-08 14:44:07.081 -04:00 [INF] HTTP POST /Reportes/GetVentasPorAgenteGameID responded 200 in 335.8142 ms
2026-08-08 14:44:18.107 -04:00 [INF] HTTP POST /Reportes/GetVentasPorAgenteGameID responded 200 in 252.2854 ms
2026-08-08 14:49:39.740 -04:00 [INF] Iniciando ReportePrematch.Web...
2026-08-08 14:49:40.733 -04:00 [INF] HTTP GET / responded 200 in 199.0741 ms
2026-08-08 14:50:08.752 -04:00 [INF] Login exitoso: vlapenta [Usuario suAdmin]
2026-08-08 14:50:08.760 -04:00 [INF] HTTP POST / responded 302 in 2416.0319 ms
2026-08-08 14:50:08.854 -04:00 [INF] HTTP GET /Reportes/VentasPorAgente responded 200 in 84.3323 ms
2026-08-08 14:50:12.028 -04:00 [INF] HTTP POST /Reportes/GetListAgencias responded 200 in 2987.6986 ms
2026-08-08 14:50:14.331 -04:00 [INF] HTTP GET /Reportes/VentasPorAgenteGameID responded 200 in 18.1384 ms
2026-08-08 14:50:15.950 -04:00 [INF] HTTP POST /Reportes/GetListAgencias responded 200 in 1529.8337 ms
2026-08-08 14:50:54.628 -04:00 [ERR] Error GET+QS api/Reportes/VentasAgenteGameID
System.Text.Json.JsonException: The JSON value could not be converted to System.String. Path: $[0].riesgo | LineNumber: 0 | BytePositionInLine: 57.
 ---> System.InvalidOperationException: Cannot get the value of a token type 'Number' as a string.
   at System.Text.Json.ThrowHelper.ThrowInvalidOperationException_ExpectedString(JsonTokenType tokenType)
   at System.Text.Json.Utf8JsonReader.GetString()
   at System.Text.Json.Serialization.Metadata.JsonPropertyInfo`1.ReadJsonAndSetMember(Object obj, ReadStack& state, Utf8JsonReader& reader)
   at System.Text.Json.Serialization.Converters.ObjectDefaultConverter`1.OnTryRead(Utf8JsonReader& reader, Type typeToConvert, JsonSerializerOptions options, ReadStack& state, T& value)
   at System.Text.Json.Serialization.JsonConverter`1.TryRead(Utf8JsonReader& reader, Type typeToConvert, JsonSerializerOptions options, ReadStack& state, T& value, Boolean& isPopulatedValue)
   at System.Text.Json.Serialization.JsonCollectionConverter`2.OnTryRead(Utf8JsonReader& reader, Type typeToConvert, JsonSerializerOptions options, ReadStack& state, TCollection& value)
   at System.Text.Json.Serialization.JsonConverter`1.TryRead(Utf8JsonReader& reader, Type typeToConvert, JsonSerializerOptions options, ReadStack& state, T& value, Boolean& isPopulatedValue)
   at System.Text.Json.Serialization.JsonConverter`1.ReadCore(Utf8JsonReader& reader, T& value, JsonSerializerOptions options, ReadStack& state)
   --- End of inner exception stack trace ---
   at System.Text.Json.ThrowHelper.ReThrowWithPath(ReadStack& state, Utf8JsonReader& reader, Exception ex)
   at System.Text.Json.Serialization.JsonConverter`1.ReadCore(Utf8JsonReader& reader, T& value, JsonSerializerOptions options, ReadStack& state)
   at System.Text.Json.Serialization.Metadata.JsonTypeInfo`1.ContinueDeserialize[TReadBufferState,TStream](TReadBufferState& bufferState, JsonReaderState& jsonReaderState, ReadStack& readStack, T& value)
   at System.Text.Json.Serialization.Metadata.JsonTypeInfo`1.DeserializeAsync[TReadBufferState,TStream](TStream utf8Json, TReadBufferState bufferState, CancellationToken cancellationToken)
   at System.Net.Http.Json.HttpContentJsonExtensions.ReadFromJsonAsyncCore[T](HttpContent content, JsonSerializerOptions options, CancellationToken cancellationToken)
   at ReportePrematch.Web.Services.Clients.ApiClient.GetQueryAsync[T](String endpoint, Dictionary`2 query, CancellationToken ct) in D:\GITHUB\ReportePrematch.Web\ReportePrematch.Web\Services\Clients\ApiClient.cs:line 48
2026-08-08 14:56:03.736 -04:00 [INF] Iniciando ReportePrematch.Web...
2026-08-08 14:56:04.585 -04:00 [INF] HTTP GET / responded 200 in 195.8308 ms
2026-08-08 14:56:19.496 -04:00 [INF] Login exitoso: vlapenta [Usuario suAdmin]
2026-08-08 14:56:19.504 -04:00 [INF] HTTP POST / responded 302 in 2061.9692 ms
2026-08-08 14:56:19.613 -04:00 [INF] HTTP GET /Reportes/VentasPorAgente responded 200 in 99.7048 ms
2026-08-08 14:56:23.605 -04:00 [INF] HTTP POST /Reportes/GetListAgencias responded 200 in 3811.5909 ms
2026-08-08 14:56:33.466 -04:00 [INF] HTTP GET /Reportes/VentasPorAgenteGameID responded 200 in 20.3959 ms
2026-08-08 14:56:35.074 -04:00 [INF] HTTP POST /Reportes/GetListAgencias responded 200 in 1527.3170 ms
2026-08-08 14:57:16.877 -04:00 [INF] HTTP POST /Reportes/GetVentasPorAgenteGameID responded 200 in 23759.6915 ms
2026-08-08 15:07:36.181 -04:00 [INF] HTTP GET /Reportes/VentasPorAgenteGameID responded 200 in 2.0131 ms
2026-08-08 15:07:39.079 -04:00 [INF] HTTP GET /favicon.ico responded 404 in 1.0022 ms
2026-08-08 15:07:39.758 -04:00 [INF] HTTP POST /Reportes/GetListAgencias responded 200 in 1896.7226 ms
2026-08-08 15:08:05.692 -04:00 [INF] HTTP POST /Reportes/GetVentasPorAgenteGameID responded 200 in 12209.7892 ms
2026-08-08 15:11:03.763 -04:00 [INF] HTTP GET /Reportes/VentasPorAgenteGameID responded 200 in 9125.6178 ms
2026-08-08 15:11:06.490 -04:00 [INF] HTTP GET /favicon.ico responded 404 in 0.1504 ms
2026-08-08 15:11:06.592 -04:00 [INF] HTTP POST /Reportes/GetListAgencias responded 200 in 1530.5664 ms
2026-08-08 15:11:39.963 -04:00 [INF] HTTP POST /Reportes/GetVentasPorAgenteGameID responded 200 in 11580.7251 ms
2026-08-08 15:19:22.132 -04:00 [INF] HTTP POST /Reportes/GetVentasPorAgenteGameID responded 200 in 11070.7148 ms
2026-08-08 15:21:30.891 -04:00 [INF] HTTP GET /Reportes/RetirosRecargas responded 200 in 19.9802 ms
2026-08-08 15:21:31.081 -04:00 [INF] HTTP GET /favicon.ico responded 404 in 0.1645 ms
2026-08-08 15:21:32.616 -04:00 [INF] HTTP POST /Reportes/GetListAgencias responded 200 in 1541.5151 ms
2026-08-08 15:21:43.204 -04:00 [ERR] Error GET+QS api/Reportes/RetirosRecargas
System.Text.Json.JsonException: The JSON value could not be converted to System.Collections.Generic.List`1[ReportePrematch.Web.Models.ApiReportes.RetirosRecargasApiDto]. Path: $ | LineNumber: 0 | BytePositionInLine: 1.
   at System.Text.Json.ThrowHelper.ThrowJsonException_DeserializeUnableToConvertValue(Type propertyType)
   at System.Text.Json.Serialization.JsonCollectionConverter`2.OnTryRead(Utf8JsonReader& reader, Type typeToConvert, JsonSerializerOptions options, ReadStack& state, TCollection& value)
   at System.Text.Json.Serialization.JsonConverter`1.ReadCore(Utf8JsonReader& reader, T& value, JsonSerializerOptions options, ReadStack& state)
   at System.Text.Json.Serialization.Metadata.JsonTypeInfo`1.ContinueDeserialize[TReadBufferState,TStream](TReadBufferState& bufferState, JsonReaderState& jsonReaderState, ReadStack& readStack, T& value)
   at System.Text.Json.Serialization.Metadata.JsonTypeInfo`1.DeserializeAsync[TReadBufferState,TStream](TStream utf8Json, TReadBufferState bufferState, CancellationToken cancellationToken)
   at System.Net.Http.Json.HttpContentJsonExtensions.ReadFromJsonAsyncCore[T](HttpContent content, JsonSerializerOptions options, CancellationToken cancellationToken)
   at ReportePrematch.Web.Services.Clients.ApiClient.GetQueryAsync[T](String endpoint, Dictionary`2 query, CancellationToken ct) in D:\GITHUB\ReportePrematch.Web\ReportePrematch.Web\Services\Clients\ApiClient.cs:line 48
2026-08-08 15:29:57.739 -04:00 [INF] Iniciando ReportePrematch.Web...
2026-08-08 15:29:58.914 -04:00 [INF] HTTP GET / responded 200 in 205.2071 ms
2026-08-08 15:30:12.379 -04:00 [INF] Login exitoso: vlapenta [Usuario suAdmin]
2026-08-08 15:30:12.384 -04:00 [INF] HTTP POST / responded 302 in 2469.6400 ms
2026-08-08 15:30:12.471 -04:00 [INF] HTTP GET /Reportes/VentasPorAgente responded 200 in 80.1739 ms
2026-08-08 15:30:14.392 -04:00 [INF] HTTP POST /Reportes/GetListAgencias responded 200 in 1728.7256 ms
2026-08-08 15:30:19.131 -04:00 [INF] HTTP GET /Reportes/RetirosRecargas responded 200 in 21.6002 ms
2026-08-08 15:30:20.734 -04:00 [INF] HTTP POST /Reportes/GetListAgencias responded 200 in 1515.9465 ms
2026-08-08 15:34:43.575 -04:00 [INF] HTTP GET /Reportes/RetirosRecargas responded 200 in 2.1036 ms
2026-08-08 15:34:46.542 -04:00 [INF] HTTP GET /favicon.ico responded 404 in 0.9948 ms
2026-08-08 15:34:48.608 -04:00 [INF] HTTP POST /Reportes/GetListAgencias responded 200 in 3359.3851 ms
2026-08-08 15:34:57.873 -04:00 [INF] Iniciando ReportePrematch.Web...
2026-08-08 15:34:58.938 -04:00 [INF] HTTP GET / responded 200 in 230.5517 ms
2026-08-08 15:36:36.957 -04:00 [INF] Login exitoso: vlapenta [Usuario suAdmin]
2026-08-08 15:36:36.963 -04:00 [INF] HTTP POST / responded 302 in 2282.2397 ms
2026-08-08 15:36:37.054 -04:00 [INF] HTTP GET /Reportes/VentasPorAgente responded 200 in 83.9935 ms
2026-08-08 15:36:39.027 -04:00 [INF] HTTP POST /Reportes/GetListAgencias responded 200 in 1784.5709 ms
2026-08-08 15:38:55.113 -04:00 [INF] Iniciando ReportePrematch.Web...
2026-08-08 15:38:55.970 -04:00 [INF] HTTP GET / responded 200 in 219.8227 ms
2026-08-08 15:39:05.357 -04:00 [WRN] ADWS Login: credenciales inválidas (Mensaje=-1) para vlapenta
2026-08-08 15:39:05.359 -04:00 [WRN] Login fallido para usuario vlapenta
2026-08-08 15:39:05.366 -04:00 [INF] HTTP POST / responded 200 in 1919.5142 ms
2026-08-08 15:39:11.536 -04:00 [INF] Login exitoso: vlapenta [Usuario suAdmin]
2026-08-08 15:39:11.539 -04:00 [INF] HTTP POST / responded 302 in 462.2138 ms
2026-08-08 15:39:11.627 -04:00 [INF] HTTP GET /Reportes/VentasPorAgente responded 200 in 81.8704 ms
2026-08-08 15:39:13.696 -04:00 [INF] HTTP POST /Reportes/GetListAgencias responded 200 in 1881.8882 ms
2026-08-08 15:39:16.682 -04:00 [INF] HTTP GET /Reportes/SaldosDisponibles responded 200 in 17.8363 ms
2026-08-08 15:39:18.652 -04:00 [INF] HTTP POST /Reportes/GetListAgencias responded 200 in 1883.0793 ms
2026-08-08 15:41:29.412 -04:00 [ERR] Error GET+QS api/Reportes/SaldosDisponibles
System.Threading.Tasks.TaskCanceledException: The request was canceled due to the configured HttpClient.Timeout of 120 seconds elapsing.
 ---> System.TimeoutException: The operation was canceled.
 ---> System.Threading.Tasks.TaskCanceledException: The operation was canceled.
 ---> System.IO.IOException: Unable to read data from the transport connection: La operación de E/S se anuló por una salida de subproceso o por una solicitud de aplicación..
 ---> System.Net.Sockets.SocketException (995): La operación de E/S se anuló por una salida de subproceso o por una solicitud de aplicación.
   --- End of inner exception stack trace ---
   at System.Net.Sockets.Socket.AwaitableSocketAsyncEventArgs.ThrowException(SocketError error, CancellationToken cancellationToken)
   at System.Net.Sockets.Socket.AwaitableSocketAsyncEventArgs.System.Threading.Tasks.Sources.IValueTaskSource<System.Int32>.GetResult(Int16 token)
   at System.Net.Security.SslStream.EnsureFullTlsFrameAsync[TIOAdapter](CancellationToken cancellationToken, Int32 estimatedSize)
   at System.Runtime.CompilerServices.PoolingAsyncValueTaskMethodBuilder`1.StateMachineBox`1.System.Threading.Tasks.Sources.IValueTaskSource<TResult>.GetResult(Int16 token)
   at System.Net.Security.SslStream.ReadAsyncInternal[TIOAdapter](Memory`1 buffer, CancellationToken cancellationToken)
   at System.Runtime.CompilerServices.PoolingAsyncValueTaskMethodBuilder`1.StateMachineBox`1.System.Threading.Tasks.Sources.IValueTaskSource<TResult>.GetResult(Int16 token)
   at System.Net.Http.HttpConnection.<CheckUsabilityOnScavenge>g__ReadAheadWithZeroByteReadAsync|39_0()
   at System.Net.Http.HttpConnection.SendAsync(HttpRequestMessage request, Boolean async, CancellationToken cancellationToken)
   --- End of inner exception stack trace ---
   at System.Net.Http.HttpConnection.SendAsync(HttpRequestMessage request, Boolean async, CancellationToken cancellationToken)
   at System.Net.Http.HttpConnectionPool.SendWithVersionDetectionAndRetryAsync(HttpRequestMessage request, Boolean async, Boolean doRequestAuth, CancellationToken cancellationToken)
   at System.Net.Http.DiagnosticsHandler.SendAsyncCore(HttpRequestMessage request, Boolean async, CancellationToken cancellationToken)
   at System.Net.Http.RedirectHandler.SendAsync(HttpRequestMessage request, Boolean async, CancellationToken cancellationToken)
   at Microsoft.Extensions.Http.Logging.LoggingHttpMessageHandler.<SendCoreAsync>g__Core|4_0(HttpRequestMessage request, Boolean useAsync, CancellationToken cancellationToken)
   at Microsoft.Extensions.Http.Logging.LoggingScopeHttpMessageHandler.<SendCoreAsync>g__Core|4_0(HttpRequestMessage request, Boolean useAsync, CancellationToken cancellationToken)
   at System.Net.Http.HttpClient.<SendAsync>g__Core|83_0(HttpRequestMessage request, HttpCompletionOption completionOption, CancellationTokenSource cts, Boolean disposeCts, CancellationTokenSource pendingRequestsCts, CancellationToken originalCancellationToken)
   --- End of inner exception stack trace ---
   --- End of inner exception stack trace ---
   at System.Net.Http.HttpClient.HandleFailure(Exception e, Boolean telemetryStarted, HttpResponseMessage response, CancellationTokenSource cts, CancellationToken cancellationToken, CancellationTokenSource pendingRequestsCts)
   at System.Net.Http.HttpClient.<SendAsync>g__Core|83_0(HttpRequestMessage request, HttpCompletionOption completionOption, CancellationTokenSource cts, Boolean disposeCts, CancellationTokenSource pendingRequestsCts, CancellationToken originalCancellationToken)
   at ReportePrematch.Web.Services.Clients.ApiClient.GetQueryAsync[T](String endpoint, Dictionary`2 query, CancellationToken ct) in D:\GITHUB\ReportePrematch.Web\ReportePrematch.Web\Services\Clients\ApiClient.cs:line 46
2026-08-08 15:41:47.767 -04:00 [INF] Iniciando ReportePrematch.Web...
2026-08-08 15:41:48.830 -04:00 [INF] HTTP GET / responded 200 in 220.5207 ms
2026-08-08 15:42:37.835 -04:00 [INF] Login exitoso: vlapenta [Usuario suAdmin]
2026-08-08 15:42:37.843 -04:00 [INF] HTTP POST / responded 302 in 2129.7947 ms
2026-08-08 15:42:37.934 -04:00 [INF] HTTP GET /Reportes/VentasPorAgente responded 200 in 83.0653 ms
2026-08-08 15:42:51.803 -04:00 [ERR] Error GET api/Reportes/ListaAgentes
System.Net.Http.HttpRequestException: An error occurred while sending the request.
 ---> System.IO.IOException: Unable to read data from the transport connection: Se ha forzado la interrupción de una conexión existente por el host remoto..
 ---> System.Net.Sockets.SocketException (10054): Se ha forzado la interrupción de una conexión existente por el host remoto.
   --- End of inner exception stack trace ---
   at System.Net.Sockets.Socket.AwaitableSocketAsyncEventArgs.ThrowException(SocketError error, CancellationToken cancellationToken)
   at System.Net.Sockets.Socket.AwaitableSocketAsyncEventArgs.System.Threading.Tasks.Sources.IValueTaskSource<System.Int32>.GetResult(Int16 token)
   at System.Net.Security.SslStream.EnsureFullTlsFrameAsync[TIOAdapter](CancellationToken cancellationToken, Int32 estimatedSize)
   at System.Runtime.CompilerServices.PoolingAsyncValueTaskMethodBuilder`1.StateMachineBox`1.System.Threading.Tasks.Sources.IValueTaskSource<TResult>.GetResult(Int16 token)
   at System.Net.Security.SslStream.ReadAsyncInternal[TIOAdapter](Memory`1 buffer, CancellationToken cancellationToken)
   at System.Runtime.CompilerServices.PoolingAsyncValueTaskMethodBuilder`1.StateMachineBox`1.System.Threading.Tasks.Sources.IValueTaskSource<TResult>.GetResult(Int16 token)
   at System.Net.Http.HttpConnection.InitialFillAsync(Boolean async)
   at System.Net.Http.HttpConnection.SendAsync(HttpRequestMessage request, Boolean async, CancellationToken cancellationToken)
   --- End of inner exception stack trace ---
   at System.Net.Http.HttpConnection.SendAsync(HttpRequestMessage request, Boolean async, CancellationToken cancellationToken)
   at System.Net.Http.HttpConnectionPool.SendWithVersionDetectionAndRetryAsync(HttpRequestMessage request, Boolean async, Boolean doRequestAuth, CancellationToken cancellationToken)
   at System.Net.Http.DiagnosticsHandler.SendAsyncCore(HttpRequestMessage request, Boolean async, CancellationToken cancellationToken)
   at System.Net.Http.RedirectHandler.SendAsync(HttpRequestMessage request, Boolean async, CancellationToken cancellationToken)
   at System.Net.Http.SocketsHttpHandler.<SendAsync>g__CreateHandlerAndSendAsync|115_0(HttpRequestMessage request, CancellationToken cancellationToken)
   at Microsoft.Extensions.Http.Logging.LoggingHttpMessageHandler.<SendCoreAsync>g__Core|4_0(HttpRequestMessage request, Boolean useAsync, CancellationToken cancellationToken)
   at Microsoft.Extensions.Http.Logging.LoggingScopeHttpMessageHandler.<SendCoreAsync>g__Core|4_0(HttpRequestMessage request, Boolean useAsync, CancellationToken cancellationToken)
   at System.Net.Http.HttpClient.<SendAsync>g__Core|83_0(HttpRequestMessage request, HttpCompletionOption completionOption, CancellationTokenSource cts, Boolean disposeCts, CancellationTokenSource pendingRequestsCts, CancellationToken originalCancellationToken)
   at ReportePrematch.Web.Services.Clients.ApiClient.GetAsync[T](String endpoint, CancellationToken ct) in D:\GITHUB\ReportePrematch.Web\ReportePrematch.Web\Services\Clients\ApiClient.cs:line 23
2026-08-08 15:42:51.856 -04:00 [ERR] Error GetListAgencias via API
System.Net.Http.HttpRequestException: An error occurred while sending the request.
 ---> System.IO.IOException: Unable to read data from the transport connection: Se ha forzado la interrupción de una conexión existente por el host remoto..
 ---> System.Net.Sockets.SocketException (10054): Se ha forzado la interrupción de una conexión existente por el host remoto.
   --- End of inner exception stack trace ---
   at System.Net.Sockets.Socket.AwaitableSocketAsyncEventArgs.ThrowException(SocketError error, CancellationToken cancellationToken)
   at System.Net.Sockets.Socket.AwaitableSocketAsyncEventArgs.System.Threading.Tasks.Sources.IValueTaskSource<System.Int32>.GetResult(Int16 token)
   at System.Net.Security.SslStream.EnsureFullTlsFrameAsync[TIOAdapter](CancellationToken cancellationToken, Int32 estimatedSize)
   at System.Runtime.CompilerServices.PoolingAsyncValueTaskMethodBuilder`1.StateMachineBox`1.System.Threading.Tasks.Sources.IValueTaskSource<TResult>.GetResult(Int16 token)
   at System.Net.Security.SslStream.ReadAsyncInternal[TIOAdapter](Memory`1 buffer, CancellationToken cancellationToken)
   at System.Runtime.CompilerServices.PoolingAsyncValueTaskMethodBuilder`1.StateMachineBox`1.System.Threading.Tasks.Sources.IValueTaskSource<TResult>.GetResult(Int16 token)
   at System.Net.Http.HttpConnection.InitialFillAsync(Boolean async)
   at System.Net.Http.HttpConnection.SendAsync(HttpRequestMessage request, Boolean async, CancellationToken cancellationToken)
   --- End of inner exception stack trace ---
   at System.Net.Http.HttpConnection.SendAsync(HttpRequestMessage request, Boolean async, CancellationToken cancellationToken)
   at System.Net.Http.HttpConnectionPool.SendWithVersionDetectionAndRetryAsync(HttpRequestMessage request, Boolean async, Boolean doRequestAuth, CancellationToken cancellationToken)
   at System.Net.Http.DiagnosticsHandler.SendAsyncCore(HttpRequestMessage request, Boolean async, CancellationToken cancellationToken)
   at System.Net.Http.RedirectHandler.SendAsync(HttpRequestMessage request, Boolean async, CancellationToken cancellationToken)
   at System.Net.Http.SocketsHttpHandler.<SendAsync>g__CreateHandlerAndSendAsync|115_0(HttpRequestMessage request, CancellationToken cancellationToken)
   at Microsoft.Extensions.Http.Logging.LoggingHttpMessageHandler.<SendCoreAsync>g__Core|4_0(HttpRequestMessage request, Boolean useAsync, CancellationToken cancellationToken)
   at Microsoft.Extensions.Http.Logging.LoggingScopeHttpMessageHandler.<SendCoreAsync>g__Core|4_0(HttpRequestMessage request, Boolean useAsync, CancellationToken cancellationToken)
   at System.Net.Http.HttpClient.<SendAsync>g__Core|83_0(HttpRequestMessage request, HttpCompletionOption completionOption, CancellationTokenSource cts, Boolean disposeCts, CancellationTokenSource pendingRequestsCts, CancellationToken originalCancellationToken)
   at ReportePrematch.Web.Services.Clients.ApiClient.GetAsync[T](String endpoint, CancellationToken ct) in D:\GITHUB\ReportePrematch.Web\ReportePrematch.Web\Services\Clients\ApiClient.cs:line 23
   at ReportePrematch.Web.Services.Clients.ReportesService.GetListAgenciasAsync(String agente, String pais, String role) in D:\GITHUB\ReportePrematch.Web\ReportePrematch.Web\Services\Clients\ReportesService.cs:line 191
2026-08-08 15:42:51.866 -04:00 [INF] HTTP POST /Reportes/GetListAgencias responded 200 in 13760.6776 ms
2026-08-08 15:43:01.571 -04:00 [INF] HTTP GET /Reportes/SaldosDisponibles responded 200 in 18.2188 ms
2026-08-08 15:43:05.253 -04:00 [INF] HTTP POST /Reportes/GetListAgencias responded 200 in 3501.7164 ms
2026-08-08 15:45:25.577 -04:00 [INF] HTTP GET /Reportes/SaldosDisponibles responded 200 in 8992.0897 ms
2026-08-08 15:45:29.188 -04:00 [INF] HTTP GET /favicon.ico responded 404 in 1.1073 ms
2026-08-08 15:45:29.416 -04:00 [INF] HTTP POST /Reportes/GetListAgencias responded 200 in 1593.0118 ms
2026-08-08 15:47:56.902 -04:00 [ERR] Error GET+QS api/Reportes/SaldosDisponibles
System.Threading.Tasks.TaskCanceledException: The request was canceled due to the configured HttpClient.Timeout of 120 seconds elapsing.
 ---> System.TimeoutException: The operation was canceled.
 ---> System.Threading.Tasks.TaskCanceledException: The operation was canceled.
 ---> System.IO.IOException: Unable to read data from the transport connection: La operación de E/S se anuló por una salida de subproceso o por una solicitud de aplicación..
 ---> System.Net.Sockets.SocketException (995): La operación de E/S se anuló por una salida de subproceso o por una solicitud de aplicación.
   --- End of inner exception stack trace ---
   at System.Net.Sockets.Socket.AwaitableSocketAsyncEventArgs.ThrowException(SocketError error, CancellationToken cancellationToken)
   at System.Net.Sockets.Socket.AwaitableSocketAsyncEventArgs.System.Threading.Tasks.Sources.IValueTaskSource<System.Int32>.GetResult(Int16 token)
   at System.Net.Security.SslStream.EnsureFullTlsFrameAsync[TIOAdapter](CancellationToken cancellationToken, Int32 estimatedSize)
   at System.Runtime.CompilerServices.PoolingAsyncValueTaskMethodBuilder`1.StateMachineBox`1.System.Threading.Tasks.Sources.IValueTaskSource<TResult>.GetResult(Int16 token)
   at System.Net.Security.SslStream.ReadAsyncInternal[TIOAdapter](Memory`1 buffer, CancellationToken cancellationToken)
   at System.Runtime.CompilerServices.PoolingAsyncValueTaskMethodBuilder`1.StateMachineBox`1.System.Threading.Tasks.Sources.IValueTaskSource<TResult>.GetResult(Int16 token)
   at System.Net.Http.HttpConnection.<CheckUsabilityOnScavenge>g__ReadAheadWithZeroByteReadAsync|39_0()
   at System.Net.Http.HttpConnection.SendAsync(HttpRequestMessage request, Boolean async, CancellationToken cancellationToken)
   --- End of inner exception stack trace ---
   at System.Net.Http.HttpConnection.SendAsync(HttpRequestMessage request, Boolean async, CancellationToken cancellationToken)
   at System.Net.Http.HttpConnectionPool.SendWithVersionDetectionAndRetryAsync(HttpRequestMessage request, Boolean async, Boolean doRequestAuth, CancellationToken cancellationToken)
   at System.Net.Http.DiagnosticsHandler.SendAsyncCore(HttpRequestMessage request, Boolean async, CancellationToken cancellationToken)
   at System.Net.Http.RedirectHandler.SendAsync(HttpRequestMessage request, Boolean async, CancellationToken cancellationToken)
   at Microsoft.Extensions.Http.Logging.LoggingHttpMessageHandler.<SendCoreAsync>g__Core|4_0(HttpRequestMessage request, Boolean useAsync, CancellationToken cancellationToken)
   at Microsoft.Extensions.Http.Logging.LoggingScopeHttpMessageHandler.<SendCoreAsync>g__Core|4_0(HttpRequestMessage request, Boolean useAsync, CancellationToken cancellationToken)
   at System.Net.Http.HttpClient.<SendAsync>g__Core|83_0(HttpRequestMessage request, HttpCompletionOption completionOption, CancellationTokenSource cts, Boolean disposeCts, CancellationTokenSource pendingRequestsCts, CancellationToken originalCancellationToken)
   --- End of inner exception stack trace ---
   --- End of inner exception stack trace ---
   at System.Net.Http.HttpClient.HandleFailure(Exception e, Boolean telemetryStarted, HttpResponseMessage response, CancellationTokenSource cts, CancellationToken cancellationToken, CancellationTokenSource pendingRequestsCts)
   at System.Net.Http.HttpClient.<SendAsync>g__Core|83_0(HttpRequestMessage request, HttpCompletionOption completionOption, CancellationTokenSource cts, Boolean disposeCts, CancellationTokenSource pendingRequestsCts, CancellationToken originalCancellationToken)
   at ReportePrematch.Web.Services.Clients.ApiClient.GetQueryAsync[T](String endpoint, Dictionary`2 query, CancellationToken ct) in D:\GITHUB\ReportePrematch.Web\ReportePrematch.Web\Services\Clients\ApiClient.cs:line 46
2026-08-08 15:48:43.307 -04:00 [INF] Iniciando ReportePrematch.Web...
2026-08-08 15:48:44.131 -04:00 [INF] HTTP GET / responded 200 in 204.4170 ms
2026-08-08 15:48:54.750 -04:00 [INF] Login exitoso: vlapenta [Usuario suAdmin]
2026-08-08 15:48:54.756 -04:00 [INF] HTTP POST / responded 302 in 2129.9555 ms
2026-08-08 15:48:54.846 -04:00 [INF] HTTP GET /Reportes/VentasPorAgente responded 200 in 82.7015 ms
2026-08-08 15:50:27.183 -04:00 [INF] Iniciando ReportePrematch.Web...
2026-08-08 15:50:28.451 -04:00 [INF] HTTP GET / responded 200 in 207.1443 ms
2026-08-08 15:50:46.224 -04:00 [INF] Iniciando ReportePrematch.Web...
2026-08-08 15:50:47.119 -04:00 [INF] HTTP GET / responded 200 in 209.7483 ms
2026-08-08 15:50:58.369 -04:00 [INF] Login exitoso: vlapenta [Usuario suAdmin]
2026-08-08 15:50:58.376 -04:00 [INF] HTTP POST / responded 302 in 2100.8006 ms
2026-08-08 15:50:58.466 -04:00 [INF] HTTP GET /Reportes/VentasPorAgente responded 200 in 81.7720 ms
2026-08-08 15:51:08.884 -04:00 [ERR] Error GET api/Reportes/ListaAgentes
System.Net.Http.HttpRequestException: An error occurred while sending the request.
 ---> System.IO.IOException: Unable to read data from the transport connection: Se ha forzado la interrupción de una conexión existente por el host remoto..
 ---> System.Net.Sockets.SocketException (10054): Se ha forzado la interrupción de una conexión existente por el host remoto.
   --- End of inner exception stack trace ---
   at System.Net.Sockets.Socket.AwaitableSocketAsyncEventArgs.ThrowException(SocketError error, CancellationToken cancellationToken)
   at System.Net.Sockets.Socket.AwaitableSocketAsyncEventArgs.System.Threading.Tasks.Sources.IValueTaskSource<System.Int32>.GetResult(Int16 token)
   at System.Net.Security.SslStream.EnsureFullTlsFrameAsync[TIOAdapter](CancellationToken cancellationToken, Int32 estimatedSize)
   at System.Runtime.CompilerServices.PoolingAsyncValueTaskMethodBuilder`1.StateMachineBox`1.System.Threading.Tasks.Sources.IValueTaskSource<TResult>.GetResult(Int16 token)
   at System.Net.Security.SslStream.ReadAsyncInternal[TIOAdapter](Memory`1 buffer, CancellationToken cancellationToken)
   at System.Runtime.CompilerServices.PoolingAsyncValueTaskMethodBuilder`1.StateMachineBox`1.System.Threading.Tasks.Sources.IValueTaskSource<TResult>.GetResult(Int16 token)
   at System.Net.Http.HttpConnection.InitialFillAsync(Boolean async)
   at System.Net.Http.HttpConnection.SendAsync(HttpRequestMessage request, Boolean async, CancellationToken cancellationToken)
   --- End of inner exception stack trace ---
   at System.Net.Http.HttpConnection.SendAsync(HttpRequestMessage request, Boolean async, CancellationToken cancellationToken)
   at System.Net.Http.HttpConnectionPool.SendWithVersionDetectionAndRetryAsync(HttpRequestMessage request, Boolean async, Boolean doRequestAuth, CancellationToken cancellationToken)
   at System.Net.Http.DiagnosticsHandler.SendAsyncCore(HttpRequestMessage request, Boolean async, CancellationToken cancellationToken)
   at System.Net.Http.RedirectHandler.SendAsync(HttpRequestMessage request, Boolean async, CancellationToken cancellationToken)
   at System.Net.Http.SocketsHttpHandler.<SendAsync>g__CreateHandlerAndSendAsync|115_0(HttpRequestMessage request, CancellationToken cancellationToken)
   at Microsoft.Extensions.Http.Logging.LoggingHttpMessageHandler.<SendCoreAsync>g__Core|4_0(HttpRequestMessage request, Boolean useAsync, CancellationToken cancellationToken)
   at Microsoft.Extensions.Http.Logging.LoggingScopeHttpMessageHandler.<SendCoreAsync>g__Core|4_0(HttpRequestMessage request, Boolean useAsync, CancellationToken cancellationToken)
   at System.Net.Http.HttpClient.<SendAsync>g__Core|83_0(HttpRequestMessage request, HttpCompletionOption completionOption, CancellationTokenSource cts, Boolean disposeCts, CancellationTokenSource pendingRequestsCts, CancellationToken originalCancellationToken)
   at ReportePrematch.Web.Services.Clients.ApiClient.GetAsync[T](String endpoint, CancellationToken ct) in D:\GITHUB\ReportePrematch.Web\ReportePrematch.Web\Services\Clients\ApiClient.cs:line 23
2026-08-08 15:51:08.940 -04:00 [ERR] Error GetListAgencias via API
System.Net.Http.HttpRequestException: An error occurred while sending the request.
 ---> System.IO.IOException: Unable to read data from the transport connection: Se ha forzado la interrupción de una conexión existente por el host remoto..
 ---> System.Net.Sockets.SocketException (10054): Se ha forzado la interrupción de una conexión existente por el host remoto.
   --- End of inner exception stack trace ---
   at System.Net.Sockets.Socket.AwaitableSocketAsyncEventArgs.ThrowException(SocketError error, CancellationToken cancellationToken)
   at System.Net.Sockets.Socket.AwaitableSocketAsyncEventArgs.System.Threading.Tasks.Sources.IValueTaskSource<System.Int32>.GetResult(Int16 token)
   at System.Net.Security.SslStream.EnsureFullTlsFrameAsync[TIOAdapter](CancellationToken cancellationToken, Int32 estimatedSize)
   at System.Runtime.CompilerServices.PoolingAsyncValueTaskMethodBuilder`1.StateMachineBox`1.System.Threading.Tasks.Sources.IValueTaskSource<TResult>.GetResult(Int16 token)
   at System.Net.Security.SslStream.ReadAsyncInternal[TIOAdapter](Memory`1 buffer, CancellationToken cancellationToken)
   at System.Runtime.CompilerServices.PoolingAsyncValueTaskMethodBuilder`1.StateMachineBox`1.System.Threading.Tasks.Sources.IValueTaskSource<TResult>.GetResult(Int16 token)
   at System.Net.Http.HttpConnection.InitialFillAsync(Boolean async)
   at System.Net.Http.HttpConnection.SendAsync(HttpRequestMessage request, Boolean async, CancellationToken cancellationToken)
   --- End of inner exception stack trace ---
   at System.Net.Http.HttpConnection.SendAsync(HttpRequestMessage request, Boolean async, CancellationToken cancellationToken)
   at System.Net.Http.HttpConnectionPool.SendWithVersionDetectionAndRetryAsync(HttpRequestMessage request, Boolean async, Boolean doRequestAuth, CancellationToken cancellationToken)
   at System.Net.Http.DiagnosticsHandler.SendAsyncCore(HttpRequestMessage request, Boolean async, CancellationToken cancellationToken)
   at System.Net.Http.RedirectHandler.SendAsync(HttpRequestMessage request, Boolean async, CancellationToken cancellationToken)
   at System.Net.Http.SocketsHttpHandler.<SendAsync>g__CreateHandlerAndSendAsync|115_0(HttpRequestMessage request, CancellationToken cancellationToken)
   at Microsoft.Extensions.Http.Logging.LoggingHttpMessageHandler.<SendCoreAsync>g__Core|4_0(HttpRequestMessage request, Boolean useAsync, CancellationToken cancellationToken)
   at Microsoft.Extensions.Http.Logging.LoggingScopeHttpMessageHandler.<SendCoreAsync>g__Core|4_0(HttpRequestMessage request, Boolean useAsync, CancellationToken cancellationToken)
   at System.Net.Http.HttpClient.<SendAsync>g__Core|83_0(HttpRequestMessage request, HttpCompletionOption completionOption, CancellationTokenSource cts, Boolean disposeCts, CancellationTokenSource pendingRequestsCts, CancellationToken originalCancellationToken)
   at ReportePrematch.Web.Services.Clients.ApiClient.GetAsync[T](String endpoint, CancellationToken ct) in D:\GITHUB\ReportePrematch.Web\ReportePrematch.Web\Services\Clients\ApiClient.cs:line 23
   at ReportePrematch.Web.Services.Clients.ReportesService.GetListAgenciasAsync(String agente, String pais, String role) in D:\GITHUB\ReportePrematch.Web\ReportePrematch.Web\Services\Clients\ReportesService.cs:line 191
2026-08-08 15:51:08.953 -04:00 [INF] HTTP POST /Reportes/GetListAgencias responded 200 in 10307.4854 ms
2026-08-08 15:51:23.584 -04:00 [INF] HTTP GET /Reportes/SaldosDisponibles responded 200 in 21.1541 ms
2026-08-08 15:51:27.835 -04:00 [ERR] Error GET api/Reportes/ListaAgentes
System.Net.Http.HttpRequestException: No se puede establecer una conexión ya que el equipo de destino denegó expresamente dicha conexión. (localhost:44322)
 ---> System.Net.Sockets.SocketException (10061): No se puede establecer una conexión ya que el equipo de destino denegó expresamente dicha conexión.
   at System.Net.Sockets.Socket.AwaitableSocketAsyncEventArgs.ThrowException(SocketError error, CancellationToken cancellationToken)
   at System.Net.Sockets.Socket.AwaitableSocketAsyncEventArgs.System.Threading.Tasks.Sources.IValueTaskSource.GetResult(Int16 token)
   at System.Net.Http.HttpConnectionPool.ConnectToTcpHostAsync(String host, Int32 port, HttpRequestMessage initialRequest, Boolean async, CancellationToken cancellationToken)
   --- End of inner exception stack trace ---
   at System.Net.Http.HttpConnectionPool.ConnectToTcpHostAsync(String host, Int32 port, HttpRequestMessage initialRequest, Boolean async, CancellationToken cancellationToken)
   at System.Net.Http.HttpConnectionPool.ConnectAsync(HttpRequestMessage request, Boolean async, CancellationToken cancellationToken)
   at System.Net.Http.HttpConnectionPool.CreateHttp11ConnectionAsync(HttpRequestMessage request, Boolean async, CancellationToken cancellationToken)
   at System.Net.Http.HttpConnectionPool.InjectNewHttp11ConnectionAsync(QueueItem queueItem)
   at System.Threading.Tasks.TaskCompletionSourceWithCancellation`1.WaitWithCancellationAsync(CancellationToken cancellationToken)
   at System.Net.Http.HttpConnectionWaiter`1.WaitForConnectionWithTelemetryAsync(HttpRequestMessage request, HttpConnectionPool pool, Boolean async, CancellationToken requestCancellationToken)
   at System.Net.Http.HttpConnectionPool.SendWithVersionDetectionAndRetryAsync(HttpRequestMessage request, Boolean async, Boolean doRequestAuth, CancellationToken cancellationToken)
   at System.Net.Http.DiagnosticsHandler.SendAsyncCore(HttpRequestMessage request, Boolean async, CancellationToken cancellationToken)
   at System.Net.Http.RedirectHandler.SendAsync(HttpRequestMessage request, Boolean async, CancellationToken cancellationToken)
   at Microsoft.Extensions.Http.Logging.LoggingHttpMessageHandler.<SendCoreAsync>g__Core|4_0(HttpRequestMessage request, Boolean useAsync, CancellationToken cancellationToken)
   at Microsoft.Extensions.Http.Logging.LoggingScopeHttpMessageHandler.<SendCoreAsync>g__Core|4_0(HttpRequestMessage request, Boolean useAsync, CancellationToken cancellationToken)
   at System.Net.Http.HttpClient.<SendAsync>g__Core|83_0(HttpRequestMessage request, HttpCompletionOption completionOption, CancellationTokenSource cts, Boolean disposeCts, CancellationTokenSource pendingRequestsCts, CancellationToken originalCancellationToken)
   at ReportePrematch.Web.Services.Clients.ApiClient.GetAsync[T](String endpoint, CancellationToken ct) in D:\GITHUB\ReportePrematch.Web\ReportePrematch.Web\Services\Clients\ApiClient.cs:line 23
2026-08-08 15:51:27.870 -04:00 [ERR] Error GetListAgencias via API
System.Net.Http.HttpRequestException: No se puede establecer una conexión ya que el equipo de destino denegó expresamente dicha conexión. (localhost:44322)
 ---> System.Net.Sockets.SocketException (10061): No se puede establecer una conexión ya que el equipo de destino denegó expresamente dicha conexión.
   at System.Net.Sockets.Socket.AwaitableSocketAsyncEventArgs.ThrowException(SocketError error, CancellationToken cancellationToken)
   at System.Net.Sockets.Socket.AwaitableSocketAsyncEventArgs.System.Threading.Tasks.Sources.IValueTaskSource.GetResult(Int16 token)
   at System.Net.Http.HttpConnectionPool.ConnectToTcpHostAsync(String host, Int32 port, HttpRequestMessage initialRequest, Boolean async, CancellationToken cancellationToken)
   --- End of inner exception stack trace ---
   at System.Net.Http.HttpConnectionPool.ConnectToTcpHostAsync(String host, Int32 port, HttpRequestMessage initialRequest, Boolean async, CancellationToken cancellationToken)
   at System.Net.Http.HttpConnectionPool.ConnectAsync(HttpRequestMessage request, Boolean async, CancellationToken cancellationToken)
   at System.Net.Http.HttpConnectionPool.CreateHttp11ConnectionAsync(HttpRequestMessage request, Boolean async, CancellationToken cancellationToken)
   at System.Net.Http.HttpConnectionPool.InjectNewHttp11ConnectionAsync(QueueItem queueItem)
   at System.Threading.Tasks.TaskCompletionSourceWithCancellation`1.WaitWithCancellationAsync(CancellationToken cancellationToken)
   at System.Net.Http.HttpConnectionWaiter`1.WaitForConnectionWithTelemetryAsync(HttpRequestMessage request, HttpConnectionPool pool, Boolean async, CancellationToken requestCancellationToken)
   at System.Net.Http.HttpConnectionPool.SendWithVersionDetectionAndRetryAsync(HttpRequestMessage request, Boolean async, Boolean doRequestAuth, CancellationToken cancellationToken)
   at System.Net.Http.DiagnosticsHandler.SendAsyncCore(HttpRequestMessage request, Boolean async, CancellationToken cancellationToken)
   at System.Net.Http.RedirectHandler.SendAsync(HttpRequestMessage request, Boolean async, CancellationToken cancellationToken)
   at Microsoft.Extensions.Http.Logging.LoggingHttpMessageHandler.<SendCoreAsync>g__Core|4_0(HttpRequestMessage request, Boolean useAsync, CancellationToken cancellationToken)
   at Microsoft.Extensions.Http.Logging.LoggingScopeHttpMessageHandler.<SendCoreAsync>g__Core|4_0(HttpRequestMessage request, Boolean useAsync, CancellationToken cancellationToken)
   at System.Net.Http.HttpClient.<SendAsync>g__Core|83_0(HttpRequestMessage request, HttpCompletionOption completionOption, CancellationTokenSource cts, Boolean disposeCts, CancellationTokenSource pendingRequestsCts, CancellationToken originalCancellationToken)
   at ReportePrematch.Web.Services.Clients.ApiClient.GetAsync[T](String endpoint, CancellationToken ct) in D:\GITHUB\ReportePrematch.Web\ReportePrematch.Web\Services\Clients\ApiClient.cs:line 23
   at ReportePrematch.Web.Services.Clients.ReportesService.GetListAgenciasAsync(String agente, String pais, String role) in D:\GITHUB\ReportePrematch.Web\ReportePrematch.Web\Services\Clients\ReportesService.cs:line 191
2026-08-08 15:51:27.879 -04:00 [INF] HTTP POST /Reportes/GetListAgencias responded 200 in 4179.9640 ms
2026-08-08 15:52:10.587 -04:00 [INF] HTTP GET /Reportes/SaldosDisponibles responded 200 in 5.2681 ms
2026-08-08 15:52:13.557 -04:00 [INF] HTTP GET /favicon.ico responded 404 in 0.6176 ms
2026-08-08 15:52:16.340 -04:00 [ERR] Error GET api/Reportes/ListaAgentes
System.Net.Http.HttpRequestException: No se puede establecer una conexión ya que el equipo de destino denegó expresamente dicha conexión. (localhost:44322)
 ---> System.Net.Sockets.SocketException (10061): No se puede establecer una conexión ya que el equipo de destino denegó expresamente dicha conexión.
   at System.Net.Sockets.Socket.AwaitableSocketAsyncEventArgs.ThrowException(SocketError error, CancellationToken cancellationToken)
   at System.Net.Sockets.Socket.AwaitableSocketAsyncEventArgs.System.Threading.Tasks.Sources.IValueTaskSource.GetResult(Int16 token)
   at System.Net.Http.HttpConnectionPool.ConnectToTcpHostAsync(String host, Int32 port, HttpRequestMessage initialRequest, Boolean async, CancellationToken cancellationToken)
   --- End of inner exception stack trace ---
   at System.Net.Http.HttpConnectionPool.ConnectToTcpHostAsync(String host, Int32 port, HttpRequestMessage initialRequest, Boolean async, CancellationToken cancellationToken)
   at System.Net.Http.HttpConnectionPool.ConnectAsync(HttpRequestMessage request, Boolean async, CancellationToken cancellationToken)
   at System.Net.Http.HttpConnectionPool.CreateHttp11ConnectionAsync(HttpRequestMessage request, Boolean async, CancellationToken cancellationToken)
   at System.Net.Http.HttpConnectionPool.InjectNewHttp11ConnectionAsync(QueueItem queueItem)
   at System.Threading.Tasks.TaskCompletionSourceWithCancellation`1.WaitWithCancellationAsync(CancellationToken cancellationToken)
   at System.Net.Http.HttpConnectionWaiter`1.WaitForConnectionWithTelemetryAsync(HttpRequestMessage request, HttpConnectionPool pool, Boolean async, CancellationToken requestCancellationToken)
   at System.Net.Http.HttpConnectionPool.SendWithVersionDetectionAndRetryAsync(HttpRequestMessage request, Boolean async, Boolean doRequestAuth, CancellationToken cancellationToken)
   at System.Net.Http.DiagnosticsHandler.SendAsyncCore(HttpRequestMessage request, Boolean async, CancellationToken cancellationToken)
   at System.Net.Http.RedirectHandler.SendAsync(HttpRequestMessage request, Boolean async, CancellationToken cancellationToken)
   at Microsoft.Extensions.Http.Logging.LoggingHttpMessageHandler.<SendCoreAsync>g__Core|4_0(HttpRequestMessage request, Boolean useAsync, CancellationToken cancellationToken)
   at Microsoft.Extensions.Http.Logging.LoggingScopeHttpMessageHandler.<SendCoreAsync>g__Core|4_0(HttpRequestMessage request, Boolean useAsync, CancellationToken cancellationToken)
   at System.Net.Http.HttpClient.<SendAsync>g__Core|83_0(HttpRequestMessage request, HttpCompletionOption completionOption, CancellationTokenSource cts, Boolean disposeCts, CancellationTokenSource pendingRequestsCts, CancellationToken originalCancellationToken)
   at ReportePrematch.Web.Services.Clients.ApiClient.GetAsync[T](String endpoint, CancellationToken ct) in D:\GITHUB\ReportePrematch.Web\ReportePrematch.Web\Services\Clients\ApiClient.cs:line 23
2026-08-08 15:52:16.376 -04:00 [ERR] Error GetListAgencias via API
System.Net.Http.HttpRequestException: No se puede establecer una conexión ya que el equipo de destino denegó expresamente dicha conexión. (localhost:44322)
 ---> System.Net.Sockets.SocketException (10061): No se puede establecer una conexión ya que el equipo de destino denegó expresamente dicha conexión.
   at System.Net.Sockets.Socket.AwaitableSocketAsyncEventArgs.ThrowException(SocketError error, CancellationToken cancellationToken)
   at System.Net.Sockets.Socket.AwaitableSocketAsyncEventArgs.System.Threading.Tasks.Sources.IValueTaskSource.GetResult(Int16 token)
   at System.Net.Http.HttpConnectionPool.ConnectToTcpHostAsync(String host, Int32 port, HttpRequestMessage initialRequest, Boolean async, CancellationToken cancellationToken)
   --- End of inner exception stack trace ---
   at System.Net.Http.HttpConnectionPool.ConnectToTcpHostAsync(String host, Int32 port, HttpRequestMessage initialRequest, Boolean async, CancellationToken cancellationToken)
   at System.Net.Http.HttpConnectionPool.ConnectAsync(HttpRequestMessage request, Boolean async, CancellationToken cancellationToken)
   at System.Net.Http.HttpConnectionPool.CreateHttp11ConnectionAsync(HttpRequestMessage request, Boolean async, CancellationToken cancellationToken)
   at System.Net.Http.HttpConnectionPool.InjectNewHttp11ConnectionAsync(QueueItem queueItem)
   at System.Threading.Tasks.TaskCompletionSourceWithCancellation`1.WaitWithCancellationAsync(CancellationToken cancellationToken)
   at System.Net.Http.HttpConnectionWaiter`1.WaitForConnectionWithTelemetryAsync(HttpRequestMessage request, HttpConnectionPool pool, Boolean async, CancellationToken requestCancellationToken)
   at System.Net.Http.HttpConnectionPool.SendWithVersionDetectionAndRetryAsync(HttpRequestMessage request, Boolean async, Boolean doRequestAuth, CancellationToken cancellationToken)
   at System.Net.Http.DiagnosticsHandler.SendAsyncCore(HttpRequestMessage request, Boolean async, CancellationToken cancellationToken)
   at System.Net.Http.RedirectHandler.SendAsync(HttpRequestMessage request, Boolean async, CancellationToken cancellationToken)
   at Microsoft.Extensions.Http.Logging.LoggingHttpMessageHandler.<SendCoreAsync>g__Core|4_0(HttpRequestMessage request, Boolean useAsync, CancellationToken cancellationToken)
   at Microsoft.Extensions.Http.Logging.LoggingScopeHttpMessageHandler.<SendCoreAsync>g__Core|4_0(HttpRequestMessage request, Boolean useAsync, CancellationToken cancellationToken)
   at System.Net.Http.HttpClient.<SendAsync>g__Core|83_0(HttpRequestMessage request, HttpCompletionOption completionOption, CancellationTokenSource cts, Boolean disposeCts, CancellationTokenSource pendingRequestsCts, CancellationToken originalCancellationToken)
   at ReportePrematch.Web.Services.Clients.ApiClient.GetAsync[T](String endpoint, CancellationToken ct) in D:\GITHUB\ReportePrematch.Web\ReportePrematch.Web\Services\Clients\ApiClient.cs:line 23
   at ReportePrematch.Web.Services.Clients.ReportesService.GetListAgenciasAsync(String agente, String pais, String role) in D:\GITHUB\ReportePrematch.Web\ReportePrematch.Web\Services\Clients\ReportesService.cs:line 191
2026-08-08 15:52:16.385 -04:00 [INF] HTTP POST /Reportes/GetListAgencias responded 200 in 4148.5219 ms
2026-08-08 15:52:36.235 -04:00 [INF] HTTP GET /Reportes/SaldosDisponibles responded 200 in 1.4886 ms
2026-08-08 15:52:39.137 -04:00 [INF] HTTP GET /favicon.ico responded 404 in 0.1540 ms
2026-08-08 15:52:40.318 -04:00 [INF] HTTP POST /Reportes/GetListAgencias responded 200 in 3228.3439 ms
2026-08-08 15:52:48.986 -04:00 [INF] HTTP POST /Reportes/GetSaldosDisponibles responded 200 in 1763.8941 ms
2026-08-08 15:54:15.147 -04:00 [INF] HTTP GET /Reportes/SaldosDisponibles responded 200 in 8903.7820 ms
2026-08-08 15:54:16.771 -04:00 [INF] HTTP GET /favicon.ico responded 404 in 0.1289 ms
2026-08-08 15:54:17.547 -04:00 [INF] HTTP POST /Reportes/GetListAgencias responded 200 in 1604.0926 ms
2026-08-08 15:54:31.317 -04:00 [INF] HTTP POST /Reportes/GetSaldosDisponibles responded 200 in 1618.9384 ms
2026-08-08 15:55:20.193 -04:00 [INF] HTTP GET /Reportes/SaldosDisponibles responded 200 in 350.8166 ms
2026-08-08 15:55:21.807 -04:00 [INF] HTTP GET /favicon.ico responded 404 in 0.1467 ms
2026-08-08 15:55:22.523 -04:00 [INF] HTTP POST /Reportes/GetListAgencias responded 200 in 1532.4209 ms
2026-08-08 15:55:28.986 -04:00 [INF] HTTP POST /Reportes/GetSaldosDisponibles responded 200 in 1588.0965 ms
2026-08-08 15:55:31.282 -04:00 [INF] HTTP GET /Reportes/RepTransaccion responded 200 in 18.8783 ms
2026-08-08 15:55:32.946 -04:00 [INF] HTTP POST /Reportes/GetListAgencias responded 200 in 1496.7062 ms
2026-08-08 15:59:03.082 -04:00 [INF] HTTP GET /Reportes/RepTransaccion responded 200 in 1.1000 ms
2026-08-08 15:59:06.334 -04:00 [INF] HTTP POST /Reportes/GetListAgencias responded 200 in 3176.3882 ms
2026-08-08 15:59:30.436 -04:00 [INF] HTTP GET /Reportes/SaldosDisponibles responded 200 in 2.1727 ms
2026-08-08 15:59:32.131 -04:00 [INF] HTTP POST /Reportes/GetListAgencias responded 200 in 1529.5683 ms
2026-08-08 15:59:49.669 -04:00 [INF] HTTP POST /Reportes/GetSaldosDisponibles responded 200 in 1600.0306 ms
2026-08-08 16:01:12.342 -04:00 [INF] HTTP GET /Reportes/RepTransaccion responded 200 in 730.0870 ms
2026-08-08 16:01:13.969 -04:00 [INF] HTTP POST /Reportes/GetListAgencias responded 200 in 1526.4330 ms
2026-08-08 16:01:32.996 -04:00 [INF] HTTP GET /Reportes/RepTransaccion responded 200 in 1.3872 ms
2026-08-08 16:01:34.521 -04:00 [INF] HTTP GET /favicon.ico responded 404 in 0.1058 ms
2026-08-08 16:01:35.224 -04:00 [INF] HTTP POST /Reportes/GetListAgencias responded 200 in 1527.6598 ms
2026-08-08 16:01:39.621 -04:00 [INF] HTTP GET /Reportes/ReporteTransaccion responded 200 in 21.3581 ms
2026-08-08 16:01:41.259 -04:00 [INF] HTTP POST /Reportes/GetListAgencias responded 200 in 1513.6207 ms
2026-08-08 16:02:31.193 -04:00 [INF] Iniciando ReportePrematch.Web...
2026-08-08 16:02:32.535 -04:00 [INF] HTTP GET / responded 200 in 234.5051 ms
2026-08-08 16:02:42.678 -04:00 [INF] Login exitoso: vlapenta [Usuario suAdmin]
2026-08-08 16:02:42.686 -04:00 [INF] HTTP POST / responded 302 in 1931.7255 ms
2026-08-08 16:02:42.771 -04:00 [INF] HTTP GET /Reportes/VentasPorAgente responded 200 in 77.6280 ms
2026-08-08 16:02:44.576 -04:00 [INF] HTTP POST /Reportes/GetListAgencias responded 200 in 1620.0494 ms
2026-08-08 16:02:47.054 -04:00 [INF] HTTP GET /Reportes/ReporteTransaccion responded 200 in 18.4561 ms
2026-08-08 16:02:48.729 -04:00 [INF] HTTP POST /Reportes/GetListAgencias responded 200 in 1587.5554 ms
2026-08-08 16:03:12.836 -04:00 [INF] HTTP GET /Reportes/PromoTicket responded 200 in 16.5107 ms
2026-08-08 16:03:14.539 -04:00 [INF] HTTP POST /Reportes/GetListAgencias responded 200 in 1561.1156 ms
2026-08-08 16:08:54.480 -04:00 [INF] HTTP GET /Reportes/PromoTicket responded 200 in 9151.7326 ms
2026-08-08 16:08:56.916 -04:00 [INF] HTTP GET /favicon.ico responded 404 in 0.6767 ms
2026-08-08 16:08:59.166 -04:00 [INF] HTTP POST /Reportes/GetListAgencias responded 200 in 3049.6282 ms
2026-08-08 16:10:22.121 -04:00 [INF] HTTP GET /Reportes/PromoTicket responded 200 in 435.9211 ms
2026-08-08 16:10:23.517 -04:00 [INF] HTTP GET /favicon.ico responded 404 in 0.2874 ms
2026-08-08 16:10:24.282 -04:00 [INF] HTTP POST /Reportes/GetListAgencias responded 200 in 1530.0440 ms
2026-08-08 16:10:27.219 -04:00 [INF] HTTP GET /Reportes/ClienteReg responded 200 in 17.5814 ms
2026-08-08 16:10:28.834 -04:00 [INF] HTTP POST /Reportes/GetListAgencias responded 200 in 1525.4424 ms
2026-08-08 16:10:43.215 -04:00 [INF] HTTP POST /Reportes/GetClientesReg responded 404 in 0.2255 ms
2026-08-08 16:14:38.851 -04:00 [INF] HTTP GET /Reportes/ClienteReg responded 200 in 1.8392 ms
2026-08-08 16:14:40.548 -04:00 [INF] HTTP POST /Reportes/GetListAgencias responded 200 in 1531.9487 ms
2026-08-08 16:15:30.321 -04:00 [INF] HTTP GET /Reportes/TicketsEnJuego responded 200 in 525.0079 ms
2026-08-08 16:15:31.913 -04:00 [INF] HTTP POST /Reportes/GetListAgencias responded 200 in 1493.1325 ms
2026-08-08 16:15:36.182 -04:00 [INF] HTTP GET /Reportes/TicketsEnJuego responded 200 in 1.3416 ms
2026-08-08 16:15:37.816 -04:00 [INF] HTTP GET /favicon.ico responded 404 in 0.1268 ms
2026-08-08 16:15:38.503 -04:00 [INF] HTTP POST /Reportes/GetListAgencias responded 200 in 1520.6127 ms
2026-08-08 16:15:45.356 -04:00 [INF] HTTP GET /Home/Dashboard responded 200 in 23.5891 ms
2026-08-08 16:17:45.626 -04:00 [ERR] Error GET+QS api/Reportes/VentasPorAgenteTaq
System.Threading.Tasks.TaskCanceledException: The request was canceled due to the configured HttpClient.Timeout of 120 seconds elapsing.
 ---> System.TimeoutException: The operation was canceled.
 ---> System.Threading.Tasks.TaskCanceledException: The operation was canceled.
 ---> System.IO.IOException: Unable to read data from the transport connection: La operación de E/S se anuló por una salida de subproceso o por una solicitud de aplicación..
 ---> System.Net.Sockets.SocketException (995): La operación de E/S se anuló por una salida de subproceso o por una solicitud de aplicación.
   --- End of inner exception stack trace ---
   at System.Net.Sockets.Socket.AwaitableSocketAsyncEventArgs.ThrowException(SocketError error, CancellationToken cancellationToken)
   at System.Net.Sockets.Socket.AwaitableSocketAsyncEventArgs.System.Threading.Tasks.Sources.IValueTaskSource<System.Int32>.GetResult(Int16 token)
   at System.Net.Security.SslStream.EnsureFullTlsFrameAsync[TIOAdapter](CancellationToken cancellationToken, Int32 estimatedSize)
   at System.Runtime.CompilerServices.PoolingAsyncValueTaskMethodBuilder`1.StateMachineBox`1.System.Threading.Tasks.Sources.IValueTaskSource<TResult>.GetResult(Int16 token)
   at System.Net.Security.SslStream.ReadAsyncInternal[TIOAdapter](Memory`1 buffer, CancellationToken cancellationToken)
   at System.Runtime.CompilerServices.PoolingAsyncValueTaskMethodBuilder`1.StateMachineBox`1.System.Threading.Tasks.Sources.IValueTaskSource<TResult>.GetResult(Int16 token)
   at System.Net.Http.HttpConnection.InitialFillAsync(Boolean async)
   at System.Net.Http.HttpConnection.SendAsync(HttpRequestMessage request, Boolean async, CancellationToken cancellationToken)
   --- End of inner exception stack trace ---
   at System.Net.Http.HttpConnection.SendAsync(HttpRequestMessage request, Boolean async, CancellationToken cancellationToken)
   at System.Net.Http.HttpConnectionPool.SendWithVersionDetectionAndRetryAsync(HttpRequestMessage request, Boolean async, Boolean doRequestAuth, CancellationToken cancellationToken)
   at System.Net.Http.DiagnosticsHandler.SendAsyncCore(HttpRequestMessage request, Boolean async, CancellationToken cancellationToken)
   at System.Net.Http.RedirectHandler.SendAsync(HttpRequestMessage request, Boolean async, CancellationToken cancellationToken)
   at Microsoft.Extensions.Http.Logging.LoggingHttpMessageHandler.<SendCoreAsync>g__Core|4_0(HttpRequestMessage request, Boolean useAsync, CancellationToken cancellationToken)
   at Microsoft.Extensions.Http.Logging.LoggingScopeHttpMessageHandler.<SendCoreAsync>g__Core|4_0(HttpRequestMessage request, Boolean useAsync, CancellationToken cancellationToken)
   at System.Net.Http.HttpClient.<SendAsync>g__Core|83_0(HttpRequestMessage request, HttpCompletionOption completionOption, CancellationTokenSource cts, Boolean disposeCts, CancellationTokenSource pendingRequestsCts, CancellationToken originalCancellationToken)
   --- End of inner exception stack trace ---
   --- End of inner exception stack trace ---
   at System.Net.Http.HttpClient.HandleFailure(Exception e, Boolean telemetryStarted, HttpResponseMessage response, CancellationTokenSource cts, CancellationToken cancellationToken, CancellationTokenSource pendingRequestsCts)
   at System.Net.Http.HttpClient.<SendAsync>g__Core|83_0(HttpRequestMessage request, HttpCompletionOption completionOption, CancellationTokenSource cts, Boolean disposeCts, CancellationTokenSource pendingRequestsCts, CancellationToken originalCancellationToken)
   at ReportePrematch.Web.Services.Clients.ApiClient.GetQueryAsync[T](String endpoint, Dictionary`2 query, CancellationToken ct) in D:\GITHUB\ReportePrematch.Web\ReportePrematch.Web\Services\Clients\ApiClient.cs:line 46
2026-08-08 16:20:04.668 -04:00 [INF] Iniciando ReportePrematch.Web...
2026-08-08 16:20:05.971 -04:00 [INF] HTTP GET / responded 200 in 206.4171 ms
2026-08-08 16:20:19.225 -04:00 [INF] Login exitoso: vlapenta [Usuario suAdmin]
2026-08-08 16:20:19.232 -04:00 [INF] HTTP POST / responded 302 in 2115.4480 ms
2026-08-08 16:20:19.323 -04:00 [INF] HTTP GET /Reportes/VentasPorAgente responded 200 in 83.1311 ms
2026-08-08 16:21:04.024 -04:00 [ERR] Error GET api/Reportes/ListaAgentes
System.Net.Http.HttpRequestException: An error occurred while sending the request.
 ---> System.IO.IOException: Unable to read data from the transport connection: Se ha forzado la interrupción de una conexión existente por el host remoto..
 ---> System.Net.Sockets.SocketException (10054): Se ha forzado la interrupción de una conexión existente por el host remoto.
   --- End of inner exception stack trace ---
   at System.Net.Sockets.Socket.AwaitableSocketAsyncEventArgs.ThrowException(SocketError error, CancellationToken cancellationToken)
   at System.Net.Sockets.Socket.AwaitableSocketAsyncEventArgs.System.Threading.Tasks.Sources.IValueTaskSource<System.Int32>.GetResult(Int16 token)
   at System.Net.Security.SslStream.EnsureFullTlsFrameAsync[TIOAdapter](CancellationToken cancellationToken, Int32 estimatedSize)
   at System.Runtime.CompilerServices.PoolingAsyncValueTaskMethodBuilder`1.StateMachineBox`1.System.Threading.Tasks.Sources.IValueTaskSource<TResult>.GetResult(Int16 token)
   at System.Net.Security.SslStream.ReadAsyncInternal[TIOAdapter](Memory`1 buffer, CancellationToken cancellationToken)
   at System.Runtime.CompilerServices.PoolingAsyncValueTaskMethodBuilder`1.StateMachineBox`1.System.Threading.Tasks.Sources.IValueTaskSource<TResult>.GetResult(Int16 token)
   at System.Net.Http.HttpConnection.InitialFillAsync(Boolean async)
   at System.Net.Http.HttpConnection.SendAsync(HttpRequestMessage request, Boolean async, CancellationToken cancellationToken)
   --- End of inner exception stack trace ---
   at System.Net.Http.HttpConnection.SendAsync(HttpRequestMessage request, Boolean async, CancellationToken cancellationToken)
   at System.Net.Http.HttpConnectionPool.SendWithVersionDetectionAndRetryAsync(HttpRequestMessage request, Boolean async, Boolean doRequestAuth, CancellationToken cancellationToken)
   at System.Net.Http.DiagnosticsHandler.SendAsyncCore(HttpRequestMessage request, Boolean async, CancellationToken cancellationToken)
   at System.Net.Http.RedirectHandler.SendAsync(HttpRequestMessage request, Boolean async, CancellationToken cancellationToken)
   at System.Net.Http.SocketsHttpHandler.<SendAsync>g__CreateHandlerAndSendAsync|115_0(HttpRequestMessage request, CancellationToken cancellationToken)
   at Microsoft.Extensions.Http.Logging.LoggingHttpMessageHandler.<SendCoreAsync>g__Core|4_0(HttpRequestMessage request, Boolean useAsync, CancellationToken cancellationToken)
   at Microsoft.Extensions.Http.Logging.LoggingScopeHttpMessageHandler.<SendCoreAsync>g__Core|4_0(HttpRequestMessage request, Boolean useAsync, CancellationToken cancellationToken)
   at System.Net.Http.HttpClient.<SendAsync>g__Core|83_0(HttpRequestMessage request, HttpCompletionOption completionOption, CancellationTokenSource cts, Boolean disposeCts, CancellationTokenSource pendingRequestsCts, CancellationToken originalCancellationToken)
   at ReportePrematch.Web.Services.Clients.ApiClient.GetAsync[T](String endpoint, CancellationToken ct) in D:\GITHUB\ReportePrematch.Web\ReportePrematch.Web\Services\Clients\ApiClient.cs:line 23
2026-08-08 16:21:04.079 -04:00 [ERR] Error GetListAgencias via API
System.Net.Http.HttpRequestException: An error occurred while sending the request.
 ---> System.IO.IOException: Unable to read data from the transport connection: Se ha forzado la interrupción de una conexión existente por el host remoto..
 ---> System.Net.Sockets.SocketException (10054): Se ha forzado la interrupción de una conexión existente por el host remoto.
   --- End of inner exception stack trace ---
   at System.Net.Sockets.Socket.AwaitableSocketAsyncEventArgs.ThrowException(SocketError error, CancellationToken cancellationToken)
   at System.Net.Sockets.Socket.AwaitableSocketAsyncEventArgs.System.Threading.Tasks.Sources.IValueTaskSource<System.Int32>.GetResult(Int16 token)
   at System.Net.Security.SslStream.EnsureFullTlsFrameAsync[TIOAdapter](CancellationToken cancellationToken, Int32 estimatedSize)
   at System.Runtime.CompilerServices.PoolingAsyncValueTaskMethodBuilder`1.StateMachineBox`1.System.Threading.Tasks.Sources.IValueTaskSource<TResult>.GetResult(Int16 token)
   at System.Net.Security.SslStream.ReadAsyncInternal[TIOAdapter](Memory`1 buffer, CancellationToken cancellationToken)
   at System.Runtime.CompilerServices.PoolingAsyncValueTaskMethodBuilder`1.StateMachineBox`1.System.Threading.Tasks.Sources.IValueTaskSource<TResult>.GetResult(Int16 token)
   at System.Net.Http.HttpConnection.InitialFillAsync(Boolean async)
   at System.Net.Http.HttpConnection.SendAsync(HttpRequestMessage request, Boolean async, CancellationToken cancellationToken)
   --- End of inner exception stack trace ---
   at System.Net.Http.HttpConnection.SendAsync(HttpRequestMessage request, Boolean async, CancellationToken cancellationToken)
   at System.Net.Http.HttpConnectionPool.SendWithVersionDetectionAndRetryAsync(HttpRequestMessage request, Boolean async, Boolean doRequestAuth, CancellationToken cancellationToken)
   at System.Net.Http.DiagnosticsHandler.SendAsyncCore(HttpRequestMessage request, Boolean async, CancellationToken cancellationToken)
   at System.Net.Http.RedirectHandler.SendAsync(HttpRequestMessage request, Boolean async, CancellationToken cancellationToken)
   at System.Net.Http.SocketsHttpHandler.<SendAsync>g__CreateHandlerAndSendAsync|115_0(HttpRequestMessage request, CancellationToken cancellationToken)
   at Microsoft.Extensions.Http.Logging.LoggingHttpMessageHandler.<SendCoreAsync>g__Core|4_0(HttpRequestMessage request, Boolean useAsync, CancellationToken cancellationToken)
   at Microsoft.Extensions.Http.Logging.LoggingScopeHttpMessageHandler.<SendCoreAsync>g__Core|4_0(HttpRequestMessage request, Boolean useAsync, CancellationToken cancellationToken)
   at System.Net.Http.HttpClient.<SendAsync>g__Core|83_0(HttpRequestMessage request, HttpCompletionOption completionOption, CancellationTokenSource cts, Boolean disposeCts, CancellationTokenSource pendingRequestsCts, CancellationToken originalCancellationToken)
   at ReportePrematch.Web.Services.Clients.ApiClient.GetAsync[T](String endpoint, CancellationToken ct) in D:\GITHUB\ReportePrematch.Web\ReportePrematch.Web\Services\Clients\ApiClient.cs:line 23
   at ReportePrematch.Web.Services.Clients.ReportesService.GetListAgenciasAsync(String agente, String pais, String role) in D:\GITHUB\ReportePrematch.Web\ReportePrematch.Web\Services\Clients\ReportesService.cs:line 191
2026-08-08 16:21:04.088 -04:00 [INF] HTTP POST /Reportes/GetListAgencias responded 200 in 44586.1777 ms
2026-08-08 16:21:18.982 -04:00 [INF] HTTP GET /Home/Dashboard responded 200 in 35.4552 ms
2026-08-08 16:23:19.150 -04:00 [ERR] Error GET+QS api/Reportes/VentasPorAgenteTaq
System.Threading.Tasks.TaskCanceledException: The request was canceled due to the configured HttpClient.Timeout of 120 seconds elapsing.
 ---> System.TimeoutException: The operation was canceled.
 ---> System.Threading.Tasks.TaskCanceledException: The operation was canceled.
 ---> System.IO.IOException: Unable to read data from the transport connection: La operación de E/S se anuló por una salida de subproceso o por una solicitud de aplicación..
 ---> System.Net.Sockets.SocketException (995): La operación de E/S se anuló por una salida de subproceso o por una solicitud de aplicación.
   --- End of inner exception stack trace ---
   at System.Net.Sockets.Socket.AwaitableSocketAsyncEventArgs.ThrowException(SocketError error, CancellationToken cancellationToken)
   at System.Net.Sockets.Socket.AwaitableSocketAsyncEventArgs.System.Threading.Tasks.Sources.IValueTaskSource<System.Int32>.GetResult(Int16 token)
   at System.Net.Security.SslStream.EnsureFullTlsFrameAsync[TIOAdapter](CancellationToken cancellationToken, Int32 estimatedSize)
   at System.Runtime.CompilerServices.PoolingAsyncValueTaskMethodBuilder`1.StateMachineBox`1.System.Threading.Tasks.Sources.IValueTaskSource<TResult>.GetResult(Int16 token)
   at System.Net.Security.SslStream.ReadAsyncInternal[TIOAdapter](Memory`1 buffer, CancellationToken cancellationToken)
   at System.Runtime.CompilerServices.PoolingAsyncValueTaskMethodBuilder`1.StateMachineBox`1.System.Threading.Tasks.Sources.IValueTaskSource<TResult>.GetResult(Int16 token)
   at System.Net.Http.HttpConnection.InitialFillAsync(Boolean async)
   at System.Net.Http.HttpConnection.SendAsync(HttpRequestMessage request, Boolean async, CancellationToken cancellationToken)
   --- End of inner exception stack trace ---
   at System.Net.Http.HttpConnection.SendAsync(HttpRequestMessage request, Boolean async, CancellationToken cancellationToken)
   at System.Net.Http.HttpConnectionPool.SendWithVersionDetectionAndRetryAsync(HttpRequestMessage request, Boolean async, Boolean doRequestAuth, CancellationToken cancellationToken)
   at System.Net.Http.DiagnosticsHandler.SendAsyncCore(HttpRequestMessage request, Boolean async, CancellationToken cancellationToken)
   at System.Net.Http.RedirectHandler.SendAsync(HttpRequestMessage request, Boolean async, CancellationToken cancellationToken)
   at Microsoft.Extensions.Http.Logging.LoggingHttpMessageHandler.<SendCoreAsync>g__Core|4_0(HttpRequestMessage request, Boolean useAsync, CancellationToken cancellationToken)
   at Microsoft.Extensions.Http.Logging.LoggingScopeHttpMessageHandler.<SendCoreAsync>g__Core|4_0(HttpRequestMessage request, Boolean useAsync, CancellationToken cancellationToken)
   at System.Net.Http.HttpClient.<SendAsync>g__Core|83_0(HttpRequestMessage request, HttpCompletionOption completionOption, CancellationTokenSource cts, Boolean disposeCts, CancellationTokenSource pendingRequestsCts, CancellationToken originalCancellationToken)
   --- End of inner exception stack trace ---
   --- End of inner exception stack trace ---
   at System.Net.Http.HttpClient.HandleFailure(Exception e, Boolean telemetryStarted, HttpResponseMessage response, CancellationTokenSource cts, CancellationToken cancellationToken, CancellationTokenSource pendingRequestsCts)
   at System.Net.Http.HttpClient.<SendAsync>g__Core|83_0(HttpRequestMessage request, HttpCompletionOption completionOption, CancellationTokenSource cts, Boolean disposeCts, CancellationTokenSource pendingRequestsCts, CancellationToken originalCancellationToken)
   at ReportePrematch.Web.Services.Clients.ApiClient.GetQueryAsync[T](String endpoint, Dictionary`2 query, CancellationToken ct) in D:\GITHUB\ReportePrematch.Web\ReportePrematch.Web\Services\Clients\ApiClient.cs:line 46
2026-08-08 16:33:04.513 -04:00 [INF] Iniciando ReportePrematch.Web...
2026-08-08 16:33:05.439 -04:00 [INF] HTTP GET / responded 200 in 189.9032 ms
2026-08-08 16:33:15.564 -04:00 [INF] Login exitoso: vlapenta [Usuario suAdmin]
2026-08-08 16:33:15.571 -04:00 [INF] HTTP POST / responded 302 in 2443.3079 ms
2026-08-08 16:33:15.668 -04:00 [INF] HTTP GET /Reportes/VentasPorAgente responded 200 in 90.4519 ms
2026-08-08 16:34:01.948 -04:00 [ERR] Error GET api/Reportes/ListaAgentes
System.Net.Http.HttpRequestException: An error occurred while sending the request.
 ---> System.IO.IOException: Unable to read data from the transport connection: Se ha forzado la interrupción de una conexión existente por el host remoto..
 ---> System.Net.Sockets.SocketException (10054): Se ha forzado la interrupción de una conexión existente por el host remoto.
   --- End of inner exception stack trace ---
   at System.Net.Sockets.Socket.AwaitableSocketAsyncEventArgs.ThrowException(SocketError error, CancellationToken cancellationToken)
   at System.Net.Sockets.Socket.AwaitableSocketAsyncEventArgs.System.Threading.Tasks.Sources.IValueTaskSource<System.Int32>.GetResult(Int16 token)
   at System.Net.Security.SslStream.EnsureFullTlsFrameAsync[TIOAdapter](CancellationToken cancellationToken, Int32 estimatedSize)
   at System.Runtime.CompilerServices.PoolingAsyncValueTaskMethodBuilder`1.StateMachineBox`1.System.Threading.Tasks.Sources.IValueTaskSource<TResult>.GetResult(Int16 token)
   at System.Net.Security.SslStream.ReadAsyncInternal[TIOAdapter](Memory`1 buffer, CancellationToken cancellationToken)
   at System.Runtime.CompilerServices.PoolingAsyncValueTaskMethodBuilder`1.StateMachineBox`1.System.Threading.Tasks.Sources.IValueTaskSource<TResult>.GetResult(Int16 token)
   at System.Net.Http.HttpConnection.InitialFillAsync(Boolean async)
   at System.Net.Http.HttpConnection.SendAsync(HttpRequestMessage request, Boolean async, CancellationToken cancellationToken)
   --- End of inner exception stack trace ---
   at System.Net.Http.HttpConnection.SendAsync(HttpRequestMessage request, Boolean async, CancellationToken cancellationToken)
   at System.Net.Http.HttpConnectionPool.SendWithVersionDetectionAndRetryAsync(HttpRequestMessage request, Boolean async, Boolean doRequestAuth, CancellationToken cancellationToken)
   at System.Net.Http.DiagnosticsHandler.SendAsyncCore(HttpRequestMessage request, Boolean async, CancellationToken cancellationToken)
   at System.Net.Http.RedirectHandler.SendAsync(HttpRequestMessage request, Boolean async, CancellationToken cancellationToken)
   at System.Net.Http.SocketsHttpHandler.<SendAsync>g__CreateHandlerAndSendAsync|115_0(HttpRequestMessage request, CancellationToken cancellationToken)
   at Microsoft.Extensions.Http.Logging.LoggingHttpMessageHandler.<SendCoreAsync>g__Core|4_0(HttpRequestMessage request, Boolean useAsync, CancellationToken cancellationToken)
   at Microsoft.Extensions.Http.Logging.LoggingScopeHttpMessageHandler.<SendCoreAsync>g__Core|4_0(HttpRequestMessage request, Boolean useAsync, CancellationToken cancellationToken)
   at System.Net.Http.HttpClient.<SendAsync>g__Core|83_0(HttpRequestMessage request, HttpCompletionOption completionOption, CancellationTokenSource cts, Boolean disposeCts, CancellationTokenSource pendingRequestsCts, CancellationToken originalCancellationToken)
   at ReportePrematch.Web.Services.Clients.ApiClient.GetAsync[T](String endpoint, CancellationToken ct) in D:\GITHUB\ReportePrematch.Web\ReportePrematch.Web\Services\Clients\ApiClient.cs:line 23
2026-08-08 16:34:02.003 -04:00 [ERR] Error GetListAgencias via API
System.Net.Http.HttpRequestException: An error occurred while sending the request.
 ---> System.IO.IOException: Unable to read data from the transport connection: Se ha forzado la interrupción de una conexión existente por el host remoto..
 ---> System.Net.Sockets.SocketException (10054): Se ha forzado la interrupción de una conexión existente por el host remoto.
   --- End of inner exception stack trace ---
   at System.Net.Sockets.Socket.AwaitableSocketAsyncEventArgs.ThrowException(SocketError error, CancellationToken cancellationToken)
   at System.Net.Sockets.Socket.AwaitableSocketAsyncEventArgs.System.Threading.Tasks.Sources.IValueTaskSource<System.Int32>.GetResult(Int16 token)
   at System.Net.Security.SslStream.EnsureFullTlsFrameAsync[TIOAdapter](CancellationToken cancellationToken, Int32 estimatedSize)
   at System.Runtime.CompilerServices.PoolingAsyncValueTaskMethodBuilder`1.StateMachineBox`1.System.Threading.Tasks.Sources.IValueTaskSource<TResult>.GetResult(Int16 token)
   at System.Net.Security.SslStream.ReadAsyncInternal[TIOAdapter](Memory`1 buffer, CancellationToken cancellationToken)
   at System.Runtime.CompilerServices.PoolingAsyncValueTaskMethodBuilder`1.StateMachineBox`1.System.Threading.Tasks.Sources.IValueTaskSource<TResult>.GetResult(Int16 token)
   at System.Net.Http.HttpConnection.InitialFillAsync(Boolean async)
   at System.Net.Http.HttpConnection.SendAsync(HttpRequestMessage request, Boolean async, CancellationToken cancellationToken)
   --- End of inner exception stack trace ---
   at System.Net.Http.HttpConnection.SendAsync(HttpRequestMessage request, Boolean async, CancellationToken cancellationToken)
   at System.Net.Http.HttpConnectionPool.SendWithVersionDetectionAndRetryAsync(HttpRequestMessage request, Boolean async, Boolean doRequestAuth, CancellationToken cancellationToken)
   at System.Net.Http.DiagnosticsHandler.SendAsyncCore(HttpRequestMessage request, Boolean async, CancellationToken cancellationToken)
   at System.Net.Http.RedirectHandler.SendAsync(HttpRequestMessage request, Boolean async, CancellationToken cancellationToken)
   at System.Net.Http.SocketsHttpHandler.<SendAsync>g__CreateHandlerAndSendAsync|115_0(HttpRequestMessage request, CancellationToken cancellationToken)
   at Microsoft.Extensions.Http.Logging.LoggingHttpMessageHandler.<SendCoreAsync>g__Core|4_0(HttpRequestMessage request, Boolean useAsync, CancellationToken cancellationToken)
   at Microsoft.Extensions.Http.Logging.LoggingScopeHttpMessageHandler.<SendCoreAsync>g__Core|4_0(HttpRequestMessage request, Boolean useAsync, CancellationToken cancellationToken)
   at System.Net.Http.HttpClient.<SendAsync>g__Core|83_0(HttpRequestMessage request, HttpCompletionOption completionOption, CancellationTokenSource cts, Boolean disposeCts, CancellationTokenSource pendingRequestsCts, CancellationToken originalCancellationToken)
   at ReportePrematch.Web.Services.Clients.ApiClient.GetAsync[T](String endpoint, CancellationToken ct) in D:\GITHUB\ReportePrematch.Web\ReportePrematch.Web\Services\Clients\ApiClient.cs:line 23
   at ReportePrematch.Web.Services.Clients.ReportesService.GetListAgenciasAsync(String agente, String pais, String role) in D:\GITHUB\ReportePrematch.Web\ReportePrematch.Web\Services\Clients\ReportesService.cs:line 191
2026-08-08 16:34:02.015 -04:00 [INF] HTTP POST /Reportes/GetListAgencias responded 200 in 46170.7526 ms
2026-08-08 16:34:09.523 -04:00 [INF] HTTP GET /Reportes/VentasPorAgente responded 200 in 5.0490 ms
2026-08-08 16:34:12.458 -04:00 [INF] HTTP GET /favicon.ico responded 404 in 0.8672 ms
2026-08-08 16:34:14.551 -04:00 [INF] HTTP POST /Reportes/GetListAgencias responded 200 in 3402.0875 ms
2026-08-08 16:34:15.528 -04:00 [INF] HTTP GET /Home/Dashboard responded 200 in 26.2604 ms
2026-08-08 16:35:03.088 -04:00 [ERR] Error GET+QS api/Reportes/VentasPorAgenteWeb
System.Net.Http.HttpRequestException: An error occurred while sending the request.
 ---> System.IO.IOException: Unable to read data from the transport connection: Se ha forzado la interrupción de una conexión existente por el host remoto..
 ---> System.Net.Sockets.SocketException (10054): Se ha forzado la interrupción de una conexión existente por el host remoto.
   --- End of inner exception stack trace ---
   at System.Net.Sockets.Socket.AwaitableSocketAsyncEventArgs.ThrowException(SocketError error, CancellationToken cancellationToken)
   at System.Net.Sockets.Socket.AwaitableSocketAsyncEventArgs.System.Threading.Tasks.Sources.IValueTaskSource<System.Int32>.GetResult(Int16 token)
   at System.Net.Security.SslStream.EnsureFullTlsFrameAsync[TIOAdapter](CancellationToken cancellationToken, Int32 estimatedSize)
   at System.Runtime.CompilerServices.PoolingAsyncValueTaskMethodBuilder`1.StateMachineBox`1.System.Threading.Tasks.Sources.IValueTaskSource<TResult>.GetResult(Int16 token)
   at System.Net.Security.SslStream.ReadAsyncInternal[TIOAdapter](Memory`1 buffer, CancellationToken cancellationToken)
   at System.Runtime.CompilerServices.PoolingAsyncValueTaskMethodBuilder`1.StateMachineBox`1.System.Threading.Tasks.Sources.IValueTaskSource<TResult>.GetResult(Int16 token)
   at System.Net.Http.HttpConnection.InitialFillAsync(Boolean async)
   at System.Net.Http.HttpConnection.SendAsync(HttpRequestMessage request, Boolean async, CancellationToken cancellationToken)
   --- End of inner exception stack trace ---
   at System.Net.Http.HttpConnection.SendAsync(HttpRequestMessage request, Boolean async, CancellationToken cancellationToken)
   at System.Net.Http.HttpConnectionPool.SendWithVersionDetectionAndRetryAsync(HttpRequestMessage request, Boolean async, Boolean doRequestAuth, CancellationToken cancellationToken)
   at System.Net.Http.DiagnosticsHandler.SendAsyncCore(HttpRequestMessage request, Boolean async, CancellationToken cancellationToken)
   at System.Net.Http.RedirectHandler.SendAsync(HttpRequestMessage request, Boolean async, CancellationToken cancellationToken)
   at Microsoft.Extensions.Http.Logging.LoggingHttpMessageHandler.<SendCoreAsync>g__Core|4_0(HttpRequestMessage request, Boolean useAsync, CancellationToken cancellationToken)
   at Microsoft.Extensions.Http.Logging.LoggingScopeHttpMessageHandler.<SendCoreAsync>g__Core|4_0(HttpRequestMessage request, Boolean useAsync, CancellationToken cancellationToken)
   at System.Net.Http.HttpClient.<SendAsync>g__Core|83_0(HttpRequestMessage request, HttpCompletionOption completionOption, CancellationTokenSource cts, Boolean disposeCts, CancellationTokenSource pendingRequestsCts, CancellationToken originalCancellationToken)
   at ReportePrematch.Web.Services.Clients.ApiClient.GetQueryAsync[T](String endpoint, Dictionary`2 query, CancellationToken ct) in D:\GITHUB\ReportePrematch.Web\ReportePrematch.Web\Services\Clients\ApiClient.cs:line 46
2026-08-08 16:35:03.088 -04:00 [ERR] Error GET+QS api/Reportes/VentasPorAgenteTaq
System.Net.Http.HttpRequestException: An error occurred while sending the request.
 ---> System.IO.IOException: Unable to read data from the transport connection: Se ha forzado la interrupción de una conexión existente por el host remoto..
 ---> System.Net.Sockets.SocketException (10054): Se ha forzado la interrupción de una conexión existente por el host remoto.
   --- End of inner exception stack trace ---
   at System.Net.Sockets.Socket.AwaitableSocketAsyncEventArgs.ThrowException(SocketError error, CancellationToken cancellationToken)
   at System.Net.Sockets.Socket.AwaitableSocketAsyncEventArgs.System.Threading.Tasks.Sources.IValueTaskSource<System.Int32>.GetResult(Int16 token)
   at System.Net.Security.SslStream.EnsureFullTlsFrameAsync[TIOAdapter](CancellationToken cancellationToken, Int32 estimatedSize)
   at System.Runtime.CompilerServices.PoolingAsyncValueTaskMethodBuilder`1.StateMachineBox`1.System.Threading.Tasks.Sources.IValueTaskSource<TResult>.GetResult(Int16 token)
   at System.Net.Security.SslStream.ReadAsyncInternal[TIOAdapter](Memory`1 buffer, CancellationToken cancellationToken)
   at System.Runtime.CompilerServices.PoolingAsyncValueTaskMethodBuilder`1.StateMachineBox`1.System.Threading.Tasks.Sources.IValueTaskSource<TResult>.GetResult(Int16 token)
   at System.Net.Http.HttpConnection.SendAsync(HttpRequestMessage request, Boolean async, CancellationToken cancellationToken)
   --- End of inner exception stack trace ---
   at System.Net.Http.HttpConnection.SendAsync(HttpRequestMessage request, Boolean async, CancellationToken cancellationToken)
   at System.Net.Http.HttpConnectionPool.SendWithVersionDetectionAndRetryAsync(HttpRequestMessage request, Boolean async, Boolean doRequestAuth, CancellationToken cancellationToken)
   at System.Net.Http.DiagnosticsHandler.SendAsyncCore(HttpRequestMessage request, Boolean async, CancellationToken cancellationToken)
   at System.Net.Http.RedirectHandler.SendAsync(HttpRequestMessage request, Boolean async, CancellationToken cancellationToken)
   at Microsoft.Extensions.Http.Logging.LoggingHttpMessageHandler.<SendCoreAsync>g__Core|4_0(HttpRequestMessage request, Boolean useAsync, CancellationToken cancellationToken)
   at Microsoft.Extensions.Http.Logging.LoggingScopeHttpMessageHandler.<SendCoreAsync>g__Core|4_0(HttpRequestMessage request, Boolean useAsync, CancellationToken cancellationToken)
   at System.Net.Http.HttpClient.<SendAsync>g__Core|83_0(HttpRequestMessage request, HttpCompletionOption completionOption, CancellationTokenSource cts, Boolean disposeCts, CancellationTokenSource pendingRequestsCts, CancellationToken originalCancellationToken)
   at ReportePrematch.Web.Services.Clients.ApiClient.GetQueryAsync[T](String endpoint, Dictionary`2 query, CancellationToken ct) in D:\GITHUB\ReportePrematch.Web\ReportePrematch.Web\Services\Clients\ApiClient.cs:line 46
2026-08-08 16:35:03.215 -04:00 [ERR] HTTP POST /Reportes/GetVentasPorAgenteWeb responded 500 in 47580.9054 ms
System.Net.Http.HttpRequestException: An error occurred while sending the request.
 ---> System.IO.IOException: Unable to read data from the transport connection: Se ha forzado la interrupción de una conexión existente por el host remoto..
 ---> System.Net.Sockets.SocketException (10054): Se ha forzado la interrupción de una conexión existente por el host remoto.
   --- End of inner exception stack trace ---
   at System.Net.Sockets.Socket.AwaitableSocketAsyncEventArgs.ThrowException(SocketError error, CancellationToken cancellationToken)
   at System.Net.Sockets.Socket.AwaitableSocketAsyncEventArgs.System.Threading.Tasks.Sources.IValueTaskSource<System.Int32>.GetResult(Int16 token)
   at System.Net.Security.SslStream.EnsureFullTlsFrameAsync[TIOAdapter](CancellationToken cancellationToken, Int32 estimatedSize)
   at System.Runtime.CompilerServices.PoolingAsyncValueTaskMethodBuilder`1.StateMachineBox`1.System.Threading.Tasks.Sources.IValueTaskSource<TResult>.GetResult(Int16 token)
   at System.Net.Security.SslStream.ReadAsyncInternal[TIOAdapter](Memory`1 buffer, CancellationToken cancellationToken)
   at System.Runtime.CompilerServices.PoolingAsyncValueTaskMethodBuilder`1.StateMachineBox`1.System.Threading.Tasks.Sources.IValueTaskSource<TResult>.GetResult(Int16 token)
   at System.Net.Http.HttpConnection.InitialFillAsync(Boolean async)
   at System.Net.Http.HttpConnection.SendAsync(HttpRequestMessage request, Boolean async, CancellationToken cancellationToken)
   --- End of inner exception stack trace ---
   at System.Net.Http.HttpConnection.SendAsync(HttpRequestMessage request, Boolean async, CancellationToken cancellationToken)
   at System.Net.Http.HttpConnectionPool.SendWithVersionDetectionAndRetryAsync(HttpRequestMessage request, Boolean async, Boolean doRequestAuth, CancellationToken cancellationToken)
   at System.Net.Http.DiagnosticsHandler.SendAsyncCore(HttpRequestMessage request, Boolean async, CancellationToken cancellationToken)
   at System.Net.Http.RedirectHandler.SendAsync(HttpRequestMessage request, Boolean async, CancellationToken cancellationToken)
   at Microsoft.Extensions.Http.Logging.LoggingHttpMessageHandler.<SendCoreAsync>g__Core|4_0(HttpRequestMessage request, Boolean useAsync, CancellationToken cancellationToken)
   at Microsoft.Extensions.Http.Logging.LoggingScopeHttpMessageHandler.<SendCoreAsync>g__Core|4_0(HttpRequestMessage request, Boolean useAsync, CancellationToken cancellationToken)
   at System.Net.Http.HttpClient.<SendAsync>g__Core|83_0(HttpRequestMessage request, HttpCompletionOption completionOption, CancellationTokenSource cts, Boolean disposeCts, CancellationTokenSource pendingRequestsCts, CancellationToken originalCancellationToken)
   at ReportePrematch.Web.Services.Clients.ApiClient.GetQueryAsync[T](String endpoint, Dictionary`2 query, CancellationToken ct) in D:\GITHUB\ReportePrematch.Web\ReportePrematch.Web\Services\Clients\ApiClient.cs:line 46
   at ReportePrematch.Web.Services.Clients.ReportesService.GetVentasPorAgenteWebAsync(String fechaD, String fechaH, String agente, String pais, String role) in D:\GITHUB\ReportePrematch.Web\ReportePrematch.Web\Services\Clients\ReportesService.cs:line 895
   at ReportePrematch.Web.Controllers.ReportesController.GetVentasPorAgenteWeb(String fechaD, String fechaH, String agente, String pais) in D:\GITHUB\ReportePrematch.Web\ReportePrematch.Web\Controllers\ReportesController.cs:line 64
   at Microsoft.AspNetCore.Mvc.Infrastructure.ActionMethodExecutor.TaskOfIActionResultExecutor.Execute(ActionContext actionContext, IActionResultTypeMapper mapper, ObjectMethodExecutor executor, Object controller, Object[] arguments)
   at Microsoft.AspNetCore.Mvc.Infrastructure.ControllerActionInvoker.<InvokeActionMethodAsync>g__Awaited|12_0(ControllerActionInvoker invoker, ValueTask`1 actionResultValueTask)
   at Microsoft.AspNetCore.Mvc.Infrastructure.ControllerActionInvoker.<InvokeNextActionFilterAsync>g__Awaited|10_0(ControllerActionInvoker invoker, Task lastTask, State next, Scope scope, Object state, Boolean isCompleted)
   at Microsoft.AspNetCore.Mvc.Infrastructure.ControllerActionInvoker.Rethrow(ActionExecutedContextSealed context)
   at Microsoft.AspNetCore.Mvc.Infrastructure.ControllerActionInvoker.Next(State& next, Scope& scope, Object& state, Boolean& isCompleted)
   at Microsoft.AspNetCore.Mvc.Infrastructure.ControllerActionInvoker.<InvokeInnerFilterAsync>g__Awaited|13_0(ControllerActionInvoker invoker, Task lastTask, State next, Scope scope, Object state, Boolean isCompleted)
   at Microsoft.AspNetCore.Mvc.Infrastructure.ResourceInvoker.<InvokeNextResourceFilter>g__Awaited|25_0(ResourceInvoker invoker, Task lastTask, State next, Scope scope, Object state, Boolean isCompleted)
   at Microsoft.AspNetCore.Mvc.Infrastructure.ResourceInvoker.Rethrow(ResourceExecutedContextSealed context)
   at Microsoft.AspNetCore.Mvc.Infrastructure.ResourceInvoker.Next(State& next, Scope& scope, Object& state, Boolean& isCompleted)
   at Microsoft.AspNetCore.Mvc.Infrastructure.ResourceInvoker.<InvokeFilterPipelineAsync>g__Awaited|20_0(ResourceInvoker invoker, Task lastTask, State next, Scope scope, Object state, Boolean isCompleted)
   at Microsoft.AspNetCore.Mvc.Infrastructure.ResourceInvoker.<InvokeAsync>g__Awaited|17_0(ResourceInvoker invoker, Task task, IDisposable scope)
   at Microsoft.AspNetCore.Mvc.Infrastructure.ResourceInvoker.<InvokeAsync>g__Awaited|17_0(ResourceInvoker invoker, Task task, IDisposable scope)
   at Microsoft.AspNetCore.Authorization.AuthorizationMiddleware.Invoke(HttpContext context)
   at Microsoft.AspNetCore.Session.SessionMiddleware.Invoke(HttpContext context)
   at Microsoft.AspNetCore.Session.SessionMiddleware.Invoke(HttpContext context)
   at Serilog.AspNetCore.RequestLoggingMiddleware.Invoke(HttpContext httpContext)
2026-08-08 16:35:03.363 -04:00 [ERR] HTTP POST /Reportes/GetVentasPorAgenteTaq responded 500 in 47729.1917 ms
System.Net.Http.HttpRequestException: An error occurred while sending the request.
 ---> System.IO.IOException: Unable to read data from the transport connection: Se ha forzado la interrupción de una conexión existente por el host remoto..
 ---> System.Net.Sockets.SocketException (10054): Se ha forzado la interrupción de una conexión existente por el host remoto.
   --- End of inner exception stack trace ---
   at System.Net.Sockets.Socket.AwaitableSocketAsyncEventArgs.ThrowException(SocketError error, CancellationToken cancellationToken)
   at System.Net.Sockets.Socket.AwaitableSocketAsyncEventArgs.System.Threading.Tasks.Sources.IValueTaskSource<System.Int32>.GetResult(Int16 token)
   at System.Net.Security.SslStream.EnsureFullTlsFrameAsync[TIOAdapter](CancellationToken cancellationToken, Int32 estimatedSize)
   at System.Runtime.CompilerServices.PoolingAsyncValueTaskMethodBuilder`1.StateMachineBox`1.System.Threading.Tasks.Sources.IValueTaskSource<TResult>.GetResult(Int16 token)
   at System.Net.Security.SslStream.ReadAsyncInternal[TIOAdapter](Memory`1 buffer, CancellationToken cancellationToken)
   at System.Runtime.CompilerServices.PoolingAsyncValueTaskMethodBuilder`1.StateMachineBox`1.System.Threading.Tasks.Sources.IValueTaskSource<TResult>.GetResult(Int16 token)
   at System.Net.Http.HttpConnection.SendAsync(HttpRequestMessage request, Boolean async, CancellationToken cancellationToken)
   --- End of inner exception stack trace ---
   at System.Net.Http.HttpConnection.SendAsync(HttpRequestMessage request, Boolean async, CancellationToken cancellationToken)
   at System.Net.Http.HttpConnectionPool.SendWithVersionDetectionAndRetryAsync(HttpRequestMessage request, Boolean async, Boolean doRequestAuth, CancellationToken cancellationToken)
   at System.Net.Http.DiagnosticsHandler.SendAsyncCore(HttpRequestMessage request, Boolean async, CancellationToken cancellationToken)
   at System.Net.Http.RedirectHandler.SendAsync(HttpRequestMessage request, Boolean async, CancellationToken cancellationToken)
   at Microsoft.Extensions.Http.Logging.LoggingHttpMessageHandler.<SendCoreAsync>g__Core|4_0(HttpRequestMessage request, Boolean useAsync, CancellationToken cancellationToken)
   at Microsoft.Extensions.Http.Logging.LoggingScopeHttpMessageHandler.<SendCoreAsync>g__Core|4_0(HttpRequestMessage request, Boolean useAsync, CancellationToken cancellationToken)
   at System.Net.Http.HttpClient.<SendAsync>g__Core|83_0(HttpRequestMessage request, HttpCompletionOption completionOption, CancellationTokenSource cts, Boolean disposeCts, CancellationTokenSource pendingRequestsCts, CancellationToken originalCancellationToken)
   at ReportePrematch.Web.Services.Clients.ApiClient.GetQueryAsync[T](String endpoint, Dictionary`2 query, CancellationToken ct) in D:\GITHUB\ReportePrematch.Web\ReportePrematch.Web\Services\Clients\ApiClient.cs:line 46
   at ReportePrematch.Web.Services.Clients.ReportesService.GetVentasPorAgenteTaqAsync(String fechaD, String fechaH, String agente, String local, String pais, String role) in D:\GITHUB\ReportePrematch.Web\ReportePrematch.Web\Services\Clients\ReportesService.cs:line 911
   at ReportePrematch.Web.Controllers.ReportesController.GetVentasPorAgenteTaq(String fechaD, String fechaH, String agente, String pais) in D:\GITHUB\ReportePrematch.Web\ReportePrematch.Web\Controllers\ReportesController.cs:line 75
   at Microsoft.AspNetCore.Mvc.Infrastructure.ActionMethodExecutor.TaskOfIActionResultExecutor.Execute(ActionContext actionContext, IActionResultTypeMapper mapper, ObjectMethodExecutor executor, Object controller, Object[] arguments)
   at Microsoft.AspNetCore.Mvc.Infrastructure.ControllerActionInvoker.<InvokeActionMethodAsync>g__Awaited|12_0(ControllerActionInvoker invoker, ValueTask`1 actionResultValueTask)
   at Microsoft.AspNetCore.Mvc.Infrastructure.ControllerActionInvoker.<InvokeNextActionFilterAsync>g__Awaited|10_0(ControllerActionInvoker invoker, Task lastTask, State next, Scope scope, Object state, Boolean isCompleted)
   at Microsoft.AspNetCore.Mvc.Infrastructure.ControllerActionInvoker.Rethrow(ActionExecutedContextSealed context)
   at Microsoft.AspNetCore.Mvc.Infrastructure.ControllerActionInvoker.Next(State& next, Scope& scope, Object& state, Boolean& isCompleted)
   at Microsoft.AspNetCore.Mvc.Infrastructure.ControllerActionInvoker.<InvokeInnerFilterAsync>g__Awaited|13_0(ControllerActionInvoker invoker, Task lastTask, State next, Scope scope, Object state, Boolean isCompleted)
   at Microsoft.AspNetCore.Mvc.Infrastructure.ResourceInvoker.<InvokeNextResourceFilter>g__Awaited|25_0(ResourceInvoker invoker, Task lastTask, State next, Scope scope, Object state, Boolean isCompleted)
   at Microsoft.AspNetCore.Mvc.Infrastructure.ResourceInvoker.Rethrow(ResourceExecutedContextSealed context)
   at Microsoft.AspNetCore.Mvc.Infrastructure.ResourceInvoker.Next(State& next, Scope& scope, Object& state, Boolean& isCompleted)
   at Microsoft.AspNetCore.Mvc.Infrastructure.ResourceInvoker.<InvokeFilterPipelineAsync>g__Awaited|20_0(ResourceInvoker invoker, Task lastTask, State next, Scope scope, Object state, Boolean isCompleted)
   at Microsoft.AspNetCore.Mvc.Infrastructure.ResourceInvoker.<InvokeAsync>g__Awaited|17_0(ResourceInvoker invoker, Task task, IDisposable scope)
   at Microsoft.AspNetCore.Mvc.Infrastructure.ResourceInvoker.<InvokeAsync>g__Awaited|17_0(ResourceInvoker invoker, Task task, IDisposable scope)
   at Microsoft.AspNetCore.Authorization.AuthorizationMiddleware.Invoke(HttpContext context)
   at Microsoft.AspNetCore.Session.SessionMiddleware.Invoke(HttpContext context)
   at Microsoft.AspNetCore.Session.SessionMiddleware.Invoke(HttpContext context)
   at Serilog.AspNetCore.RequestLoggingMiddleware.Invoke(HttpContext httpContext)
2026-08-08 16:35:03.385 -04:00 [ERR] An unhandled exception has occurred while executing the request.
System.Net.Http.HttpRequestException: An error occurred while sending the request.
 ---> System.IO.IOException: Unable to read data from the transport connection: Se ha forzado la interrupción de una conexión existente por el host remoto..
 ---> System.Net.Sockets.SocketException (10054): Se ha forzado la interrupción de una conexión existente por el host remoto.
   --- End of inner exception stack trace ---
   at System.Net.Sockets.Socket.AwaitableSocketAsyncEventArgs.ThrowException(SocketError error, CancellationToken cancellationToken)
   at System.Net.Sockets.Socket.AwaitableSocketAsyncEventArgs.System.Threading.Tasks.Sources.IValueTaskSource<System.Int32>.GetResult(Int16 token)
   at System.Net.Security.SslStream.EnsureFullTlsFrameAsync[TIOAdapter](CancellationToken cancellationToken, Int32 estimatedSize)
   at System.Runtime.CompilerServices.PoolingAsyncValueTaskMethodBuilder`1.StateMachineBox`1.System.Threading.Tasks.Sources.IValueTaskSource<TResult>.GetResult(Int16 token)
   at System.Net.Security.SslStream.ReadAsyncInternal[TIOAdapter](Memory`1 buffer, CancellationToken cancellationToken)
   at System.Runtime.CompilerServices.PoolingAsyncValueTaskMethodBuilder`1.StateMachineBox`1.System.Threading.Tasks.Sources.IValueTaskSource<TResult>.GetResult(Int16 token)
   at System.Net.Http.HttpConnection.InitialFillAsync(Boolean async)
   at System.Net.Http.HttpConnection.SendAsync(HttpRequestMessage request, Boolean async, CancellationToken cancellationToken)
   --- End of inner exception stack trace ---
   at System.Net.Http.HttpConnection.SendAsync(HttpRequestMessage request, Boolean async, CancellationToken cancellationToken)
   at System.Net.Http.HttpConnectionPool.SendWithVersionDetectionAndRetryAsync(HttpRequestMessage request, Boolean async, Boolean doRequestAuth, CancellationToken cancellationToken)
   at System.Net.Http.DiagnosticsHandler.SendAsyncCore(HttpRequestMessage request, Boolean async, CancellationToken cancellationToken)
   at System.Net.Http.RedirectHandler.SendAsync(HttpRequestMessage request, Boolean async, CancellationToken cancellationToken)
   at Microsoft.Extensions.Http.Logging.LoggingHttpMessageHandler.<SendCoreAsync>g__Core|4_0(HttpRequestMessage request, Boolean useAsync, CancellationToken cancellationToken)
   at Microsoft.Extensions.Http.Logging.LoggingScopeHttpMessageHandler.<SendCoreAsync>g__Core|4_0(HttpRequestMessage request, Boolean useAsync, CancellationToken cancellationToken)
   at System.Net.Http.HttpClient.<SendAsync>g__Core|83_0(HttpRequestMessage request, HttpCompletionOption completionOption, CancellationTokenSource cts, Boolean disposeCts, CancellationTokenSource pendingRequestsCts, CancellationToken originalCancellationToken)
   at ReportePrematch.Web.Services.Clients.ApiClient.GetQueryAsync[T](String endpoint, Dictionary`2 query, CancellationToken ct) in D:\GITHUB\ReportePrematch.Web\ReportePrematch.Web\Services\Clients\ApiClient.cs:line 46
   at ReportePrematch.Web.Services.Clients.ReportesService.GetVentasPorAgenteWebAsync(String fechaD, String fechaH, String agente, String pais, String role) in D:\GITHUB\ReportePrematch.Web\ReportePrematch.Web\Services\Clients\ReportesService.cs:line 895
   at ReportePrematch.Web.Controllers.ReportesController.GetVentasPorAgenteWeb(String fechaD, String fechaH, String agente, String pais) in D:\GITHUB\ReportePrematch.Web\ReportePrematch.Web\Controllers\ReportesController.cs:line 64
   at Microsoft.AspNetCore.Mvc.Infrastructure.ActionMethodExecutor.TaskOfIActionResultExecutor.Execute(ActionContext actionContext, IActionResultTypeMapper mapper, ObjectMethodExecutor executor, Object controller, Object[] arguments)
   at Microsoft.AspNetCore.Mvc.Infrastructure.ControllerActionInvoker.<InvokeActionMethodAsync>g__Awaited|12_0(ControllerActionInvoker invoker, ValueTask`1 actionResultValueTask)
   at Microsoft.AspNetCore.Mvc.Infrastructure.ControllerActionInvoker.<InvokeNextActionFilterAsync>g__Awaited|10_0(ControllerActionInvoker invoker, Task lastTask, State next, Scope scope, Object state, Boolean isCompleted)
   at Microsoft.AspNetCore.Mvc.Infrastructure.ControllerActionInvoker.Rethrow(ActionExecutedContextSealed context)
   at Microsoft.AspNetCore.Mvc.Infrastructure.ControllerActionInvoker.Next(State& next, Scope& scope, Object& state, Boolean& isCompleted)
   at Microsoft.AspNetCore.Mvc.Infrastructure.ControllerActionInvoker.<InvokeInnerFilterAsync>g__Awaited|13_0(ControllerActionInvoker invoker, Task lastTask, State next, Scope scope, Object state, Boolean isCompleted)
   at Microsoft.AspNetCore.Mvc.Infrastructure.ResourceInvoker.<InvokeNextResourceFilter>g__Awaited|25_0(ResourceInvoker invoker, Task lastTask, State next, Scope scope, Object state, Boolean isCompleted)
   at Microsoft.AspNetCore.Mvc.Infrastructure.ResourceInvoker.Rethrow(ResourceExecutedContextSealed context)
   at Microsoft.AspNetCore.Mvc.Infrastructure.ResourceInvoker.Next(State& next, Scope& scope, Object& state, Boolean& isCompleted)
   at Microsoft.AspNetCore.Mvc.Infrastructure.ResourceInvoker.<InvokeFilterPipelineAsync>g__Awaited|20_0(ResourceInvoker invoker, Task lastTask, State next, Scope scope, Object state, Boolean isCompleted)
   at Microsoft.AspNetCore.Mvc.Infrastructure.ResourceInvoker.<InvokeAsync>g__Awaited|17_0(ResourceInvoker invoker, Task task, IDisposable scope)
   at Microsoft.AspNetCore.Mvc.Infrastructure.ResourceInvoker.<InvokeAsync>g__Awaited|17_0(ResourceInvoker invoker, Task task, IDisposable scope)
   at Microsoft.AspNetCore.Authorization.AuthorizationMiddleware.Invoke(HttpContext context)
   at Microsoft.AspNetCore.Session.SessionMiddleware.Invoke(HttpContext context)
   at Microsoft.AspNetCore.Session.SessionMiddleware.Invoke(HttpContext context)
   at Serilog.AspNetCore.RequestLoggingMiddleware.Invoke(HttpContext httpContext)
   at Microsoft.AspNetCore.Authentication.AuthenticationMiddleware.Invoke(HttpContext context)
   at Microsoft.AspNetCore.Diagnostics.DeveloperExceptionPageMiddlewareImpl.Invoke(HttpContext context)
2026-08-08 16:35:03.392 -04:00 [ERR] An unhandled exception has occurred while executing the request.
System.Net.Http.HttpRequestException: An error occurred while sending the request.
 ---> System.IO.IOException: Unable to read data from the transport connection: Se ha forzado la interrupción de una conexión existente por el host remoto..
 ---> System.Net.Sockets.SocketException (10054): Se ha forzado la interrupción de una conexión existente por el host remoto.
   --- End of inner exception stack trace ---
   at System.Net.Sockets.Socket.AwaitableSocketAsyncEventArgs.ThrowException(SocketError error, CancellationToken cancellationToken)
   at System.Net.Sockets.Socket.AwaitableSocketAsyncEventArgs.System.Threading.Tasks.Sources.IValueTaskSource<System.Int32>.GetResult(Int16 token)
   at System.Net.Security.SslStream.EnsureFullTlsFrameAsync[TIOAdapter](CancellationToken cancellationToken, Int32 estimatedSize)
   at System.Runtime.CompilerServices.PoolingAsyncValueTaskMethodBuilder`1.StateMachineBox`1.System.Threading.Tasks.Sources.IValueTaskSource<TResult>.GetResult(Int16 token)
   at System.Net.Security.SslStream.ReadAsyncInternal[TIOAdapter](Memory`1 buffer, CancellationToken cancellationToken)
   at System.Runtime.CompilerServices.PoolingAsyncValueTaskMethodBuilder`1.StateMachineBox`1.System.Threading.Tasks.Sources.IValueTaskSource<TResult>.GetResult(Int16 token)
   at System.Net.Http.HttpConnection.SendAsync(HttpRequestMessage request, Boolean async, CancellationToken cancellationToken)
   --- End of inner exception stack trace ---
   at System.Net.Http.HttpConnection.SendAsync(HttpRequestMessage request, Boolean async, CancellationToken cancellationToken)
   at System.Net.Http.HttpConnectionPool.SendWithVersionDetectionAndRetryAsync(HttpRequestMessage request, Boolean async, Boolean doRequestAuth, CancellationToken cancellationToken)
   at System.Net.Http.DiagnosticsHandler.SendAsyncCore(HttpRequestMessage request, Boolean async, CancellationToken cancellationToken)
   at System.Net.Http.RedirectHandler.SendAsync(HttpRequestMessage request, Boolean async, CancellationToken cancellationToken)
   at Microsoft.Extensions.Http.Logging.LoggingHttpMessageHandler.<SendCoreAsync>g__Core|4_0(HttpRequestMessage request, Boolean useAsync, CancellationToken cancellationToken)
   at Microsoft.Extensions.Http.Logging.LoggingScopeHttpMessageHandler.<SendCoreAsync>g__Core|4_0(HttpRequestMessage request, Boolean useAsync, CancellationToken cancellationToken)
   at System.Net.Http.HttpClient.<SendAsync>g__Core|83_0(HttpRequestMessage request, HttpCompletionOption completionOption, CancellationTokenSource cts, Boolean disposeCts, CancellationTokenSource pendingRequestsCts, CancellationToken originalCancellationToken)
   at ReportePrematch.Web.Services.Clients.ApiClient.GetQueryAsync[T](String endpoint, Dictionary`2 query, CancellationToken ct) in D:\GITHUB\ReportePrematch.Web\ReportePrematch.Web\Services\Clients\ApiClient.cs:line 46
   at ReportePrematch.Web.Services.Clients.ReportesService.GetVentasPorAgenteTaqAsync(String fechaD, String fechaH, String agente, String local, String pais, String role) in D:\GITHUB\ReportePrematch.Web\ReportePrematch.Web\Services\Clients\ReportesService.cs:line 911
   at ReportePrematch.Web.Controllers.ReportesController.GetVentasPorAgenteTaq(String fechaD, String fechaH, String agente, String pais) in D:\GITHUB\ReportePrematch.Web\ReportePrematch.Web\Controllers\ReportesController.cs:line 75
   at Microsoft.AspNetCore.Mvc.Infrastructure.ActionMethodExecutor.TaskOfIActionResultExecutor.Execute(ActionContext actionContext, IActionResultTypeMapper mapper, ObjectMethodExecutor executor, Object controller, Object[] arguments)
   at Microsoft.AspNetCore.Mvc.Infrastructure.ControllerActionInvoker.<InvokeActionMethodAsync>g__Awaited|12_0(ControllerActionInvoker invoker, ValueTask`1 actionResultValueTask)
   at Microsoft.AspNetCore.Mvc.Infrastructure.ControllerActionInvoker.<InvokeNextActionFilterAsync>g__Awaited|10_0(ControllerActionInvoker invoker, Task lastTask, State next, Scope scope, Object state, Boolean isCompleted)
   at Microsoft.AspNetCore.Mvc.Infrastructure.ControllerActionInvoker.Rethrow(ActionExecutedContextSealed context)
   at Microsoft.AspNetCore.Mvc.Infrastructure.ControllerActionInvoker.Next(State& next, Scope& scope, Object& state, Boolean& isCompleted)
   at Microsoft.AspNetCore.Mvc.Infrastructure.ControllerActionInvoker.<InvokeInnerFilterAsync>g__Awaited|13_0(ControllerActionInvoker invoker, Task lastTask, State next, Scope scope, Object state, Boolean isCompleted)
   at Microsoft.AspNetCore.Mvc.Infrastructure.ResourceInvoker.<InvokeNextResourceFilter>g__Awaited|25_0(ResourceInvoker invoker, Task lastTask, State next, Scope scope, Object state, Boolean isCompleted)
   at Microsoft.AspNetCore.Mvc.Infrastructure.ResourceInvoker.Rethrow(ResourceExecutedContextSealed context)
   at Microsoft.AspNetCore.Mvc.Infrastructure.ResourceInvoker.Next(State& next, Scope& scope, Object& state, Boolean& isCompleted)
   at Microsoft.AspNetCore.Mvc.Infrastructure.ResourceInvoker.<InvokeFilterPipelineAsync>g__Awaited|20_0(ResourceInvoker invoker, Task lastTask, State next, Scope scope, Object state, Boolean isCompleted)
   at Microsoft.AspNetCore.Mvc.Infrastructure.ResourceInvoker.<InvokeAsync>g__Awaited|17_0(ResourceInvoker invoker, Task task, IDisposable scope)
   at Microsoft.AspNetCore.Mvc.Infrastructure.ResourceInvoker.<InvokeAsync>g__Awaited|17_0(ResourceInvoker invoker, Task task, IDisposable scope)
   at Microsoft.AspNetCore.Authorization.AuthorizationMiddleware.Invoke(HttpContext context)
   at Microsoft.AspNetCore.Session.SessionMiddleware.Invoke(HttpContext context)
   at Microsoft.AspNetCore.Session.SessionMiddleware.Invoke(HttpContext context)
   at Serilog.AspNetCore.RequestLoggingMiddleware.Invoke(HttpContext httpContext)
   at Microsoft.AspNetCore.Authentication.AuthenticationMiddleware.Invoke(HttpContext context)
   at Microsoft.AspNetCore.Diagnostics.DeveloperExceptionPageMiddlewareImpl.Invoke(HttpContext context)
2026-08-08 16:35:32.114 -04:00 [INF] HTTP GET /Home/Dashboard responded 200 in 2.1978 ms
2026-08-08 16:35:39.086 -04:00 [ERR] Error GET+QS api/Reportes/VentasPorAgenteTaq
System.Net.Http.HttpRequestException: An error occurred while sending the request.
 ---> System.IO.IOException: Unable to read data from the transport connection: Se ha forzado la interrupción de una conexión existente por el host remoto..
 ---> System.Net.Sockets.SocketException (10054): Se ha forzado la interrupción de una conexión existente por el host remoto.
   --- End of inner exception stack trace ---
   at System.Net.Sockets.Socket.AwaitableSocketAsyncEventArgs.ThrowException(SocketError error, CancellationToken cancellationToken)
   at System.Net.Sockets.Socket.AwaitableSocketAsyncEventArgs.System.Threading.Tasks.Sources.IValueTaskSource<System.Int32>.GetResult(Int16 token)
   at System.Net.Security.SslStream.EnsureFullTlsFrameAsync[TIOAdapter](CancellationToken cancellationToken, Int32 estimatedSize)
   at System.Runtime.CompilerServices.PoolingAsyncValueTaskMethodBuilder`1.StateMachineBox`1.System.Threading.Tasks.Sources.IValueTaskSource<TResult>.GetResult(Int16 token)
   at System.Net.Security.SslStream.ReadAsyncInternal[TIOAdapter](Memory`1 buffer, CancellationToken cancellationToken)
   at System.Runtime.CompilerServices.PoolingAsyncValueTaskMethodBuilder`1.StateMachineBox`1.System.Threading.Tasks.Sources.IValueTaskSource<TResult>.GetResult(Int16 token)
   at System.Net.Http.HttpConnection.InitialFillAsync(Boolean async)
   at System.Net.Http.HttpConnection.SendAsync(HttpRequestMessage request, Boolean async, CancellationToken cancellationToken)
   --- End of inner exception stack trace ---
   at System.Net.Http.HttpConnection.SendAsync(HttpRequestMessage request, Boolean async, CancellationToken cancellationToken)
   at System.Net.Http.HttpConnectionPool.SendWithVersionDetectionAndRetryAsync(HttpRequestMessage request, Boolean async, Boolean doRequestAuth, CancellationToken cancellationToken)
   at System.Net.Http.DiagnosticsHandler.SendAsyncCore(HttpRequestMessage request, Boolean async, CancellationToken cancellationToken)
   at System.Net.Http.RedirectHandler.SendAsync(HttpRequestMessage request, Boolean async, CancellationToken cancellationToken)
   at System.Net.Http.SocketsHttpHandler.<SendAsync>g__CreateHandlerAndSendAsync|115_0(HttpRequestMessage request, CancellationToken cancellationToken)
   at Microsoft.Extensions.Http.Logging.LoggingHttpMessageHandler.<SendCoreAsync>g__Core|4_0(HttpRequestMessage request, Boolean useAsync, CancellationToken cancellationToken)
   at Microsoft.Extensions.Http.Logging.LoggingScopeHttpMessageHandler.<SendCoreAsync>g__Core|4_0(HttpRequestMessage request, Boolean useAsync, CancellationToken cancellationToken)
   at System.Net.Http.HttpClient.<SendAsync>g__Core|83_0(HttpRequestMessage request, HttpCompletionOption completionOption, CancellationTokenSource cts, Boolean disposeCts, CancellationTokenSource pendingRequestsCts, CancellationToken originalCancellationToken)
   at ReportePrematch.Web.Services.Clients.ApiClient.GetQueryAsync[T](String endpoint, Dictionary`2 query, CancellationToken ct) in D:\GITHUB\ReportePrematch.Web\ReportePrematch.Web\Services\Clients\ApiClient.cs:line 46
2026-08-08 16:35:39.086 -04:00 [ERR] Error GET+QS api/Reportes/VentasPorAgenteWeb
System.Net.Http.HttpRequestException: An error occurred while sending the request.
 ---> System.IO.IOException: Unable to read data from the transport connection: Se ha forzado la interrupción de una conexión existente por el host remoto..
 ---> System.Net.Sockets.SocketException (10054): Se ha forzado la interrupción de una conexión existente por el host remoto.
   --- End of inner exception stack trace ---
   at System.Net.Sockets.Socket.AwaitableSocketAsyncEventArgs.ThrowException(SocketError error, CancellationToken cancellationToken)
   at System.Net.Sockets.Socket.AwaitableSocketAsyncEventArgs.System.Threading.Tasks.Sources.IValueTaskSource<System.Int32>.GetResult(Int16 token)
   at System.Net.Security.SslStream.EnsureFullTlsFrameAsync[TIOAdapter](CancellationToken cancellationToken, Int32 estimatedSize)
   at System.Runtime.CompilerServices.PoolingAsyncValueTaskMethodBuilder`1.StateMachineBox`1.System.Threading.Tasks.Sources.IValueTaskSource<TResult>.GetResult(Int16 token)
   at System.Net.Security.SslStream.ReadAsyncInternal[TIOAdapter](Memory`1 buffer, CancellationToken cancellationToken)
   at System.Runtime.CompilerServices.PoolingAsyncValueTaskMethodBuilder`1.StateMachineBox`1.System.Threading.Tasks.Sources.IValueTaskSource<TResult>.GetResult(Int16 token)
   at System.Net.Http.HttpConnection.InitialFillAsync(Boolean async)
   at System.Net.Http.HttpConnection.SendAsync(HttpRequestMessage request, Boolean async, CancellationToken cancellationToken)
   --- End of inner exception stack trace ---
   at System.Net.Http.HttpConnection.SendAsync(HttpRequestMessage request, Boolean async, CancellationToken cancellationToken)
   at System.Net.Http.HttpConnectionPool.SendWithVersionDetectionAndRetryAsync(HttpRequestMessage request, Boolean async, Boolean doRequestAuth, CancellationToken cancellationToken)
   at System.Net.Http.DiagnosticsHandler.SendAsyncCore(HttpRequestMessage request, Boolean async, CancellationToken cancellationToken)
   at System.Net.Http.RedirectHandler.SendAsync(HttpRequestMessage request, Boolean async, CancellationToken cancellationToken)
   at System.Net.Http.SocketsHttpHandler.<SendAsync>g__CreateHandlerAndSendAsync|115_0(HttpRequestMessage request, CancellationToken cancellationToken)
   at Microsoft.Extensions.Http.Logging.LoggingHttpMessageHandler.<SendCoreAsync>g__Core|4_0(HttpRequestMessage request, Boolean useAsync, CancellationToken cancellationToken)
   at Microsoft.Extensions.Http.Logging.LoggingScopeHttpMessageHandler.<SendCoreAsync>g__Core|4_0(HttpRequestMessage request, Boolean useAsync, CancellationToken cancellationToken)
   at System.Net.Http.HttpClient.<SendAsync>g__Core|83_0(HttpRequestMessage request, HttpCompletionOption completionOption, CancellationTokenSource cts, Boolean disposeCts, CancellationTokenSource pendingRequestsCts, CancellationToken originalCancellationToken)
   at ReportePrematch.Web.Services.Clients.ApiClient.GetQueryAsync[T](String endpoint, Dictionary`2 query, CancellationToken ct) in D:\GITHUB\ReportePrematch.Web\ReportePrematch.Web\Services\Clients\ApiClient.cs:line 46
2026-08-08 16:35:39.251 -04:00 [ERR] HTTP POST /Reportes/GetVentasPorAgenteTaq responded 500 in 6992.3827 ms
System.Net.Http.HttpRequestException: An error occurred while sending the request.
 ---> System.IO.IOException: Unable to read data from the transport connection: Se ha forzado la interrupción de una conexión existente por el host remoto..
 ---> System.Net.Sockets.SocketException (10054): Se ha forzado la interrupción de una conexión existente por el host remoto.
   --- End of inner exception stack trace ---
   at System.Net.Sockets.Socket.AwaitableSocketAsyncEventArgs.ThrowException(SocketError error, CancellationToken cancellationToken)
   at System.Net.Sockets.Socket.AwaitableSocketAsyncEventArgs.System.Threading.Tasks.Sources.IValueTaskSource<System.Int32>.GetResult(Int16 token)
   at System.Net.Security.SslStream.EnsureFullTlsFrameAsync[TIOAdapter](CancellationToken cancellationToken, Int32 estimatedSize)
   at System.Runtime.CompilerServices.PoolingAsyncValueTaskMethodBuilder`1.StateMachineBox`1.System.Threading.Tasks.Sources.IValueTaskSource<TResult>.GetResult(Int16 token)
   at System.Net.Security.SslStream.ReadAsyncInternal[TIOAdapter](Memory`1 buffer, CancellationToken cancellationToken)
   at System.Runtime.CompilerServices.PoolingAsyncValueTaskMethodBuilder`1.StateMachineBox`1.System.Threading.Tasks.Sources.IValueTaskSource<TResult>.GetResult(Int16 token)
   at System.Net.Http.HttpConnection.InitialFillAsync(Boolean async)
   at System.Net.Http.HttpConnection.SendAsync(HttpRequestMessage request, Boolean async, CancellationToken cancellationToken)
   --- End of inner exception stack trace ---
   at System.Net.Http.HttpConnection.SendAsync(HttpRequestMessage request, Boolean async, CancellationToken cancellationToken)
   at System.Net.Http.HttpConnectionPool.SendWithVersionDetectionAndRetryAsync(HttpRequestMessage request, Boolean async, Boolean doRequestAuth, CancellationToken cancellationToken)
   at System.Net.Http.DiagnosticsHandler.SendAsyncCore(HttpRequestMessage request, Boolean async, CancellationToken cancellationToken)
   at System.Net.Http.RedirectHandler.SendAsync(HttpRequestMessage request, Boolean async, CancellationToken cancellationToken)
   at System.Net.Http.SocketsHttpHandler.<SendAsync>g__CreateHandlerAndSendAsync|115_0(HttpRequestMessage request, CancellationToken cancellationToken)
   at Microsoft.Extensions.Http.Logging.LoggingHttpMessageHandler.<SendCoreAsync>g__Core|4_0(HttpRequestMessage request, Boolean useAsync, CancellationToken cancellationToken)
   at Microsoft.Extensions.Http.Logging.LoggingScopeHttpMessageHandler.<SendCoreAsync>g__Core|4_0(HttpRequestMessage request, Boolean useAsync, CancellationToken cancellationToken)
   at System.Net.Http.HttpClient.<SendAsync>g__Core|83_0(HttpRequestMessage request, HttpCompletionOption completionOption, CancellationTokenSource cts, Boolean disposeCts, CancellationTokenSource pendingRequestsCts, CancellationToken originalCancellationToken)
   at ReportePrematch.Web.Services.Clients.ApiClient.GetQueryAsync[T](String endpoint, Dictionary`2 query, CancellationToken ct) in D:\GITHUB\ReportePrematch.Web\ReportePrematch.Web\Services\Clients\ApiClient.cs:line 46
   at ReportePrematch.Web.Services.Clients.ReportesService.GetVentasPorAgenteTaqAsync(String fechaD, String fechaH, String agente, String local, String pais, String role) in D:\GITHUB\ReportePrematch.Web\ReportePrematch.Web\Services\Clients\ReportesService.cs:line 911
   at ReportePrematch.Web.Controllers.ReportesController.GetVentasPorAgenteTaq(String fechaD, String fechaH, String agente, String pais) in D:\GITHUB\ReportePrematch.Web\ReportePrematch.Web\Controllers\ReportesController.cs:line 75
   at Microsoft.AspNetCore.Mvc.Infrastructure.ActionMethodExecutor.TaskOfIActionResultExecutor.Execute(ActionContext actionContext, IActionResultTypeMapper mapper, ObjectMethodExecutor executor, Object controller, Object[] arguments)
   at Microsoft.AspNetCore.Mvc.Infrastructure.ControllerActionInvoker.<InvokeActionMethodAsync>g__Awaited|12_0(ControllerActionInvoker invoker, ValueTask`1 actionResultValueTask)
   at Microsoft.AspNetCore.Mvc.Infrastructure.ControllerActionInvoker.<InvokeNextActionFilterAsync>g__Awaited|10_0(ControllerActionInvoker invoker, Task lastTask, State next, Scope scope, Object state, Boolean isCompleted)
   at Microsoft.AspNetCore.Mvc.Infrastructure.ControllerActionInvoker.Rethrow(ActionExecutedContextSealed context)
   at Microsoft.AspNetCore.Mvc.Infrastructure.ControllerActionInvoker.Next(State& next, Scope& scope, Object& state, Boolean& isCompleted)
   at Microsoft.AspNetCore.Mvc.Infrastructure.ControllerActionInvoker.<InvokeInnerFilterAsync>g__Awaited|13_0(ControllerActionInvoker invoker, Task lastTask, State next, Scope scope, Object state, Boolean isCompleted)
   at Microsoft.AspNetCore.Mvc.Infrastructure.ResourceInvoker.<InvokeNextResourceFilter>g__Awaited|25_0(ResourceInvoker invoker, Task lastTask, State next, Scope scope, Object state, Boolean isCompleted)
   at Microsoft.AspNetCore.Mvc.Infrastructure.ResourceInvoker.Rethrow(ResourceExecutedContextSealed context)
   at Microsoft.AspNetCore.Mvc.Infrastructure.ResourceInvoker.Next(State& next, Scope& scope, Object& state, Boolean& isCompleted)
   at Microsoft.AspNetCore.Mvc.Infrastructure.ResourceInvoker.<InvokeFilterPipelineAsync>g__Awaited|20_0(ResourceInvoker invoker, Task lastTask, State next, Scope scope, Object state, Boolean isCompleted)
   at Microsoft.AspNetCore.Mvc.Infrastructure.ResourceInvoker.<InvokeAsync>g__Awaited|17_0(ResourceInvoker invoker, Task task, IDisposable scope)
   at Microsoft.AspNetCore.Mvc.Infrastructure.ResourceInvoker.<InvokeAsync>g__Awaited|17_0(ResourceInvoker invoker, Task task, IDisposable scope)
   at Microsoft.AspNetCore.Authorization.AuthorizationMiddleware.Invoke(HttpContext context)
   at Microsoft.AspNetCore.Session.SessionMiddleware.Invoke(HttpContext context)
   at Microsoft.AspNetCore.Session.SessionMiddleware.Invoke(HttpContext context)
   at Serilog.AspNetCore.RequestLoggingMiddleware.Invoke(HttpContext httpContext)
2026-08-08 16:35:39.363 -04:00 [ERR] HTTP POST /Reportes/GetVentasPorAgenteWeb responded 500 in 7103.8616 ms
System.Net.Http.HttpRequestException: An error occurred while sending the request.
 ---> System.IO.IOException: Unable to read data from the transport connection: Se ha forzado la interrupción de una conexión existente por el host remoto..
 ---> System.Net.Sockets.SocketException (10054): Se ha forzado la interrupción de una conexión existente por el host remoto.
   --- End of inner exception stack trace ---
   at System.Net.Sockets.Socket.AwaitableSocketAsyncEventArgs.ThrowException(SocketError error, CancellationToken cancellationToken)
   at System.Net.Sockets.Socket.AwaitableSocketAsyncEventArgs.System.Threading.Tasks.Sources.IValueTaskSource<System.Int32>.GetResult(Int16 token)
   at System.Net.Security.SslStream.EnsureFullTlsFrameAsync[TIOAdapter](CancellationToken cancellationToken, Int32 estimatedSize)
   at System.Runtime.CompilerServices.PoolingAsyncValueTaskMethodBuilder`1.StateMachineBox`1.System.Threading.Tasks.Sources.IValueTaskSource<TResult>.GetResult(Int16 token)
   at System.Net.Security.SslStream.ReadAsyncInternal[TIOAdapter](Memory`1 buffer, CancellationToken cancellationToken)
   at System.Runtime.CompilerServices.PoolingAsyncValueTaskMethodBuilder`1.StateMachineBox`1.System.Threading.Tasks.Sources.IValueTaskSource<TResult>.GetResult(Int16 token)
   at System.Net.Http.HttpConnection.InitialFillAsync(Boolean async)
   at System.Net.Http.HttpConnection.SendAsync(HttpRequestMessage request, Boolean async, CancellationToken cancellationToken)
   --- End of inner exception stack trace ---
   at System.Net.Http.HttpConnection.SendAsync(HttpRequestMessage request, Boolean async, CancellationToken cancellationToken)
   at System.Net.Http.HttpConnectionPool.SendWithVersionDetectionAndRetryAsync(HttpRequestMessage request, Boolean async, Boolean doRequestAuth, CancellationToken cancellationToken)
   at System.Net.Http.DiagnosticsHandler.SendAsyncCore(HttpRequestMessage request, Boolean async, CancellationToken cancellationToken)
   at System.Net.Http.RedirectHandler.SendAsync(HttpRequestMessage request, Boolean async, CancellationToken cancellationToken)
   at System.Net.Http.SocketsHttpHandler.<SendAsync>g__CreateHandlerAndSendAsync|115_0(HttpRequestMessage request, CancellationToken cancellationToken)
   at Microsoft.Extensions.Http.Logging.LoggingHttpMessageHandler.<SendCoreAsync>g__Core|4_0(HttpRequestMessage request, Boolean useAsync, CancellationToken cancellationToken)
   at Microsoft.Extensions.Http.Logging.LoggingScopeHttpMessageHandler.<SendCoreAsync>g__Core|4_0(HttpRequestMessage request, Boolean useAsync, CancellationToken cancellationToken)
   at System.Net.Http.HttpClient.<SendAsync>g__Core|83_0(HttpRequestMessage request, HttpCompletionOption completionOption, CancellationTokenSource cts, Boolean disposeCts, CancellationTokenSource pendingRequestsCts, CancellationToken originalCancellationToken)
   at ReportePrematch.Web.Services.Clients.ApiClient.GetQueryAsync[T](String endpoint, Dictionary`2 query, CancellationToken ct) in D:\GITHUB\ReportePrematch.Web\ReportePrematch.Web\Services\Clients\ApiClient.cs:line 46
   at ReportePrematch.Web.Services.Clients.ReportesService.GetVentasPorAgenteWebAsync(String fechaD, String fechaH, String agente, String pais, String role) in D:\GITHUB\ReportePrematch.Web\ReportePrematch.Web\Services\Clients\ReportesService.cs:line 895
   at ReportePrematch.Web.Controllers.ReportesController.GetVentasPorAgenteWeb(String fechaD, String fechaH, String agente, String pais) in D:\GITHUB\ReportePrematch.Web\ReportePrematch.Web\Controllers\ReportesController.cs:line 64
   at Microsoft.AspNetCore.Mvc.Infrastructure.ActionMethodExecutor.TaskOfIActionResultExecutor.Execute(ActionContext actionContext, IActionResultTypeMapper mapper, ObjectMethodExecutor executor, Object controller, Object[] arguments)
   at Microsoft.AspNetCore.Mvc.Infrastructure.ControllerActionInvoker.<InvokeActionMethodAsync>g__Awaited|12_0(ControllerActionInvoker invoker, ValueTask`1 actionResultValueTask)
   at Microsoft.AspNetCore.Mvc.Infrastructure.ControllerActionInvoker.<InvokeNextActionFilterAsync>g__Awaited|10_0(ControllerActionInvoker invoker, Task lastTask, State next, Scope scope, Object state, Boolean isCompleted)
   at Microsoft.AspNetCore.Mvc.Infrastructure.ControllerActionInvoker.Rethrow(ActionExecutedContextSealed context)
   at Microsoft.AspNetCore.Mvc.Infrastructure.ControllerActionInvoker.Next(State& next, Scope& scope, Object& state, Boolean& isCompleted)
   at Microsoft.AspNetCore.Mvc.Infrastructure.ControllerActionInvoker.<InvokeInnerFilterAsync>g__Awaited|13_0(ControllerActionInvoker invoker, Task lastTask, State next, Scope scope, Object state, Boolean isCompleted)
   at Microsoft.AspNetCore.Mvc.Infrastructure.ResourceInvoker.<InvokeNextResourceFilter>g__Awaited|25_0(ResourceInvoker invoker, Task lastTask, State next, Scope scope, Object state, Boolean isCompleted)
   at Microsoft.AspNetCore.Mvc.Infrastructure.ResourceInvoker.Rethrow(ResourceExecutedContextSealed context)
   at Microsoft.AspNetCore.Mvc.Infrastructure.ResourceInvoker.Next(State& next, Scope& scope, Object& state, Boolean& isCompleted)
   at Microsoft.AspNetCore.Mvc.Infrastructure.ResourceInvoker.<InvokeFilterPipelineAsync>g__Awaited|20_0(ResourceInvoker invoker, Task lastTask, State next, Scope scope, Object state, Boolean isCompleted)
   at Microsoft.AspNetCore.Mvc.Infrastructure.ResourceInvoker.<InvokeAsync>g__Awaited|17_0(ResourceInvoker invoker, Task task, IDisposable scope)
   at Microsoft.AspNetCore.Mvc.Infrastructure.ResourceInvoker.<InvokeAsync>g__Awaited|17_0(ResourceInvoker invoker, Task task, IDisposable scope)
   at Microsoft.AspNetCore.Authorization.AuthorizationMiddleware.Invoke(HttpContext context)
   at Microsoft.AspNetCore.Session.SessionMiddleware.Invoke(HttpContext context)
   at Microsoft.AspNetCore.Session.SessionMiddleware.Invoke(HttpContext context)
   at Serilog.AspNetCore.RequestLoggingMiddleware.Invoke(HttpContext httpContext)
2026-08-08 16:35:39.372 -04:00 [ERR] An unhandled exception has occurred while executing the request.
System.Net.Http.HttpRequestException: An error occurred while sending the request.
 ---> System.IO.IOException: Unable to read data from the transport connection: Se ha forzado la interrupción de una conexión existente por el host remoto..
 ---> System.Net.Sockets.SocketException (10054): Se ha forzado la interrupción de una conexión existente por el host remoto.
   --- End of inner exception stack trace ---
   at System.Net.Sockets.Socket.AwaitableSocketAsyncEventArgs.ThrowException(SocketError error, CancellationToken cancellationToken)
   at System.Net.Sockets.Socket.AwaitableSocketAsyncEventArgs.System.Threading.Tasks.Sources.IValueTaskSource<System.Int32>.GetResult(Int16 token)
   at System.Net.Security.SslStream.EnsureFullTlsFrameAsync[TIOAdapter](CancellationToken cancellationToken, Int32 estimatedSize)
   at System.Runtime.CompilerServices.PoolingAsyncValueTaskMethodBuilder`1.StateMachineBox`1.System.Threading.Tasks.Sources.IValueTaskSource<TResult>.GetResult(Int16 token)
   at System.Net.Security.SslStream.ReadAsyncInternal[TIOAdapter](Memory`1 buffer, CancellationToken cancellationToken)
   at System.Runtime.CompilerServices.PoolingAsyncValueTaskMethodBuilder`1.StateMachineBox`1.System.Threading.Tasks.Sources.IValueTaskSource<TResult>.GetResult(Int16 token)
   at System.Net.Http.HttpConnection.InitialFillAsync(Boolean async)
   at System.Net.Http.HttpConnection.SendAsync(HttpRequestMessage request, Boolean async, CancellationToken cancellationToken)
   --- End of inner exception stack trace ---
   at System.Net.Http.HttpConnection.SendAsync(HttpRequestMessage request, Boolean async, CancellationToken cancellationToken)
   at System.Net.Http.HttpConnectionPool.SendWithVersionDetectionAndRetryAsync(HttpRequestMessage request, Boolean async, Boolean doRequestAuth, CancellationToken cancellationToken)
   at System.Net.Http.DiagnosticsHandler.SendAsyncCore(HttpRequestMessage request, Boolean async, CancellationToken cancellationToken)
   at System.Net.Http.RedirectHandler.SendAsync(HttpRequestMessage request, Boolean async, CancellationToken cancellationToken)
   at System.Net.Http.SocketsHttpHandler.<SendAsync>g__CreateHandlerAndSendAsync|115_0(HttpRequestMessage request, CancellationToken cancellationToken)
   at Microsoft.Extensions.Http.Logging.LoggingHttpMessageHandler.<SendCoreAsync>g__Core|4_0(HttpRequestMessage request, Boolean useAsync, CancellationToken cancellationToken)
   at Microsoft.Extensions.Http.Logging.LoggingScopeHttpMessageHandler.<SendCoreAsync>g__Core|4_0(HttpRequestMessage request, Boolean useAsync, CancellationToken cancellationToken)
   at System.Net.Http.HttpClient.<SendAsync>g__Core|83_0(HttpRequestMessage request, HttpCompletionOption completionOption, CancellationTokenSource cts, Boolean disposeCts, CancellationTokenSource pendingRequestsCts, CancellationToken originalCancellationToken)
   at ReportePrematch.Web.Services.Clients.ApiClient.GetQueryAsync[T](String endpoint, Dictionary`2 query, CancellationToken ct) in D:\GITHUB\ReportePrematch.Web\ReportePrematch.Web\Services\Clients\ApiClient.cs:line 46
   at ReportePrematch.Web.Services.Clients.ReportesService.GetVentasPorAgenteTaqAsync(String fechaD, String fechaH, String agente, String local, String pais, String role) in D:\GITHUB\ReportePrematch.Web\ReportePrematch.Web\Services\Clients\ReportesService.cs:line 911
   at ReportePrematch.Web.Controllers.ReportesController.GetVentasPorAgenteTaq(String fechaD, String fechaH, String agente, String pais) in D:\GITHUB\ReportePrematch.Web\ReportePrematch.Web\Controllers\ReportesController.cs:line 75
   at Microsoft.AspNetCore.Mvc.Infrastructure.ActionMethodExecutor.TaskOfIActionResultExecutor.Execute(ActionContext actionContext, IActionResultTypeMapper mapper, ObjectMethodExecutor executor, Object controller, Object[] arguments)
   at Microsoft.AspNetCore.Mvc.Infrastructure.ControllerActionInvoker.<InvokeActionMethodAsync>g__Awaited|12_0(ControllerActionInvoker invoker, ValueTask`1 actionResultValueTask)
   at Microsoft.AspNetCore.Mvc.Infrastructure.ControllerActionInvoker.<InvokeNextActionFilterAsync>g__Awaited|10_0(ControllerActionInvoker invoker, Task lastTask, State next, Scope scope, Object state, Boolean isCompleted)
   at Microsoft.AspNetCore.Mvc.Infrastructure.ControllerActionInvoker.Rethrow(ActionExecutedContextSealed context)
   at Microsoft.AspNetCore.Mvc.Infrastructure.ControllerActionInvoker.Next(State& next, Scope& scope, Object& state, Boolean& isCompleted)
   at Microsoft.AspNetCore.Mvc.Infrastructure.ControllerActionInvoker.<InvokeInnerFilterAsync>g__Awaited|13_0(ControllerActionInvoker invoker, Task lastTask, State next, Scope scope, Object state, Boolean isCompleted)
   at Microsoft.AspNetCore.Mvc.Infrastructure.ResourceInvoker.<InvokeNextResourceFilter>g__Awaited|25_0(ResourceInvoker invoker, Task lastTask, State next, Scope scope, Object state, Boolean isCompleted)
   at Microsoft.AspNetCore.Mvc.Infrastructure.ResourceInvoker.Rethrow(ResourceExecutedContextSealed context)
   at Microsoft.AspNetCore.Mvc.Infrastructure.ResourceInvoker.Next(State& next, Scope& scope, Object& state, Boolean& isCompleted)
   at Microsoft.AspNetCore.Mvc.Infrastructure.ResourceInvoker.<InvokeFilterPipelineAsync>g__Awaited|20_0(ResourceInvoker invoker, Task lastTask, State next, Scope scope, Object state, Boolean isCompleted)
   at Microsoft.AspNetCore.Mvc.Infrastructure.ResourceInvoker.<InvokeAsync>g__Awaited|17_0(ResourceInvoker invoker, Task task, IDisposable scope)
   at Microsoft.AspNetCore.Mvc.Infrastructure.ResourceInvoker.<InvokeAsync>g__Awaited|17_0(ResourceInvoker invoker, Task task, IDisposable scope)
   at Microsoft.AspNetCore.Authorization.AuthorizationMiddleware.Invoke(HttpContext context)
   at Microsoft.AspNetCore.Session.SessionMiddleware.Invoke(HttpContext context)
   at Microsoft.AspNetCore.Session.SessionMiddleware.Invoke(HttpContext context)
   at Serilog.AspNetCore.RequestLoggingMiddleware.Invoke(HttpContext httpContext)
   at Microsoft.AspNetCore.Authentication.AuthenticationMiddleware.Invoke(HttpContext context)
   at Microsoft.AspNetCore.Diagnostics.DeveloperExceptionPageMiddlewareImpl.Invoke(HttpContext context)
2026-08-08 16:35:39.381 -04:00 [ERR] An unhandled exception has occurred while executing the request.
System.Net.Http.HttpRequestException: An error occurred while sending the request.
 ---> System.IO.IOException: Unable to read data from the transport connection: Se ha forzado la interrupción de una conexión existente por el host remoto..
 ---> System.Net.Sockets.SocketException (10054): Se ha forzado la interrupción de una conexión existente por el host remoto.
   --- End of inner exception stack trace ---
   at System.Net.Sockets.Socket.AwaitableSocketAsyncEventArgs.ThrowException(SocketError error, CancellationToken cancellationToken)
   at System.Net.Sockets.Socket.AwaitableSocketAsyncEventArgs.System.Threading.Tasks.Sources.IValueTaskSource<System.Int32>.GetResult(Int16 token)
   at System.Net.Security.SslStream.EnsureFullTlsFrameAsync[TIOAdapter](CancellationToken cancellationToken, Int32 estimatedSize)
   at System.Runtime.CompilerServices.PoolingAsyncValueTaskMethodBuilder`1.StateMachineBox`1.System.Threading.Tasks.Sources.IValueTaskSource<TResult>.GetResult(Int16 token)
   at System.Net.Security.SslStream.ReadAsyncInternal[TIOAdapter](Memory`1 buffer, CancellationToken cancellationToken)
   at System.Runtime.CompilerServices.PoolingAsyncValueTaskMethodBuilder`1.StateMachineBox`1.System.Threading.Tasks.Sources.IValueTaskSource<TResult>.GetResult(Int16 token)
   at System.Net.Http.HttpConnection.InitialFillAsync(Boolean async)
   at System.Net.Http.HttpConnection.SendAsync(HttpRequestMessage request, Boolean async, CancellationToken cancellationToken)
   --- End of inner exception stack trace ---
   at System.Net.Http.HttpConnection.SendAsync(HttpRequestMessage request, Boolean async, CancellationToken cancellationToken)
   at System.Net.Http.HttpConnectionPool.SendWithVersionDetectionAndRetryAsync(HttpRequestMessage request, Boolean async, Boolean doRequestAuth, CancellationToken cancellationToken)
   at System.Net.Http.DiagnosticsHandler.SendAsyncCore(HttpRequestMessage request, Boolean async, CancellationToken cancellationToken)
   at System.Net.Http.RedirectHandler.SendAsync(HttpRequestMessage request, Boolean async, CancellationToken cancellationToken)
   at System.Net.Http.SocketsHttpHandler.<SendAsync>g__CreateHandlerAndSendAsync|115_0(HttpRequestMessage request, CancellationToken cancellationToken)
   at Microsoft.Extensions.Http.Logging.LoggingHttpMessageHandler.<SendCoreAsync>g__Core|4_0(HttpRequestMessage request, Boolean useAsync, CancellationToken cancellationToken)
   at Microsoft.Extensions.Http.Logging.LoggingScopeHttpMessageHandler.<SendCoreAsync>g__Core|4_0(HttpRequestMessage request, Boolean useAsync, CancellationToken cancellationToken)
   at System.Net.Http.HttpClient.<SendAsync>g__Core|83_0(HttpRequestMessage request, HttpCompletionOption completionOption, CancellationTokenSource cts, Boolean disposeCts, CancellationTokenSource pendingRequestsCts, CancellationToken originalCancellationToken)
   at ReportePrematch.Web.Services.Clients.ApiClient.GetQueryAsync[T](String endpoint, Dictionary`2 query, CancellationToken ct) in D:\GITHUB\ReportePrematch.Web\ReportePrematch.Web\Services\Clients\ApiClient.cs:line 46
   at ReportePrematch.Web.Services.Clients.ReportesService.GetVentasPorAgenteWebAsync(String fechaD, String fechaH, String agente, String pais, String role) in D:\GITHUB\ReportePrematch.Web\ReportePrematch.Web\Services\Clients\ReportesService.cs:line 895
   at ReportePrematch.Web.Controllers.ReportesController.GetVentasPorAgenteWeb(String fechaD, String fechaH, String agente, String pais) in D:\GITHUB\ReportePrematch.Web\ReportePrematch.Web\Controllers\ReportesController.cs:line 64
   at Microsoft.AspNetCore.Mvc.Infrastructure.ActionMethodExecutor.TaskOfIActionResultExecutor.Execute(ActionContext actionContext, IActionResultTypeMapper mapper, ObjectMethodExecutor executor, Object controller, Object[] arguments)
   at Microsoft.AspNetCore.Mvc.Infrastructure.ControllerActionInvoker.<InvokeActionMethodAsync>g__Awaited|12_0(ControllerActionInvoker invoker, ValueTask`1 actionResultValueTask)
   at Microsoft.AspNetCore.Mvc.Infrastructure.ControllerActionInvoker.<InvokeNextActionFilterAsync>g__Awaited|10_0(ControllerActionInvoker invoker, Task lastTask, State next, Scope scope, Object state, Boolean isCompleted)
   at Microsoft.AspNetCore.Mvc.Infrastructure.ControllerActionInvoker.Rethrow(ActionExecutedContextSealed context)
   at Microsoft.AspNetCore.Mvc.Infrastructure.ControllerActionInvoker.Next(State& next, Scope& scope, Object& state, Boolean& isCompleted)
   at Microsoft.AspNetCore.Mvc.Infrastructure.ControllerActionInvoker.<InvokeInnerFilterAsync>g__Awaited|13_0(ControllerActionInvoker invoker, Task lastTask, State next, Scope scope, Object state, Boolean isCompleted)
   at Microsoft.AspNetCore.Mvc.Infrastructure.ResourceInvoker.<InvokeNextResourceFilter>g__Awaited|25_0(ResourceInvoker invoker, Task lastTask, State next, Scope scope, Object state, Boolean isCompleted)
   at Microsoft.AspNetCore.Mvc.Infrastructure.ResourceInvoker.Rethrow(ResourceExecutedContextSealed context)
   at Microsoft.AspNetCore.Mvc.Infrastructure.ResourceInvoker.Next(State& next, Scope& scope, Object& state, Boolean& isCompleted)
   at Microsoft.AspNetCore.Mvc.Infrastructure.ResourceInvoker.<InvokeFilterPipelineAsync>g__Awaited|20_0(ResourceInvoker invoker, Task lastTask, State next, Scope scope, Object state, Boolean isCompleted)
   at Microsoft.AspNetCore.Mvc.Infrastructure.ResourceInvoker.<InvokeAsync>g__Awaited|17_0(ResourceInvoker invoker, Task task, IDisposable scope)
   at Microsoft.AspNetCore.Mvc.Infrastructure.ResourceInvoker.<InvokeAsync>g__Awaited|17_0(ResourceInvoker invoker, Task task, IDisposable scope)
   at Microsoft.AspNetCore.Authorization.AuthorizationMiddleware.Invoke(HttpContext context)
   at Microsoft.AspNetCore.Session.SessionMiddleware.Invoke(HttpContext context)
   at Microsoft.AspNetCore.Session.SessionMiddleware.Invoke(HttpContext context)
   at Serilog.AspNetCore.RequestLoggingMiddleware.Invoke(HttpContext httpContext)
   at Microsoft.AspNetCore.Authentication.AuthenticationMiddleware.Invoke(HttpContext context)
   at Microsoft.AspNetCore.Diagnostics.DeveloperExceptionPageMiddlewareImpl.Invoke(HttpContext context)
2026-08-08 16:35:44.960 -04:00 [INF] HTTP GET /Home/Dashboard responded 200 in 0.8186 ms
2026-08-08 16:36:26.669 -04:00 [ERR] Error GET+QS api/Reportes/VentasPorAgenteWeb
System.Net.Http.HttpRequestException: An error occurred while sending the request.
 ---> System.IO.IOException: Unable to read data from the transport connection: Se ha forzado la interrupción de una conexión existente por el host remoto..
 ---> System.Net.Sockets.SocketException (10054): Se ha forzado la interrupción de una conexión existente por el host remoto.
   --- End of inner exception stack trace ---
   at System.Net.Sockets.Socket.AwaitableSocketAsyncEventArgs.ThrowException(SocketError error, CancellationToken cancellationToken)
   at System.Net.Sockets.Socket.AwaitableSocketAsyncEventArgs.System.Threading.Tasks.Sources.IValueTaskSource<System.Int32>.GetResult(Int16 token)
   at System.Net.Security.SslStream.EnsureFullTlsFrameAsync[TIOAdapter](CancellationToken cancellationToken, Int32 estimatedSize)
   at System.Runtime.CompilerServices.PoolingAsyncValueTaskMethodBuilder`1.StateMachineBox`1.System.Threading.Tasks.Sources.IValueTaskSource<TResult>.GetResult(Int16 token)
   at System.Net.Security.SslStream.ReadAsyncInternal[TIOAdapter](Memory`1 buffer, CancellationToken cancellationToken)
   at System.Runtime.CompilerServices.PoolingAsyncValueTaskMethodBuilder`1.StateMachineBox`1.System.Threading.Tasks.Sources.IValueTaskSource<TResult>.GetResult(Int16 token)
   at System.Net.Http.HttpConnection.InitialFillAsync(Boolean async)
   at System.Net.Http.HttpConnection.SendAsync(HttpRequestMessage request, Boolean async, CancellationToken cancellationToken)
   --- End of inner exception stack trace ---
   at System.Net.Http.HttpConnection.SendAsync(HttpRequestMessage request, Boolean async, CancellationToken cancellationToken)
   at System.Net.Http.HttpConnectionPool.SendWithVersionDetectionAndRetryAsync(HttpRequestMessage request, Boolean async, Boolean doRequestAuth, CancellationToken cancellationToken)
   at System.Net.Http.DiagnosticsHandler.SendAsyncCore(HttpRequestMessage request, Boolean async, CancellationToken cancellationToken)
   at System.Net.Http.RedirectHandler.SendAsync(HttpRequestMessage request, Boolean async, CancellationToken cancellationToken)
   at Microsoft.Extensions.Http.Logging.LoggingHttpMessageHandler.<SendCoreAsync>g__Core|4_0(HttpRequestMessage request, Boolean useAsync, CancellationToken cancellationToken)
   at Microsoft.Extensions.Http.Logging.LoggingScopeHttpMessageHandler.<SendCoreAsync>g__Core|4_0(HttpRequestMessage request, Boolean useAsync, CancellationToken cancellationToken)
   at System.Net.Http.HttpClient.<SendAsync>g__Core|83_0(HttpRequestMessage request, HttpCompletionOption completionOption, CancellationTokenSource cts, Boolean disposeCts, CancellationTokenSource pendingRequestsCts, CancellationToken originalCancellationToken)
   at ReportePrematch.Web.Services.Clients.ApiClient.GetQueryAsync[T](String endpoint, Dictionary`2 query, CancellationToken ct) in D:\GITHUB\ReportePrematch.Web\ReportePrematch.Web\Services\Clients\ApiClient.cs:line 46
2026-08-08 16:36:26.681 -04:00 [ERR] Error GET+QS api/Reportes/VentasPorAgenteTaq
System.Net.Http.HttpRequestException: An error occurred while sending the request.
 ---> System.IO.IOException: Unable to read data from the transport connection: Se ha forzado la interrupción de una conexión existente por el host remoto..
 ---> System.Net.Sockets.SocketException (10054): Se ha forzado la interrupción de una conexión existente por el host remoto.
   --- End of inner exception stack trace ---
   at System.Net.Sockets.Socket.AwaitableSocketAsyncEventArgs.ThrowException(SocketError error, CancellationToken cancellationToken)
   at System.Net.Sockets.Socket.AwaitableSocketAsyncEventArgs.System.Threading.Tasks.Sources.IValueTaskSource<System.Int32>.GetResult(Int16 token)
   at System.Net.Security.SslStream.EnsureFullTlsFrameAsync[TIOAdapter](CancellationToken cancellationToken, Int32 estimatedSize)
   at System.Runtime.CompilerServices.PoolingAsyncValueTaskMethodBuilder`1.StateMachineBox`1.System.Threading.Tasks.Sources.IValueTaskSource<TResult>.GetResult(Int16 token)
   at System.Net.Security.SslStream.ReadAsyncInternal[TIOAdapter](Memory`1 buffer, CancellationToken cancellationToken)
   at System.Runtime.CompilerServices.PoolingAsyncValueTaskMethodBuilder`1.StateMachineBox`1.System.Threading.Tasks.Sources.IValueTaskSource<TResult>.GetResult(Int16 token)
   at System.Net.Http.HttpConnection.InitialFillAsync(Boolean async)
   at System.Net.Http.HttpConnection.SendAsync(HttpRequestMessage request, Boolean async, CancellationToken cancellationToken)
   --- End of inner exception stack trace ---
   at System.Net.Http.HttpConnection.SendAsync(HttpRequestMessage request, Boolean async, CancellationToken cancellationToken)
   at System.Net.Http.HttpConnectionPool.SendWithVersionDetectionAndRetryAsync(HttpRequestMessage request, Boolean async, Boolean doRequestAuth, CancellationToken cancellationToken)
   at System.Net.Http.DiagnosticsHandler.SendAsyncCore(HttpRequestMessage request, Boolean async, CancellationToken cancellationToken)
   at System.Net.Http.RedirectHandler.SendAsync(HttpRequestMessage request, Boolean async, CancellationToken cancellationToken)
   at Microsoft.Extensions.Http.Logging.LoggingHttpMessageHandler.<SendCoreAsync>g__Core|4_0(HttpRequestMessage request, Boolean useAsync, CancellationToken cancellationToken)
   at Microsoft.Extensions.Http.Logging.LoggingScopeHttpMessageHandler.<SendCoreAsync>g__Core|4_0(HttpRequestMessage request, Boolean useAsync, CancellationToken cancellationToken)
   at System.Net.Http.HttpClient.<SendAsync>g__Core|83_0(HttpRequestMessage request, HttpCompletionOption completionOption, CancellationTokenSource cts, Boolean disposeCts, CancellationTokenSource pendingRequestsCts, CancellationToken originalCancellationToken)
   at ReportePrematch.Web.Services.Clients.ApiClient.GetQueryAsync[T](String endpoint, Dictionary`2 query, CancellationToken ct) in D:\GITHUB\ReportePrematch.Web\ReportePrematch.Web\Services\Clients\ApiClient.cs:line 46
2026-08-08 16:36:26.781 -04:00 [ERR] HTTP POST /Reportes/GetVentasPorAgenteWeb responded 500 in 41734.0258 ms
System.Net.Http.HttpRequestException: An error occurred while sending the request.
 ---> System.IO.IOException: Unable to read data from the transport connection: Se ha forzado la interrupción de una conexión existente por el host remoto..
 ---> System.Net.Sockets.SocketException (10054): Se ha forzado la interrupción de una conexión existente por el host remoto.
   --- End of inner exception stack trace ---
   at System.Net.Sockets.Socket.AwaitableSocketAsyncEventArgs.ThrowException(SocketError error, CancellationToken cancellationToken)
   at System.Net.Sockets.Socket.AwaitableSocketAsyncEventArgs.System.Threading.Tasks.Sources.IValueTaskSource<System.Int32>.GetResult(Int16 token)
   at System.Net.Security.SslStream.EnsureFullTlsFrameAsync[TIOAdapter](CancellationToken cancellationToken, Int32 estimatedSize)
   at System.Runtime.CompilerServices.PoolingAsyncValueTaskMethodBuilder`1.StateMachineBox`1.System.Threading.Tasks.Sources.IValueTaskSource<TResult>.GetResult(Int16 token)
   at System.Net.Security.SslStream.ReadAsyncInternal[TIOAdapter](Memory`1 buffer, CancellationToken cancellationToken)
   at System.Runtime.CompilerServices.PoolingAsyncValueTaskMethodBuilder`1.StateMachineBox`1.System.Threading.Tasks.Sources.IValueTaskSource<TResult>.GetResult(Int16 token)
   at System.Net.Http.HttpConnection.InitialFillAsync(Boolean async)
   at System.Net.Http.HttpConnection.SendAsync(HttpRequestMessage request, Boolean async, CancellationToken cancellationToken)
   --- End of inner exception stack trace ---
   at System.Net.Http.HttpConnection.SendAsync(HttpRequestMessage request, Boolean async, CancellationToken cancellationToken)
   at System.Net.Http.HttpConnectionPool.SendWithVersionDetectionAndRetryAsync(HttpRequestMessage request, Boolean async, Boolean doRequestAuth, CancellationToken cancellationToken)
   at System.Net.Http.DiagnosticsHandler.SendAsyncCore(HttpRequestMessage request, Boolean async, CancellationToken cancellationToken)
   at System.Net.Http.RedirectHandler.SendAsync(HttpRequestMessage request, Boolean async, CancellationToken cancellationToken)
   at Microsoft.Extensions.Http.Logging.LoggingHttpMessageHandler.<SendCoreAsync>g__Core|4_0(HttpRequestMessage request, Boolean useAsync, CancellationToken cancellationToken)
   at Microsoft.Extensions.Http.Logging.LoggingScopeHttpMessageHandler.<SendCoreAsync>g__Core|4_0(HttpRequestMessage request, Boolean useAsync, CancellationToken cancellationToken)
   at System.Net.Http.HttpClient.<SendAsync>g__Core|83_0(HttpRequestMessage request, HttpCompletionOption completionOption, CancellationTokenSource cts, Boolean disposeCts, CancellationTokenSource pendingRequestsCts, CancellationToken originalCancellationToken)
   at ReportePrematch.Web.Services.Clients.ApiClient.GetQueryAsync[T](String endpoint, Dictionary`2 query, CancellationToken ct) in D:\GITHUB\ReportePrematch.Web\ReportePrematch.Web\Services\Clients\ApiClient.cs:line 46
   at ReportePrematch.Web.Services.Clients.ReportesService.GetVentasPorAgenteWebAsync(String fechaD, String fechaH, String agente, String pais, String role) in D:\GITHUB\ReportePrematch.Web\ReportePrematch.Web\Services\Clients\ReportesService.cs:line 895
   at ReportePrematch.Web.Controllers.ReportesController.GetVentasPorAgenteWeb(String fechaD, String fechaH, String agente, String pais) in D:\GITHUB\ReportePrematch.Web\ReportePrematch.Web\Controllers\ReportesController.cs:line 64
   at Microsoft.AspNetCore.Mvc.Infrastructure.ActionMethodExecutor.TaskOfIActionResultExecutor.Execute(ActionContext actionContext, IActionResultTypeMapper mapper, ObjectMethodExecutor executor, Object controller, Object[] arguments)
   at Microsoft.AspNetCore.Mvc.Infrastructure.ControllerActionInvoker.<InvokeActionMethodAsync>g__Awaited|12_0(ControllerActionInvoker invoker, ValueTask`1 actionResultValueTask)
   at Microsoft.AspNetCore.Mvc.Infrastructure.ControllerActionInvoker.<InvokeNextActionFilterAsync>g__Awaited|10_0(ControllerActionInvoker invoker, Task lastTask, State next, Scope scope, Object state, Boolean isCompleted)
   at Microsoft.AspNetCore.Mvc.Infrastructure.ControllerActionInvoker.Rethrow(ActionExecutedContextSealed context)
   at Microsoft.AspNetCore.Mvc.Infrastructure.ControllerActionInvoker.Next(State& next, Scope& scope, Object& state, Boolean& isCompleted)
   at Microsoft.AspNetCore.Mvc.Infrastructure.ControllerActionInvoker.<InvokeInnerFilterAsync>g__Awaited|13_0(ControllerActionInvoker invoker, Task lastTask, State next, Scope scope, Object state, Boolean isCompleted)
   at Microsoft.AspNetCore.Mvc.Infrastructure.ResourceInvoker.<InvokeNextResourceFilter>g__Awaited|25_0(ResourceInvoker invoker, Task lastTask, State next, Scope scope, Object state, Boolean isCompleted)
   at Microsoft.AspNetCore.Mvc.Infrastructure.ResourceInvoker.Rethrow(ResourceExecutedContextSealed context)
   at Microsoft.AspNetCore.Mvc.Infrastructure.ResourceInvoker.Next(State& next, Scope& scope, Object& state, Boolean& isCompleted)
   at Microsoft.AspNetCore.Mvc.Infrastructure.ResourceInvoker.<InvokeFilterPipelineAsync>g__Awaited|20_0(ResourceInvoker invoker, Task lastTask, State next, Scope scope, Object state, Boolean isCompleted)
   at Microsoft.AspNetCore.Mvc.Infrastructure.ResourceInvoker.<InvokeAsync>g__Awaited|17_0(ResourceInvoker invoker, Task task, IDisposable scope)
   at Microsoft.AspNetCore.Mvc.Infrastructure.ResourceInvoker.<InvokeAsync>g__Awaited|17_0(ResourceInvoker invoker, Task task, IDisposable scope)
   at Microsoft.AspNetCore.Authorization.AuthorizationMiddleware.Invoke(HttpContext context)
   at Microsoft.AspNetCore.Session.SessionMiddleware.Invoke(HttpContext context)
   at Microsoft.AspNetCore.Session.SessionMiddleware.Invoke(HttpContext context)
   at Serilog.AspNetCore.RequestLoggingMiddleware.Invoke(HttpContext httpContext)
2026-08-08 16:36:26.958 -04:00 [ERR] HTTP POST /Reportes/GetVentasPorAgenteTaq responded 500 in 41911.5192 ms
System.Net.Http.HttpRequestException: An error occurred while sending the request.
 ---> System.IO.IOException: Unable to read data from the transport connection: Se ha forzado la interrupción de una conexión existente por el host remoto..
 ---> System.Net.Sockets.SocketException (10054): Se ha forzado la interrupción de una conexión existente por el host remoto.
   --- End of inner exception stack trace ---
   at System.Net.Sockets.Socket.AwaitableSocketAsyncEventArgs.ThrowException(SocketError error, CancellationToken cancellationToken)
   at System.Net.Sockets.Socket.AwaitableSocketAsyncEventArgs.System.Threading.Tasks.Sources.IValueTaskSource<System.Int32>.GetResult(Int16 token)
   at System.Net.Security.SslStream.EnsureFullTlsFrameAsync[TIOAdapter](CancellationToken cancellationToken, Int32 estimatedSize)
   at System.Runtime.CompilerServices.PoolingAsyncValueTaskMethodBuilder`1.StateMachineBox`1.System.Threading.Tasks.Sources.IValueTaskSource<TResult>.GetResult(Int16 token)
   at System.Net.Security.SslStream.ReadAsyncInternal[TIOAdapter](Memory`1 buffer, CancellationToken cancellationToken)
   at System.Runtime.CompilerServices.PoolingAsyncValueTaskMethodBuilder`1.StateMachineBox`1.System.Threading.Tasks.Sources.IValueTaskSource<TResult>.GetResult(Int16 token)
   at System.Net.Http.HttpConnection.InitialFillAsync(Boolean async)
   at System.Net.Http.HttpConnection.SendAsync(HttpRequestMessage request, Boolean async, CancellationToken cancellationToken)
   --- End of inner exception stack trace ---
   at System.Net.Http.HttpConnection.SendAsync(HttpRequestMessage request, Boolean async, CancellationToken cancellationToken)
   at System.Net.Http.HttpConnectionPool.SendWithVersionDetectionAndRetryAsync(HttpRequestMessage request, Boolean async, Boolean doRequestAuth, CancellationToken cancellationToken)
   at System.Net.Http.DiagnosticsHandler.SendAsyncCore(HttpRequestMessage request, Boolean async, CancellationToken cancellationToken)
   at System.Net.Http.RedirectHandler.SendAsync(HttpRequestMessage request, Boolean async, CancellationToken cancellationToken)
   at Microsoft.Extensions.Http.Logging.LoggingHttpMessageHandler.<SendCoreAsync>g__Core|4_0(HttpRequestMessage request, Boolean useAsync, CancellationToken cancellationToken)
   at Microsoft.Extensions.Http.Logging.LoggingScopeHttpMessageHandler.<SendCoreAsync>g__Core|4_0(HttpRequestMessage request, Boolean useAsync, CancellationToken cancellationToken)
   at System.Net.Http.HttpClient.<SendAsync>g__Core|83_0(HttpRequestMessage request, HttpCompletionOption completionOption, CancellationTokenSource cts, Boolean disposeCts, CancellationTokenSource pendingRequestsCts, CancellationToken originalCancellationToken)
   at ReportePrematch.Web.Services.Clients.ApiClient.GetQueryAsync[T](String endpoint, Dictionary`2 query, CancellationToken ct) in D:\GITHUB\ReportePrematch.Web\ReportePrematch.Web\Services\Clients\ApiClient.cs:line 46
   at ReportePrematch.Web.Services.Clients.ReportesService.GetVentasPorAgenteTaqAsync(String fechaD, String fechaH, String agente, String local, String pais, String role) in D:\GITHUB\ReportePrematch.Web\ReportePrematch.Web\Services\Clients\ReportesService.cs:line 911
   at ReportePrematch.Web.Controllers.ReportesController.GetVentasPorAgenteTaq(String fechaD, String fechaH, String agente, String pais) in D:\GITHUB\ReportePrematch.Web\ReportePrematch.Web\Controllers\ReportesController.cs:line 75
   at Microsoft.AspNetCore.Mvc.Infrastructure.ActionMethodExecutor.TaskOfIActionResultExecutor.Execute(ActionContext actionContext, IActionResultTypeMapper mapper, ObjectMethodExecutor executor, Object controller, Object[] arguments)
   at Microsoft.AspNetCore.Mvc.Infrastructure.ControllerActionInvoker.<InvokeActionMethodAsync>g__Awaited|12_0(ControllerActionInvoker invoker, ValueTask`1 actionResultValueTask)
   at Microsoft.AspNetCore.Mvc.Infrastructure.ControllerActionInvoker.<InvokeNextActionFilterAsync>g__Awaited|10_0(ControllerActionInvoker invoker, Task lastTask, State next, Scope scope, Object state, Boolean isCompleted)
   at Microsoft.AspNetCore.Mvc.Infrastructure.ControllerActionInvoker.Rethrow(ActionExecutedContextSealed context)
   at Microsoft.AspNetCore.Mvc.Infrastructure.ControllerActionInvoker.Next(State& next, Scope& scope, Object& state, Boolean& isCompleted)
   at Microsoft.AspNetCore.Mvc.Infrastructure.ControllerActionInvoker.<InvokeInnerFilterAsync>g__Awaited|13_0(ControllerActionInvoker invoker, Task lastTask, State next, Scope scope, Object state, Boolean isCompleted)
   at Microsoft.AspNetCore.Mvc.Infrastructure.ResourceInvoker.<InvokeNextResourceFilter>g__Awaited|25_0(ResourceInvoker invoker, Task lastTask, State next, Scope scope, Object state, Boolean isCompleted)
   at Microsoft.AspNetCore.Mvc.Infrastructure.ResourceInvoker.Rethrow(ResourceExecutedContextSealed context)
   at Microsoft.AspNetCore.Mvc.Infrastructure.ResourceInvoker.Next(State& next, Scope& scope, Object& state, Boolean& isCompleted)
   at Microsoft.AspNetCore.Mvc.Infrastructure.ResourceInvoker.<InvokeFilterPipelineAsync>g__Awaited|20_0(ResourceInvoker invoker, Task lastTask, State next, Scope scope, Object state, Boolean isCompleted)
   at Microsoft.AspNetCore.Mvc.Infrastructure.ResourceInvoker.<InvokeAsync>g__Awaited|17_0(ResourceInvoker invoker, Task task, IDisposable scope)
   at Microsoft.AspNetCore.Mvc.Infrastructure.ResourceInvoker.<InvokeAsync>g__Awaited|17_0(ResourceInvoker invoker, Task task, IDisposable scope)
   at Microsoft.AspNetCore.Authorization.AuthorizationMiddleware.Invoke(HttpContext context)
   at Microsoft.AspNetCore.Session.SessionMiddleware.Invoke(HttpContext context)
   at Microsoft.AspNetCore.Session.SessionMiddleware.Invoke(HttpContext context)
   at Serilog.AspNetCore.RequestLoggingMiddleware.Invoke(HttpContext httpContext)
2026-08-08 16:36:26.972 -04:00 [ERR] An unhandled exception has occurred while executing the request.
System.Net.Http.HttpRequestException: An error occurred while sending the request.
 ---> System.IO.IOException: Unable to read data from the transport connection: Se ha forzado la interrupción de una conexión existente por el host remoto..
 ---> System.Net.Sockets.SocketException (10054): Se ha forzado la interrupción de una conexión existente por el host remoto.
   --- End of inner exception stack trace ---
   at System.Net.Sockets.Socket.AwaitableSocketAsyncEventArgs.ThrowException(SocketError error, CancellationToken cancellationToken)
   at System.Net.Sockets.Socket.AwaitableSocketAsyncEventArgs.System.Threading.Tasks.Sources.IValueTaskSource<System.Int32>.GetResult(Int16 token)
   at System.Net.Security.SslStream.EnsureFullTlsFrameAsync[TIOAdapter](CancellationToken cancellationToken, Int32 estimatedSize)
   at System.Runtime.CompilerServices.PoolingAsyncValueTaskMethodBuilder`1.StateMachineBox`1.System.Threading.Tasks.Sources.IValueTaskSource<TResult>.GetResult(Int16 token)
   at System.Net.Security.SslStream.ReadAsyncInternal[TIOAdapter](Memory`1 buffer, CancellationToken cancellationToken)
   at System.Runtime.CompilerServices.PoolingAsyncValueTaskMethodBuilder`1.StateMachineBox`1.System.Threading.Tasks.Sources.IValueTaskSource<TResult>.GetResult(Int16 token)
   at System.Net.Http.HttpConnection.InitialFillAsync(Boolean async)
   at System.Net.Http.HttpConnection.SendAsync(HttpRequestMessage request, Boolean async, CancellationToken cancellationToken)
   --- End of inner exception stack trace ---
   at System.Net.Http.HttpConnection.SendAsync(HttpRequestMessage request, Boolean async, CancellationToken cancellationToken)
   at System.Net.Http.HttpConnectionPool.SendWithVersionDetectionAndRetryAsync(HttpRequestMessage request, Boolean async, Boolean doRequestAuth, CancellationToken cancellationToken)
   at System.Net.Http.DiagnosticsHandler.SendAsyncCore(HttpRequestMessage request, Boolean async, CancellationToken cancellationToken)
   at System.Net.Http.RedirectHandler.SendAsync(HttpRequestMessage request, Boolean async, CancellationToken cancellationToken)
   at Microsoft.Extensions.Http.Logging.LoggingHttpMessageHandler.<SendCoreAsync>g__Core|4_0(HttpRequestMessage request, Boolean useAsync, CancellationToken cancellationToken)
   at Microsoft.Extensions.Http.Logging.LoggingScopeHttpMessageHandler.<SendCoreAsync>g__Core|4_0(HttpRequestMessage request, Boolean useAsync, CancellationToken cancellationToken)
   at System.Net.Http.HttpClient.<SendAsync>g__Core|83_0(HttpRequestMessage request, HttpCompletionOption completionOption, CancellationTokenSource cts, Boolean disposeCts, CancellationTokenSource pendingRequestsCts, CancellationToken originalCancellationToken)
   at ReportePrematch.Web.Services.Clients.ApiClient.GetQueryAsync[T](String endpoint, Dictionary`2 query, CancellationToken ct) in D:\GITHUB\ReportePrematch.Web\ReportePrematch.Web\Services\Clients\ApiClient.cs:line 46
   at ReportePrematch.Web.Services.Clients.ReportesService.GetVentasPorAgenteWebAsync(String fechaD, String fechaH, String agente, String pais, String role) in D:\GITHUB\ReportePrematch.Web\ReportePrematch.Web\Services\Clients\ReportesService.cs:line 895
   at ReportePrematch.Web.Controllers.ReportesController.GetVentasPorAgenteWeb(String fechaD, String fechaH, String agente, String pais) in D:\GITHUB\ReportePrematch.Web\ReportePrematch.Web\Controllers\ReportesController.cs:line 64
   at Microsoft.AspNetCore.Mvc.Infrastructure.ActionMethodExecutor.TaskOfIActionResultExecutor.Execute(ActionContext actionContext, IActionResultTypeMapper mapper, ObjectMethodExecutor executor, Object controller, Object[] arguments)
   at Microsoft.AspNetCore.Mvc.Infrastructure.ControllerActionInvoker.<InvokeActionMethodAsync>g__Awaited|12_0(ControllerActionInvoker invoker, ValueTask`1 actionResultValueTask)
   at Microsoft.AspNetCore.Mvc.Infrastructure.ControllerActionInvoker.<InvokeNextActionFilterAsync>g__Awaited|10_0(ControllerActionInvoker invoker, Task lastTask, State next, Scope scope, Object state, Boolean isCompleted)
   at Microsoft.AspNetCore.Mvc.Infrastructure.ControllerActionInvoker.Rethrow(ActionExecutedContextSealed context)
   at Microsoft.AspNetCore.Mvc.Infrastructure.ControllerActionInvoker.Next(State& next, Scope& scope, Object& state, Boolean& isCompleted)
   at Microsoft.AspNetCore.Mvc.Infrastructure.ControllerActionInvoker.<InvokeInnerFilterAsync>g__Awaited|13_0(ControllerActionInvoker invoker, Task lastTask, State next, Scope scope, Object state, Boolean isCompleted)
   at Microsoft.AspNetCore.Mvc.Infrastructure.ResourceInvoker.<InvokeNextResourceFilter>g__Awaited|25_0(ResourceInvoker invoker, Task lastTask, State next, Scope scope, Object state, Boolean isCompleted)
   at Microsoft.AspNetCore.Mvc.Infrastructure.ResourceInvoker.Rethrow(ResourceExecutedContextSealed context)
   at Microsoft.AspNetCore.Mvc.Infrastructure.ResourceInvoker.Next(State& next, Scope& scope, Object& state, Boolean& isCompleted)
   at Microsoft.AspNetCore.Mvc.Infrastructure.ResourceInvoker.<InvokeFilterPipelineAsync>g__Awaited|20_0(ResourceInvoker invoker, Task lastTask, State next, Scope scope, Object state, Boolean isCompleted)
   at Microsoft.AspNetCore.Mvc.Infrastructure.ResourceInvoker.<InvokeAsync>g__Awaited|17_0(ResourceInvoker invoker, Task task, IDisposable scope)
   at Microsoft.AspNetCore.Mvc.Infrastructure.ResourceInvoker.<InvokeAsync>g__Awaited|17_0(ResourceInvoker invoker, Task task, IDisposable scope)
   at Microsoft.AspNetCore.Authorization.AuthorizationMiddleware.Invoke(HttpContext context)
   at Microsoft.AspNetCore.Session.SessionMiddleware.Invoke(HttpContext context)
   at Microsoft.AspNetCore.Session.SessionMiddleware.Invoke(HttpContext context)
   at Serilog.AspNetCore.RequestLoggingMiddleware.Invoke(HttpContext httpContext)
   at Microsoft.AspNetCore.Authentication.AuthenticationMiddleware.Invoke(HttpContext context)
   at Microsoft.AspNetCore.Diagnostics.DeveloperExceptionPageMiddlewareImpl.Invoke(HttpContext context)
2026-08-08 16:36:26.984 -04:00 [ERR] An unhandled exception has occurred while executing the request.
System.Net.Http.HttpRequestException: An error occurred while sending the request.
 ---> System.IO.IOException: Unable to read data from the transport connection: Se ha forzado la interrupción de una conexión existente por el host remoto..
 ---> System.Net.Sockets.SocketException (10054): Se ha forzado la interrupción de una conexión existente por el host remoto.
   --- End of inner exception stack trace ---
   at System.Net.Sockets.Socket.AwaitableSocketAsyncEventArgs.ThrowException(SocketError error, CancellationToken cancellationToken)
   at System.Net.Sockets.Socket.AwaitableSocketAsyncEventArgs.System.Threading.Tasks.Sources.IValueTaskSource<System.Int32>.GetResult(Int16 token)
   at System.Net.Security.SslStream.EnsureFullTlsFrameAsync[TIOAdapter](CancellationToken cancellationToken, Int32 estimatedSize)
   at System.Runtime.CompilerServices.PoolingAsyncValueTaskMethodBuilder`1.StateMachineBox`1.System.Threading.Tasks.Sources.IValueTaskSource<TResult>.GetResult(Int16 token)
   at System.Net.Security.SslStream.ReadAsyncInternal[TIOAdapter](Memory`1 buffer, CancellationToken cancellationToken)
   at System.Runtime.CompilerServices.PoolingAsyncValueTaskMethodBuilder`1.StateMachineBox`1.System.Threading.Tasks.Sources.IValueTaskSource<TResult>.GetResult(Int16 token)
   at System.Net.Http.HttpConnection.InitialFillAsync(Boolean async)
   at System.Net.Http.HttpConnection.SendAsync(HttpRequestMessage request, Boolean async, CancellationToken cancellationToken)
   --- End of inner exception stack trace ---
   at System.Net.Http.HttpConnection.SendAsync(HttpRequestMessage request, Boolean async, CancellationToken cancellationToken)
   at System.Net.Http.HttpConnectionPool.SendWithVersionDetectionAndRetryAsync(HttpRequestMessage request, Boolean async, Boolean doRequestAuth, CancellationToken cancellationToken)
   at System.Net.Http.DiagnosticsHandler.SendAsyncCore(HttpRequestMessage request, Boolean async, CancellationToken cancellationToken)
   at System.Net.Http.RedirectHandler.SendAsync(HttpRequestMessage request, Boolean async, CancellationToken cancellationToken)
   at Microsoft.Extensions.Http.Logging.LoggingHttpMessageHandler.<SendCoreAsync>g__Core|4_0(HttpRequestMessage request, Boolean useAsync, CancellationToken cancellationToken)
   at Microsoft.Extensions.Http.Logging.LoggingScopeHttpMessageHandler.<SendCoreAsync>g__Core|4_0(HttpRequestMessage request, Boolean useAsync, CancellationToken cancellationToken)
   at System.Net.Http.HttpClient.<SendAsync>g__Core|83_0(HttpRequestMessage request, HttpCompletionOption completionOption, CancellationTokenSource cts, Boolean disposeCts, CancellationTokenSource pendingRequestsCts, CancellationToken originalCancellationToken)
   at ReportePrematch.Web.Services.Clients.ApiClient.GetQueryAsync[T](String endpoint, Dictionary`2 query, CancellationToken ct) in D:\GITHUB\ReportePrematch.Web\ReportePrematch.Web\Services\Clients\ApiClient.cs:line 46
   at ReportePrematch.Web.Services.Clients.ReportesService.GetVentasPorAgenteTaqAsync(String fechaD, String fechaH, String agente, String local, String pais, String role) in D:\GITHUB\ReportePrematch.Web\ReportePrematch.Web\Services\Clients\ReportesService.cs:line 911
   at ReportePrematch.Web.Controllers.ReportesController.GetVentasPorAgenteTaq(String fechaD, String fechaH, String agente, String pais) in D:\GITHUB\ReportePrematch.Web\ReportePrematch.Web\Controllers\ReportesController.cs:line 75
   at Microsoft.AspNetCore.Mvc.Infrastructure.ActionMethodExecutor.TaskOfIActionResultExecutor.Execute(ActionContext actionContext, IActionResultTypeMapper mapper, ObjectMethodExecutor executor, Object controller, Object[] arguments)
   at Microsoft.AspNetCore.Mvc.Infrastructure.ControllerActionInvoker.<InvokeActionMethodAsync>g__Awaited|12_0(ControllerActionInvoker invoker, ValueTask`1 actionResultValueTask)
   at Microsoft.AspNetCore.Mvc.Infrastructure.ControllerActionInvoker.<InvokeNextActionFilterAsync>g__Awaited|10_0(ControllerActionInvoker invoker, Task lastTask, State next, Scope scope, Object state, Boolean isCompleted)
   at Microsoft.AspNetCore.Mvc.Infrastructure.ControllerActionInvoker.Rethrow(ActionExecutedContextSealed context)
   at Microsoft.AspNetCore.Mvc.Infrastructure.ControllerActionInvoker.Next(State& next, Scope& scope, Object& state, Boolean& isCompleted)
   at Microsoft.AspNetCore.Mvc.Infrastructure.ControllerActionInvoker.<InvokeInnerFilterAsync>g__Awaited|13_0(ControllerActionInvoker invoker, Task lastTask, State next, Scope scope, Object state, Boolean isCompleted)
   at Microsoft.AspNetCore.Mvc.Infrastructure.ResourceInvoker.<InvokeNextResourceFilter>g__Awaited|25_0(ResourceInvoker invoker, Task lastTask, State next, Scope scope, Object state, Boolean isCompleted)
   at Microsoft.AspNetCore.Mvc.Infrastructure.ResourceInvoker.Rethrow(ResourceExecutedContextSealed context)
   at Microsoft.AspNetCore.Mvc.Infrastructure.ResourceInvoker.Next(State& next, Scope& scope, Object& state, Boolean& isCompleted)
   at Microsoft.AspNetCore.Mvc.Infrastructure.ResourceInvoker.<InvokeFilterPipelineAsync>g__Awaited|20_0(ResourceInvoker invoker, Task lastTask, State next, Scope scope, Object state, Boolean isCompleted)
   at Microsoft.AspNetCore.Mvc.Infrastructure.ResourceInvoker.<InvokeAsync>g__Awaited|17_0(ResourceInvoker invoker, Task task, IDisposable scope)
   at Microsoft.AspNetCore.Mvc.Infrastructure.ResourceInvoker.<InvokeAsync>g__Awaited|17_0(ResourceInvoker invoker, Task task, IDisposable scope)
   at Microsoft.AspNetCore.Authorization.AuthorizationMiddleware.Invoke(HttpContext context)
   at Microsoft.AspNetCore.Session.SessionMiddleware.Invoke(HttpContext context)
   at Microsoft.AspNetCore.Session.SessionMiddleware.Invoke(HttpContext context)
   at Serilog.AspNetCore.RequestLoggingMiddleware.Invoke(HttpContext httpContext)
   at Microsoft.AspNetCore.Authentication.AuthenticationMiddleware.Invoke(HttpContext context)
   at Microsoft.AspNetCore.Diagnostics.DeveloperExceptionPageMiddlewareImpl.Invoke(HttpContext context)
2026-08-08 16:47:34.280 -04:00 [INF] Iniciando ReportePrematch.Web...
2026-08-08 16:47:35.602 -04:00 [INF] HTTP GET / responded 200 in 204.1792 ms
2026-08-08 16:47:53.582 -04:00 [INF] Login exitoso: vlapenta [Usuario suAdmin]
2026-08-08 16:47:53.589 -04:00 [INF] HTTP POST / responded 302 in 2128.6047 ms
2026-08-08 16:47:53.678 -04:00 [INF] HTTP GET /Reportes/VentasPorAgente responded 200 in 81.3609 ms
2026-08-08 16:47:59.318 -04:00 [INF] HTTP POST /Reportes/GetListAgencias responded 200 in 3963.7466 ms
2026-08-08 16:48:01.215 -04:00 [INF] HTTP GET /Home/Dashboard responded 200 in 24.1365 ms
2026-08-08 16:48:03.723 -04:00 [INF] HTTP POST /Reportes/GetVentasPorAgenteTaq responded 200 in 2397.8494 ms
2026-08-08 16:48:03.723 -04:00 [INF] HTTP POST /Reportes/GetVentasPorAgenteWeb responded 200 in 2398.1738 ms
2026-08-08 16:50:19.556 -04:00 [INF] HTTP GET /Home/Dashboard responded 200 in 2.3677 ms
2026-08-08 16:50:21.399 -04:00 [INF] HTTP POST /Reportes/GetVentasPorAgenteTaq responded 200 in 1756.5354 ms
2026-08-08 16:50:21.556 -04:00 [INF] HTTP GET /Home/Dashboard responded 200 in 0.9899 ms
2026-08-08 16:50:22.516 -04:00 [INF] HTTP POST /Reportes/GetVentasPorAgenteWeb responded 200 in 883.0938 ms
2026-08-08 16:50:22.547 -04:00 [INF] HTTP POST /Reportes/GetVentasPorAgenteWeb responded 200 in 2903.7046 ms
2026-08-08 16:50:23.674 -04:00 [INF] HTTP POST /Reportes/GetVentasPorAgenteTaq responded 200 in 2040.7747 ms
2026-08-08 16:50:30.041 -04:00 [INF] HTTP POST /Reportes/GetVentasPorAgenteTaq responded 200 in 1008.9006 ms
2026-08-08 16:50:30.080 -04:00 [INF] HTTP POST /Reportes/GetVentasPorAgenteWeb responded 200 in 1047.9603 ms
2026-08-08 16:50:42.302 -04:00 [INF] HTTP GET /Reportes/Loteria responded 200 in 17.1700 ms
2026-08-08 16:50:43.974 -04:00 [INF] HTTP POST /Reportes/GetListAgencias responded 200 in 1584.7846 ms
2026-08-08 16:52:06.343 -04:00 [INF] HTTP POST /Reportes/GetVentasPorAgenteTaq responded 200 in 1152.0491 ms
2026-08-08 16:52:06.407 -04:00 [INF] HTTP POST /Reportes/GetVentasPorAgenteWeb responded 200 in 1216.1287 ms
2026-08-08 16:54:09.013 -04:00 [INF] HTTP POST /Reportes/GetVentasPorAgenteTaq responded 200 in 352604.7654 ms
2026-08-08 16:55:53.801 -04:00 [INF] HTTP POST /Reportes/GetVentasPorAgenteWeb responded 200 in 457392.2843 ms
2026-08-08 17:39:51.089 -04:00 [INF] HTTP GET /Reportes/VerCierreTaquilla responded 200 in 31.9267 ms
2026-08-08 17:39:54.243 -04:00 [INF] HTTP POST /Reportes/GetListAgencias responded 200 in 2939.1707 ms
2026-08-08 17:39:55.500 -04:00 [INF] HTTP POST /Reportes/GetListAgencias responded 200 in 4195.9847 ms
2026-08-08 17:40:11.732 -04:00 [INF] HTTP GET /Reportes/VerCierreTaquilla responded 200 in 1.0310 ms
2026-08-08 17:40:14.657 -04:00 [INF] HTTP GET /favicon.ico responded 404 in 8.1992 ms
2026-08-08 17:40:16.574 -04:00 [INF] HTTP POST /Reportes/GetListAgencias responded 200 in 3212.4543 ms
2026-08-08 17:40:17.592 -04:00 [INF] HTTP POST /Reportes/GetListAgencias responded 200 in 4229.9787 ms
