2026-08-05 08:57:02.016 -04:00 [INF] Iniciando ReportePrematch.Web...
2026-08-05 08:57:05.516 -04:00 [INF] HTTP GET / responded 200 in 544.6455 ms
2026-08-05 08:57:08.782 -04:00 [INF] HTTP GET /favicon.ico responded 404 in 4.5939 ms
2026-08-05 08:59:05.115 -04:00 [INF] Login exitoso: vlapenta [Usuario suAdmin]
2026-08-05 08:59:05.128 -04:00 [INF] HTTP POST / responded 302 in 828.1471 ms
2026-08-05 08:59:05.461 -04:00 [INF] HTTP GET /Reportes/VentasPorAgente responded 200 in 320.2226 ms
2026-08-05 08:59:19.127 -04:00 [INF] HTTP POST /Reportes/GetListAgencias responded 200 in 3339.5145 ms
2026-08-05 08:59:24.603 -04:00 [INF] HTTP GET /Reportes/VentasPorAgenteNikols responded 200 in 82.0024 ms
2026-08-05 08:59:25.556 -04:00 [INF] HTTP POST /Reportes/GetListAgencias responded 200 in 676.7030 ms
2026-08-05 08:59:41.464 -04:00 [INF] HTTP POST /Reportes/GetVentasPorAgenteNikolsTaq responded 200 in 468.8305 ms
2026-08-05 08:59:44.335 -04:00 [INF] HTTP POST /Reportes/GetTicketsDetalladosTaq responded 200 in 242.2565 ms
2026-08-05 08:59:58.132 -04:00 [INF] HTTP POST /Reportes/GetVentasPorAgenteNikolsWeb responded 200 in 1257.4433 ms
2026-08-05 09:05:11.428 -04:00 [INF] HTTP GET /Reportes/VentasPorAgenteNikols responded 200 in 20857.0996 ms
2026-08-05 09:05:23.255 -04:00 [INF] HTTP GET /favicon.ico responded 404 in 0.7387 ms
2026-08-05 09:05:24.336 -04:00 [INF] HTTP POST /Reportes/GetListAgencias responded 200 in 2282.4129 ms
2026-08-05 09:05:54.808 -04:00 [INF] HTTP POST /Reportes/GetVentasPorAgenteNikolsTaq responded 200 in 329.9322 ms
2026-08-05 09:06:02.182 -04:00 [INF] HTTP POST /Reportes/GetTicketsDetalladosTaq responded 200 in 163.8615 ms
2026-08-05 09:06:12.051 -04:00 [INF] HTTP POST /Reportes/GetVentasPorAgenteNikolsTaq responded 200 in 283.3222 ms
2026-08-05 09:06:22.756 -04:00 [INF] HTTP POST /Reportes/GetVentasPorAgenteNikolsWeb responded 200 in 225.3760 ms
2026-08-05 09:06:30.925 -04:00 [INF] HTTP POST /Reportes/GetVentasPorAgenteNikolsWeb responded 200 in 740.9742 ms
2026-08-05 09:19:36.920 -04:00 [INF] HTTP GET /Reportes/VentasPorAgenteNikols responded 200 in 799.4276 ms
2026-08-05 09:19:39.032 -04:00 [INF] HTTP POST /Reportes/GetListAgencias responded 200 in 1264.5567 ms
2026-08-05 09:19:39.258 -04:00 [INF] HTTP GET /favicon.ico responded 404 in 0.1178 ms
2026-08-05 09:20:04.719 -04:00 [INF] HTTP POST /Reportes/GetVentasPorAgenteNikolsTaq responded 200 in 231.4050 ms
2026-08-05 09:25:22.301 -04:00 [INF] HTTP GET /Reportes/VentasPorAgenteNikols responded 200 in 546.7031 ms
2026-08-05 09:25:23.413 -04:00 [INF] HTTP POST /Reportes/GetListAgencias responded 200 in 652.4876 ms
2026-08-05 09:26:03.682 -04:00 [ERR] Error GET+QS api/Reportes/VentasPorAgenteNikolsTaq
System.Text.Json.JsonException: The JSON value could not be converted to System.Collections.Generic.List`1[ReportePrematch.Web.Models.ApiReportes.NikolsTaqDto]. Path: $ | LineNumber: 0 | BytePositionInLine: 1.
   at System.Text.Json.ThrowHelper.ThrowJsonException_DeserializeUnableToConvertValue(Type propertyType)
   at System.Text.Json.Serialization.JsonCollectionConverter`2.OnTryRead(Utf8JsonReader& reader, Type typeToConvert, JsonSerializerOptions options, ReadStack& state, TCollection& value)
   at System.Text.Json.Serialization.JsonConverter`1.ReadCore(Utf8JsonReader& reader, T& value, JsonSerializerOptions options, ReadStack& state)
   at System.Text.Json.Serialization.Metadata.JsonTypeInfo`1.ContinueDeserialize[TReadBufferState,TStream](TReadBufferState& bufferState, JsonReaderState& jsonReaderState, ReadStack& readStack, T& value)
   at System.Text.Json.Serialization.Metadata.JsonTypeInfo`1.DeserializeAsync[TReadBufferState,TStream](TStream utf8Json, TReadBufferState bufferState, CancellationToken cancellationToken)
   at System.Net.Http.Json.HttpContentJsonExtensions.ReadFromJsonAsyncCore[T](HttpContent content, JsonSerializerOptions options, CancellationToken cancellationToken)
   at ReportePrematch.Web.Services.Clients.ApiClient.GetQueryAsync[T](String endpoint, Dictionary`2 query, CancellationToken ct) in D:\GITHUB\ReportePrematch.Web\ReportePrematch.Web\Services\Clients\ApiClient.cs:line 48
2026-08-05 09:26:31.074 -04:00 [INF] Iniciando ReportePrematch.Web...
2026-08-05 09:26:33.231 -04:00 [INF] HTTP GET / responded 200 in 627.0764 ms
2026-08-05 09:56:57.636 -04:00 [INF] HTTP POST / responded 200 in 87.5465 ms
2026-08-05 09:57:04.359 -04:00 [INF] Login exitoso: vlapenta [Usuario suAdmin]
2026-08-05 09:57:04.368 -04:00 [INF] HTTP POST / responded 302 in 837.0110 ms
2026-08-05 09:57:04.530 -04:00 [INF] HTTP GET /Reportes/VentasPorAgente responded 200 in 152.4844 ms
2026-08-05 09:57:06.241 -04:00 [INF] HTTP POST /Reportes/GetListAgencias responded 200 in 1198.4145 ms
2026-08-05 09:57:13.629 -04:00 [INF] HTTP GET /Reportes/VentasPorAgenteNikols responded 200 in 32.9813 ms
2026-08-05 09:57:14.373 -04:00 [INF] HTTP POST /Reportes/GetListAgencias responded 200 in 486.5792 ms
2026-08-05 09:57:33.488 -04:00 [INF] HTTP POST /Reportes/GetVentasPorAgenteNikolsTaq responded 200 in 229.6435 ms
2026-08-05 09:58:02.519 -04:00 [INF] HTTP POST /Reportes/GetVentasPorAgenteNikolsTaq responded 200 in 263.2163 ms
2026-08-05 09:58:04.409 -04:00 [INF] HTTP POST /Reportes/GetTicketsDetalladosTaq responded 200 in 157.3800 ms
2026-08-05 09:58:13.901 -04:00 [INF] HTTP GET /Reportes/VentasPorAgenteNikols responded 200 in 5.2248 ms
2026-08-05 09:58:15.017 -04:00 [INF] HTTP POST /Reportes/GetListAgencias responded 200 in 517.4238 ms
2026-08-05 09:58:15.788 -04:00 [INF] HTTP GET /favicon.ico responded 404 in 1.3949 ms
2026-08-05 09:58:31.501 -04:00 [INF] HTTP POST /Reportes/GetVentasPorAgenteNikolsTaq responded 200 in 238.1427 ms
2026-08-05 09:58:33.822 -04:00 [INF] HTTP POST /Reportes/GetTicketsDetalladosTaq responded 200 in 172.0279 ms
2026-08-05 09:58:52.470 -04:00 [INF] HTTP POST /Reportes/GetVentasPorAgenteNikolsWeb responded 200 in 749.7020 ms
2026-08-05 09:59:07.826 -04:00 [INF] HTTP POST /Reportes/GetVentasPorAgenteNikolsWeb responded 200 in 720.4033 ms
2026-08-05 09:59:19.023 -04:00 [INF] HTTP POST /Reportes/GetVentasPorAgenteNikolsTaq responded 200 in 275.3389 ms
2026-08-05 10:02:50.121 -04:00 [INF] HTTP GET /Reportes/VentasPorAgenteNikols responded 200 in 3533.2155 ms
2026-08-05 10:02:51.767 -04:00 [INF] HTTP POST /Reportes/GetListAgencias responded 200 in 1160.2100 ms
2026-08-05 10:02:51.974 -04:00 [INF] HTTP GET /favicon.ico responded 404 in 0.2355 ms
2026-08-05 10:03:11.055 -04:00 [INF] HTTP POST /Reportes/GetVentasPorAgenteNikolsTaq responded 200 in 284.1040 ms
2026-08-05 10:03:31.765 -04:00 [INF] Iniciando ReportePrematch.Web...
2026-08-05 10:03:33.627 -04:00 [INF] HTTP GET / responded 200 in 585.6819 ms
2026-08-05 10:03:43.160 -04:00 [INF] Login exitoso: vlapenta [Usuario suAdmin]
2026-08-05 10:03:43.172 -04:00 [INF] HTTP POST / responded 302 in 824.6127 ms
2026-08-05 10:03:43.345 -04:00 [INF] HTTP GET /Reportes/VentasPorAgente responded 200 in 161.1013 ms
2026-08-05 10:03:44.580 -04:00 [INF] HTTP POST /Reportes/GetListAgencias responded 200 in 733.9456 ms
2026-08-05 10:03:48.113 -04:00 [INF] HTTP GET /Reportes/VentasPorAgenteNikols responded 200 in 43.2879 ms
2026-08-05 10:03:48.998 -04:00 [INF] HTTP POST /Reportes/GetListAgencias responded 200 in 635.7569 ms
2026-08-05 10:04:06.277 -04:00 [INF] HTTP POST /Reportes/GetVentasPorAgenteNikolsTaq responded 200 in 288.8982 ms
2026-08-05 10:04:14.142 -04:00 [INF] HTTP POST /Reportes/GetVentasPorAgenteNikolsWeb responded 200 in 754.8873 ms
2026-08-05 10:04:19.211 -04:00 [INF] HTTP GET /Reportes/VentasPorAgente responded 200 in 2.2898 ms
2026-08-05 10:04:20.041 -04:00 [INF] HTTP POST /Reportes/GetListAgencias responded 200 in 565.2287 ms
2026-08-05 10:05:19.133 -04:00 [INF] HTTP GET /Reportes/VentasPorAgente responded 200 in 1.9748 ms
2026-08-05 10:05:42.456 -04:00 [INF] HTTP POST /Reportes/GetVentasPorAgenteTaq responded 200 in 69182.1766 ms
2026-08-05 10:05:43.260 -04:00 [INF] HTTP POST /Reportes/GetListAgencias responded 200 in 23926.6745 ms
2026-08-05 10:05:45.589 -04:00 [INF] HTTP GET /Reportes/VentasPorAgente responded 200 in 1.8707 ms
2026-08-05 10:05:46.445 -04:00 [INF] HTTP POST /Reportes/GetListAgencias responded 200 in 607.0966 ms
2026-08-05 10:05:49.994 -04:00 [INF] HTTP GET /Reportes/VentasPorAgente responded 200 in 3.1261 ms
2026-08-05 10:05:50.678 -04:00 [INF] HTTP POST /Reportes/GetListAgencias responded 200 in 487.7390 ms
2026-08-05 10:06:03.359 -04:00 [INF] HTTP POST /Reportes/GetVentasPorAgenteTaq responded 200 in 208.8040 ms
2026-08-05 10:06:06.067 -04:00 [INF] HTTP POST /Reportes/GetTicketsDetalladosTaq responded 200 in 193.7174 ms
2026-08-05 10:06:19.434 -04:00 [INF] HTTP POST /Reportes/GetVentasPorAgenteWeb responded 200 in 457.4434 ms
2026-08-05 10:06:30.317 -04:00 [INF] HTTP GET /Reportes/TicketsDetallados responded 200 in 31.8499 ms
2026-08-05 10:06:31.198 -04:00 [INF] HTTP POST /Reportes/GetListAgencias responded 200 in 638.3712 ms
2026-08-05 10:06:50.220 -04:00 [INF] HTTP POST /Reportes/GetTicketsDetalladosTaq responded 200 in 165.5273 ms
2026-08-05 10:07:40.754 -04:00 [INF] HTTP POST /Reportes/GetTicketsDetalladosTaq responded 200 in 138.0814 ms
2026-08-05 10:07:55.680 -04:00 [INF] HTTP POST /Reportes/GetTicketsDetalladosWeb responded 200 in 564.3543 ms
2026-08-05 10:08:01.020 -04:00 [INF] HTTP GET /Reportes/Estadisticas responded 200 in 30.5453 ms
2026-08-05 10:08:01.928 -04:00 [INF] HTTP POST /Reportes/GetListAgencias responded 200 in 703.7913 ms
2026-08-05 10:08:16.799 -04:00 [INF] SOAP ejecutarQuerys db=2 sql[796]=SELECT
    UPPER(LTRIM(RTRIM(c.deporte)))                            AS Categoria,
    COUNT(DISTINCT a.ticket)         …
2026-08-05 10:08:17.113 -04:00 [ERR] Error SOAP ejecutarQuerys db=2
System.Net.Http.HttpRequestException: Response status code does not indicate success: 500 (Internal Server Error).
   at System.Net.Http.HttpResponseMessage.EnsureSuccessStatusCode()
   at ReportePrematch.Web.Services.Clients.ReportesService.EjecutarQuerysAsync(String sql, Int32 db) in D:\GITHUB\ReportePrematch.Web\ReportePrematch.Web\Services\Clients\ReportesService.cs:line 98
2026-08-05 10:08:17.291 -04:00 [ERR] HTTP POST /Reportes/GetEstadisticasTaq responded 500 in 531.0066 ms
System.Net.Http.HttpRequestException: Response status code does not indicate success: 500 (Internal Server Error).
   at System.Net.Http.HttpResponseMessage.EnsureSuccessStatusCode()
   at ReportePrematch.Web.Services.Clients.ReportesService.EjecutarQuerysAsync(String sql, Int32 db) in D:\GITHUB\ReportePrematch.Web\ReportePrematch.Web\Services\Clients\ReportesService.cs:line 98
   at ReportePrematch.Web.Services.Clients.ReportesService.GetEstadisticasTaqAsync(String fechaD, String fechaH, String agente, String local, String pais, String role) in D:\GITHUB\ReportePrematch.Web\ReportePrematch.Web\Services\Clients\ReportesService.cs:line 778
   at ReportePrematch.Web.Controllers.ReportesController.GetEstadisticasTaq(String fechaD, String fechaH, String agente) in D:\GITHUB\ReportePrematch.Web\ReportePrematch.Web\Controllers\ReportesController.cs:line 444
   at Microsoft.AspNetCore.Mvc.Infrastructure.ActionMethodExecutor.TaskOfIActionResultExecutor.Execute(ActionContext actionContext, IActionResultTypeMapper mapper, ObjectMethodExecutor executor, Object controller, Object[] arguments)
   at Microsoft.AspNetCore.Mvc.Infrastructure.ControllerActionInvoker.<InvokeActionMethodAsync>g__Awaited|12_0(ControllerActionInvoker invoker, ValueTask`1 actionResultValueTask)
   at Microsoft.AspNetCore.Mvc.Infrastructure.ControllerActionInvoker.<InvokeNextActionFilterAsync>g__Awaited|10_0(ControllerActionInvoker invoker, Task lastTask, State next, Scope scope, Object state, Boolean isCompleted)
   at Microsoft.AspNetCore.Mvc.Infrastructure.ControllerActionInvoker.Rethrow(ActionExecutedContextSealed context)
   at Microsoft.AspNetCore.Mvc.Infrastructure.ControllerActionInvoker.Next(State& next, Scope& scope, Object& state, Boolean& isCompleted)
   at Microsoft.AspNetCore.Mvc.Infrastructure.ControllerActionInvoker.<InvokeInnerFilterAsync>g__Awaited|13_0(ControllerActionInvoker invoker, Task lastTask, State next, Scope scope, Object state, Boolean isCompleted)
   at Microsoft.AspNetCore.Mvc.Infrastructure.ResourceInvoker.<InvokeNextResourceFilter>g__Awaited|25_0(ResourceInvoker invoker, Task lastTask, State next, Scope scope, Object state, Boolean isCompleted)
   at Microsoft.AspNetCore.Mvc.Infrastructure.ResourceInvoker.Rethrow(ResourceExecutedContextSealed context)
   at Microsoft.AspNetCore.Mvc.Infrastructure.ResourceInvoker.Next(State& next, Scope& scope, Object& state, Boolean& isCompleted)
   at Microsoft.AspNetCore.Mvc.Infrastructure.ResourceInvoker.<InvokeFilterPipelineAsync>g__Awaited|20_0(ResourceInvoker invoker, Task lastTask, State next, Scope scope, Object state, Boolean isCompleted)
   at Microsoft.AspNetCore.Mvc.Infrastructure.ResourceInvoker.<InvokeAsync>g__Awaited|17_0(ResourceInvoker invoker, Task task, IDisposable scope)
   at Microsoft.AspNetCore.Mvc.Infrastructure.ResourceInvoker.<InvokeAsync>g__Awaited|17_0(ResourceInvoker invoker, Task task, IDisposable scope)
   at Microsoft.AspNetCore.Authorization.AuthorizationMiddleware.Invoke(HttpContext context)
   at Microsoft.AspNetCore.Session.SessionMiddleware.Invoke(HttpContext context)
   at Microsoft.AspNetCore.Session.SessionMiddleware.Invoke(HttpContext context)
   at Serilog.AspNetCore.RequestLoggingMiddleware.Invoke(HttpContext httpContext)
2026-08-05 10:08:17.313 -04:00 [ERR] An unhandled exception has occurred while executing the request.
System.Net.Http.HttpRequestException: Response status code does not indicate success: 500 (Internal Server Error).
   at System.Net.Http.HttpResponseMessage.EnsureSuccessStatusCode()
   at ReportePrematch.Web.Services.Clients.ReportesService.EjecutarQuerysAsync(String sql, Int32 db) in D:\GITHUB\ReportePrematch.Web\ReportePrematch.Web\Services\Clients\ReportesService.cs:line 98
   at ReportePrematch.Web.Services.Clients.ReportesService.GetEstadisticasTaqAsync(String fechaD, String fechaH, String agente, String local, String pais, String role) in D:\GITHUB\ReportePrematch.Web\ReportePrematch.Web\Services\Clients\ReportesService.cs:line 778
   at ReportePrematch.Web.Controllers.ReportesController.GetEstadisticasTaq(String fechaD, String fechaH, String agente) in D:\GITHUB\ReportePrematch.Web\ReportePrematch.Web\Controllers\ReportesController.cs:line 444
   at Microsoft.AspNetCore.Mvc.Infrastructure.ActionMethodExecutor.TaskOfIActionResultExecutor.Execute(ActionContext actionContext, IActionResultTypeMapper mapper, ObjectMethodExecutor executor, Object controller, Object[] arguments)
   at Microsoft.AspNetCore.Mvc.Infrastructure.ControllerActionInvoker.<InvokeActionMethodAsync>g__Awaited|12_0(ControllerActionInvoker invoker, ValueTask`1 actionResultValueTask)
   at Microsoft.AspNetCore.Mvc.Infrastructure.ControllerActionInvoker.<InvokeNextActionFilterAsync>g__Awaited|10_0(ControllerActionInvoker invoker, Task lastTask, State next, Scope scope, Object state, Boolean isCompleted)
   at Microsoft.AspNetCore.Mvc.Infrastructure.ControllerActionInvoker.Rethrow(ActionExecutedContextSealed context)
   at Microsoft.AspNetCore.Mvc.Infrastructure.ControllerActionInvoker.Next(State& next, Scope& scope, Object& state, Boolean& isCompleted)
   at Microsoft.AspNetCore.Mvc.Infrastructure.ControllerActionInvoker.<InvokeInnerFilterAsync>g__Awaited|13_0(ControllerActionInvoker invoker, Task lastTask, State next, Scope scope, Object state, Boolean isCompleted)
   at Microsoft.AspNetCore.Mvc.Infrastructure.ResourceInvoker.<InvokeNextResourceFilter>g__Awaited|25_0(ResourceInvoker invoker, Task lastTask, State next, Scope scope, Object state, Boolean isCompleted)
   at Microsoft.AspNetCore.Mvc.Infrastructure.ResourceInvoker.Rethrow(ResourceExecutedContextSealed context)
   at Microsoft.AspNetCore.Mvc.Infrastructure.ResourceInvoker.Next(State& next, Scope& scope, Object& state, Boolean& isCompleted)
   at Microsoft.AspNetCore.Mvc.Infrastructure.ResourceInvoker.<InvokeFilterPipelineAsync>g__Awaited|20_0(ResourceInvoker invoker, Task lastTask, State next, Scope scope, Object state, Boolean isCompleted)
   at Microsoft.AspNetCore.Mvc.Infrastructure.ResourceInvoker.<InvokeAsync>g__Awaited|17_0(ResourceInvoker invoker, Task task, IDisposable scope)
   at Microsoft.AspNetCore.Mvc.Infrastructure.ResourceInvoker.<InvokeAsync>g__Awaited|17_0(ResourceInvoker invoker, Task task, IDisposable scope)
   at Microsoft.AspNetCore.Authorization.AuthorizationMiddleware.Invoke(HttpContext context)
   at Microsoft.AspNetCore.Session.SessionMiddleware.Invoke(HttpContext context)
   at Microsoft.AspNetCore.Session.SessionMiddleware.Invoke(HttpContext context)
   at Serilog.AspNetCore.RequestLoggingMiddleware.Invoke(HttpContext httpContext)
   at Microsoft.AspNetCore.Authentication.AuthenticationMiddleware.Invoke(HttpContext context)
   at Microsoft.AspNetCore.Diagnostics.DeveloperExceptionPageMiddlewareImpl.Invoke(HttpContext context)
2026-08-05 10:08:29.367 -04:00 [ERR] Error GET+QS api/Reportes/EstadisticasWeb
System.Net.Http.HttpRequestException: Response status code does not indicate success: 404 (Not Found).
   at System.Net.Http.HttpResponseMessage.EnsureSuccessStatusCode()
   at ReportePrematch.Web.Services.Clients.ApiClient.GetQueryAsync[T](String endpoint, Dictionary`2 query, CancellationToken ct) in D:\GITHUB\ReportePrematch.Web\ReportePrematch.Web\Services\Clients\ApiClient.cs:line 47
2026-08-05 10:08:29.478 -04:00 [ERR] HTTP POST /Reportes/GetEstadisticasWeb responded 500 in 159.1449 ms
System.Net.Http.HttpRequestException: Response status code does not indicate success: 404 (Not Found).
   at System.Net.Http.HttpResponseMessage.EnsureSuccessStatusCode()
   at ReportePrematch.Web.Services.Clients.ApiClient.GetQueryAsync[T](String endpoint, Dictionary`2 query, CancellationToken ct) in D:\GITHUB\ReportePrematch.Web\ReportePrematch.Web\Services\Clients\ApiClient.cs:line 47
   at ReportePrematch.Web.Services.Clients.ReportesService.GetEstadisticasWebAsync(String fechaD, String fechaH, String agente, String pais, String role) in D:\GITHUB\ReportePrematch.Web\ReportePrematch.Web\Services\Clients\ReportesService.cs:line 741
   at ReportePrematch.Web.Controllers.ReportesController.GetEstadisticasWeb(String fechaD, String fechaH, String agente) in D:\GITHUB\ReportePrematch.Web\ReportePrematch.Web\Controllers\ReportesController.cs:line 441
   at Microsoft.AspNetCore.Mvc.Infrastructure.ActionMethodExecutor.TaskOfIActionResultExecutor.Execute(ActionContext actionContext, IActionResultTypeMapper mapper, ObjectMethodExecutor executor, Object controller, Object[] arguments)
   at Microsoft.AspNetCore.Mvc.Infrastructure.ControllerActionInvoker.<InvokeActionMethodAsync>g__Awaited|12_0(ControllerActionInvoker invoker, ValueTask`1 actionResultValueTask)
   at Microsoft.AspNetCore.Mvc.Infrastructure.ControllerActionInvoker.<InvokeNextActionFilterAsync>g__Awaited|10_0(ControllerActionInvoker invoker, Task lastTask, State next, Scope scope, Object state, Boolean isCompleted)
   at Microsoft.AspNetCore.Mvc.Infrastructure.ControllerActionInvoker.Rethrow(ActionExecutedContextSealed context)
   at Microsoft.AspNetCore.Mvc.Infrastructure.ControllerActionInvoker.Next(State& next, Scope& scope, Object& state, Boolean& isCompleted)
   at Microsoft.AspNetCore.Mvc.Infrastructure.ControllerActionInvoker.<InvokeInnerFilterAsync>g__Awaited|13_0(ControllerActionInvoker invoker, Task lastTask, State next, Scope scope, Object state, Boolean isCompleted)
   at Microsoft.AspNetCore.Mvc.Infrastructure.ResourceInvoker.<InvokeNextResourceFilter>g__Awaited|25_0(ResourceInvoker invoker, Task lastTask, State next, Scope scope, Object state, Boolean isCompleted)
   at Microsoft.AspNetCore.Mvc.Infrastructure.ResourceInvoker.Rethrow(ResourceExecutedContextSealed context)
   at Microsoft.AspNetCore.Mvc.Infrastructure.ResourceInvoker.Next(State& next, Scope& scope, Object& state, Boolean& isCompleted)
   at Microsoft.AspNetCore.Mvc.Infrastructure.ResourceInvoker.<InvokeFilterPipelineAsync>g__Awaited|20_0(ResourceInvoker invoker, Task lastTask, State next, Scope scope, Object state, Boolean isCompleted)
   at Microsoft.AspNetCore.Mvc.Infrastructure.ResourceInvoker.<InvokeAsync>g__Awaited|17_0(ResourceInvoker invoker, Task task, IDisposable scope)
   at Microsoft.AspNetCore.Mvc.Infrastructure.ResourceInvoker.<InvokeAsync>g__Awaited|17_0(ResourceInvoker invoker, Task task, IDisposable scope)
   at Microsoft.AspNetCore.Authorization.AuthorizationMiddleware.Invoke(HttpContext context)
   at Microsoft.AspNetCore.Session.SessionMiddleware.Invoke(HttpContext context)
   at Microsoft.AspNetCore.Session.SessionMiddleware.Invoke(HttpContext context)
   at Serilog.AspNetCore.RequestLoggingMiddleware.Invoke(HttpContext httpContext)
2026-08-05 10:08:29.497 -04:00 [ERR] An unhandled exception has occurred while executing the request.
System.Net.Http.HttpRequestException: Response status code does not indicate success: 404 (Not Found).
   at System.Net.Http.HttpResponseMessage.EnsureSuccessStatusCode()
   at ReportePrematch.Web.Services.Clients.ApiClient.GetQueryAsync[T](String endpoint, Dictionary`2 query, CancellationToken ct) in D:\GITHUB\ReportePrematch.Web\ReportePrematch.Web\Services\Clients\ApiClient.cs:line 47
   at ReportePrematch.Web.Services.Clients.ReportesService.GetEstadisticasWebAsync(String fechaD, String fechaH, String agente, String pais, String role) in D:\GITHUB\ReportePrematch.Web\ReportePrematch.Web\Services\Clients\ReportesService.cs:line 741
   at ReportePrematch.Web.Controllers.ReportesController.GetEstadisticasWeb(String fechaD, String fechaH, String agente) in D:\GITHUB\ReportePrematch.Web\ReportePrematch.Web\Controllers\ReportesController.cs:line 441
   at Microsoft.AspNetCore.Mvc.Infrastructure.ActionMethodExecutor.TaskOfIActionResultExecutor.Execute(ActionContext actionContext, IActionResultTypeMapper mapper, ObjectMethodExecutor executor, Object controller, Object[] arguments)
   at Microsoft.AspNetCore.Mvc.Infrastructure.ControllerActionInvoker.<InvokeActionMethodAsync>g__Awaited|12_0(ControllerActionInvoker invoker, ValueTask`1 actionResultValueTask)
   at Microsoft.AspNetCore.Mvc.Infrastructure.ControllerActionInvoker.<InvokeNextActionFilterAsync>g__Awaited|10_0(ControllerActionInvoker invoker, Task lastTask, State next, Scope scope, Object state, Boolean isCompleted)
   at Microsoft.AspNetCore.Mvc.Infrastructure.ControllerActionInvoker.Rethrow(ActionExecutedContextSealed context)
   at Microsoft.AspNetCore.Mvc.Infrastructure.ControllerActionInvoker.Next(State& next, Scope& scope, Object& state, Boolean& isCompleted)
   at Microsoft.AspNetCore.Mvc.Infrastructure.ControllerActionInvoker.<InvokeInnerFilterAsync>g__Awaited|13_0(ControllerActionInvoker invoker, Task lastTask, State next, Scope scope, Object state, Boolean isCompleted)
   at Microsoft.AspNetCore.Mvc.Infrastructure.ResourceInvoker.<InvokeNextResourceFilter>g__Awaited|25_0(ResourceInvoker invoker, Task lastTask, State next, Scope scope, Object state, Boolean isCompleted)
   at Microsoft.AspNetCore.Mvc.Infrastructure.ResourceInvoker.Rethrow(ResourceExecutedContextSealed context)
   at Microsoft.AspNetCore.Mvc.Infrastructure.ResourceInvoker.Next(State& next, Scope& scope, Object& state, Boolean& isCompleted)
   at Microsoft.AspNetCore.Mvc.Infrastructure.ResourceInvoker.<InvokeFilterPipelineAsync>g__Awaited|20_0(ResourceInvoker invoker, Task lastTask, State next, Scope scope, Object state, Boolean isCompleted)
   at Microsoft.AspNetCore.Mvc.Infrastructure.ResourceInvoker.<InvokeAsync>g__Awaited|17_0(ResourceInvoker invoker, Task task, IDisposable scope)
   at Microsoft.AspNetCore.Mvc.Infrastructure.ResourceInvoker.<InvokeAsync>g__Awaited|17_0(ResourceInvoker invoker, Task task, IDisposable scope)
   at Microsoft.AspNetCore.Authorization.AuthorizationMiddleware.Invoke(HttpContext context)
   at Microsoft.AspNetCore.Session.SessionMiddleware.Invoke(HttpContext context)
   at Microsoft.AspNetCore.Session.SessionMiddleware.Invoke(HttpContext context)
   at Serilog.AspNetCore.RequestLoggingMiddleware.Invoke(HttpContext httpContext)
   at Microsoft.AspNetCore.Authentication.AuthenticationMiddleware.Invoke(HttpContext context)
   at Microsoft.AspNetCore.Diagnostics.DeveloperExceptionPageMiddlewareImpl.Invoke(HttpContext context)
2026-08-05 10:08:34.665 -04:00 [INF] SOAP ejecutarQuerys db=2 sql[796]=SELECT
    UPPER(LTRIM(RTRIM(c.deporte)))                            AS Categoria,
    COUNT(DISTINCT a.ticket)         …
2026-08-05 10:08:34.872 -04:00 [ERR] Error SOAP ejecutarQuerys db=2
System.Net.Http.HttpRequestException: Response status code does not indicate success: 500 (Internal Server Error).
   at System.Net.Http.HttpResponseMessage.EnsureSuccessStatusCode()
   at ReportePrematch.Web.Services.Clients.ReportesService.EjecutarQuerysAsync(String sql, Int32 db) in D:\GITHUB\ReportePrematch.Web\ReportePrematch.Web\Services\Clients\ReportesService.cs:line 98
2026-08-05 10:08:34.975 -04:00 [ERR] HTTP POST /Reportes/GetEstadisticasTaq responded 500 in 310.8427 ms
System.Net.Http.HttpRequestException: Response status code does not indicate success: 500 (Internal Server Error).
   at System.Net.Http.HttpResponseMessage.EnsureSuccessStatusCode()
   at ReportePrematch.Web.Services.Clients.ReportesService.EjecutarQuerysAsync(String sql, Int32 db) in D:\GITHUB\ReportePrematch.Web\ReportePrematch.Web\Services\Clients\ReportesService.cs:line 98
   at ReportePrematch.Web.Services.Clients.ReportesService.GetEstadisticasTaqAsync(String fechaD, String fechaH, String agente, String local, String pais, String role) in D:\GITHUB\ReportePrematch.Web\ReportePrematch.Web\Services\Clients\ReportesService.cs:line 778
   at ReportePrematch.Web.Controllers.ReportesController.GetEstadisticasTaq(String fechaD, String fechaH, String agente) in D:\GITHUB\ReportePrematch.Web\ReportePrematch.Web\Controllers\ReportesController.cs:line 444
   at Microsoft.AspNetCore.Mvc.Infrastructure.ActionMethodExecutor.TaskOfIActionResultExecutor.Execute(ActionContext actionContext, IActionResultTypeMapper mapper, ObjectMethodExecutor executor, Object controller, Object[] arguments)
   at Microsoft.AspNetCore.Mvc.Infrastructure.ControllerActionInvoker.<InvokeActionMethodAsync>g__Awaited|12_0(ControllerActionInvoker invoker, ValueTask`1 actionResultValueTask)
   at Microsoft.AspNetCore.Mvc.Infrastructure.ControllerActionInvoker.<InvokeNextActionFilterAsync>g__Awaited|10_0(ControllerActionInvoker invoker, Task lastTask, State next, Scope scope, Object state, Boolean isCompleted)
   at Microsoft.AspNetCore.Mvc.Infrastructure.ControllerActionInvoker.Rethrow(ActionExecutedContextSealed context)
   at Microsoft.AspNetCore.Mvc.Infrastructure.ControllerActionInvoker.Next(State& next, Scope& scope, Object& state, Boolean& isCompleted)
   at Microsoft.AspNetCore.Mvc.Infrastructure.ControllerActionInvoker.<InvokeInnerFilterAsync>g__Awaited|13_0(ControllerActionInvoker invoker, Task lastTask, State next, Scope scope, Object state, Boolean isCompleted)
   at Microsoft.AspNetCore.Mvc.Infrastructure.ResourceInvoker.<InvokeNextResourceFilter>g__Awaited|25_0(ResourceInvoker invoker, Task lastTask, State next, Scope scope, Object state, Boolean isCompleted)
   at Microsoft.AspNetCore.Mvc.Infrastructure.ResourceInvoker.Rethrow(ResourceExecutedContextSealed context)
   at Microsoft.AspNetCore.Mvc.Infrastructure.ResourceInvoker.Next(State& next, Scope& scope, Object& state, Boolean& isCompleted)
   at Microsoft.AspNetCore.Mvc.Infrastructure.ResourceInvoker.<InvokeFilterPipelineAsync>g__Awaited|20_0(ResourceInvoker invoker, Task lastTask, State next, Scope scope, Object state, Boolean isCompleted)
   at Microsoft.AspNetCore.Mvc.Infrastructure.ResourceInvoker.<InvokeAsync>g__Awaited|17_0(ResourceInvoker invoker, Task task, IDisposable scope)
   at Microsoft.AspNetCore.Mvc.Infrastructure.ResourceInvoker.<InvokeAsync>g__Awaited|17_0(ResourceInvoker invoker, Task task, IDisposable scope)
   at Microsoft.AspNetCore.Authorization.AuthorizationMiddleware.Invoke(HttpContext context)
   at Microsoft.AspNetCore.Session.SessionMiddleware.Invoke(HttpContext context)
   at Microsoft.AspNetCore.Session.SessionMiddleware.Invoke(HttpContext context)
   at Serilog.AspNetCore.RequestLoggingMiddleware.Invoke(HttpContext httpContext)
2026-08-05 10:08:34.990 -04:00 [ERR] An unhandled exception has occurred while executing the request.
System.Net.Http.HttpRequestException: Response status code does not indicate success: 500 (Internal Server Error).
   at System.Net.Http.HttpResponseMessage.EnsureSuccessStatusCode()
   at ReportePrematch.Web.Services.Clients.ReportesService.EjecutarQuerysAsync(String sql, Int32 db) in D:\GITHUB\ReportePrematch.Web\ReportePrematch.Web\Services\Clients\ReportesService.cs:line 98
   at ReportePrematch.Web.Services.Clients.ReportesService.GetEstadisticasTaqAsync(String fechaD, String fechaH, String agente, String local, String pais, String role) in D:\GITHUB\ReportePrematch.Web\ReportePrematch.Web\Services\Clients\ReportesService.cs:line 778
   at ReportePrematch.Web.Controllers.ReportesController.GetEstadisticasTaq(String fechaD, String fechaH, String agente) in D:\GITHUB\ReportePrematch.Web\ReportePrematch.Web\Controllers\ReportesController.cs:line 444
   at Microsoft.AspNetCore.Mvc.Infrastructure.ActionMethodExecutor.TaskOfIActionResultExecutor.Execute(ActionContext actionContext, IActionResultTypeMapper mapper, ObjectMethodExecutor executor, Object controller, Object[] arguments)
   at Microsoft.AspNetCore.Mvc.Infrastructure.ControllerActionInvoker.<InvokeActionMethodAsync>g__Awaited|12_0(ControllerActionInvoker invoker, ValueTask`1 actionResultValueTask)
   at Microsoft.AspNetCore.Mvc.Infrastructure.ControllerActionInvoker.<InvokeNextActionFilterAsync>g__Awaited|10_0(ControllerActionInvoker invoker, Task lastTask, State next, Scope scope, Object state, Boolean isCompleted)
   at Microsoft.AspNetCore.Mvc.Infrastructure.ControllerActionInvoker.Rethrow(ActionExecutedContextSealed context)
   at Microsoft.AspNetCore.Mvc.Infrastructure.ControllerActionInvoker.Next(State& next, Scope& scope, Object& state, Boolean& isCompleted)
   at Microsoft.AspNetCore.Mvc.Infrastructure.ControllerActionInvoker.<InvokeInnerFilterAsync>g__Awaited|13_0(ControllerActionInvoker invoker, Task lastTask, State next, Scope scope, Object state, Boolean isCompleted)
   at Microsoft.AspNetCore.Mvc.Infrastructure.ResourceInvoker.<InvokeNextResourceFilter>g__Awaited|25_0(ResourceInvoker invoker, Task lastTask, State next, Scope scope, Object state, Boolean isCompleted)
   at Microsoft.AspNetCore.Mvc.Infrastructure.ResourceInvoker.Rethrow(ResourceExecutedContextSealed context)
   at Microsoft.AspNetCore.Mvc.Infrastructure.ResourceInvoker.Next(State& next, Scope& scope, Object& state, Boolean& isCompleted)
   at Microsoft.AspNetCore.Mvc.Infrastructure.ResourceInvoker.<InvokeFilterPipelineAsync>g__Awaited|20_0(ResourceInvoker invoker, Task lastTask, State next, Scope scope, Object state, Boolean isCompleted)
   at Microsoft.AspNetCore.Mvc.Infrastructure.ResourceInvoker.<InvokeAsync>g__Awaited|17_0(ResourceInvoker invoker, Task task, IDisposable scope)
   at Microsoft.AspNetCore.Mvc.Infrastructure.ResourceInvoker.<InvokeAsync>g__Awaited|17_0(ResourceInvoker invoker, Task task, IDisposable scope)
   at Microsoft.AspNetCore.Authorization.AuthorizationMiddleware.Invoke(HttpContext context)
   at Microsoft.AspNetCore.Session.SessionMiddleware.Invoke(HttpContext context)
   at Microsoft.AspNetCore.Session.SessionMiddleware.Invoke(HttpContext context)
   at Serilog.AspNetCore.RequestLoggingMiddleware.Invoke(HttpContext httpContext)
   at Microsoft.AspNetCore.Authentication.AuthenticationMiddleware.Invoke(HttpContext context)
   at Microsoft.AspNetCore.Diagnostics.DeveloperExceptionPageMiddlewareImpl.Invoke(HttpContext context)
2026-08-05 10:20:55.041 -04:00 [INF] HTTP GET /Reportes/Estadisticas responded 200 in 3538.8699 ms
2026-08-05 10:20:57.120 -04:00 [INF] HTTP POST /Reportes/GetListAgencias responded 200 in 1214.3295 ms
2026-08-05 10:20:57.257 -04:00 [INF] HTTP GET /favicon.ico responded 404 in 1.7917 ms
2026-08-05 10:21:05.814 -04:00 [INF] HTTP GET /Reportes/TicketsDetallados responded 200 in 3.2885 ms
2026-08-05 10:21:06.641 -04:00 [INF] HTTP POST /Reportes/GetListAgencias responded 200 in 535.6891 ms
2026-08-05 10:21:24.082 -04:00 [INF] HTTP GET /Reportes/Estadisticas responded 200 in 1.6475 ms
2026-08-05 10:21:24.857 -04:00 [INF] HTTP POST /Reportes/GetListAgencias responded 200 in 529.8574 ms
2026-08-05 10:23:32.740 -04:00 [INF] HTTP GET /Reportes/Estadisticas responded 200 in 537.2640 ms
2026-08-05 10:23:34.484 -04:00 [INF] HTTP POST /Reportes/GetListAgencias responded 200 in 1118.7617 ms
2026-08-05 10:23:34.793 -04:00 [INF] HTTP GET /favicon.ico responded 404 in 0.1216 ms
2026-08-05 10:24:04.323 -04:00 [INF] SOAP ejecutarQuerys db=2 sql[796]=SELECT
    UPPER(LTRIM(RTRIM(c.deporte)))                            AS Categoria,
    COUNT(DISTINCT a.ticket)         …
2026-08-05 10:24:04.534 -04:00 [ERR] Error SOAP ejecutarQuerys db=2
System.Net.Http.HttpRequestException: Response status code does not indicate success: 500 (Internal Server Error).
   at System.Net.Http.HttpResponseMessage.EnsureSuccessStatusCode()
   at ReportePrematch.Web.Services.Clients.ReportesService.EjecutarQuerysAsync(String sql, Int32 db) in D:\GITHUB\ReportePrematch.Web\ReportePrematch.Web\Services\Clients\ReportesService.cs:line 98
2026-08-05 10:24:04.638 -04:00 [ERR] HTTP POST /Reportes/GetEstadisticasTaq responded 500 in 316.2155 ms
System.Net.Http.HttpRequestException: Response status code does not indicate success: 500 (Internal Server Error).
   at System.Net.Http.HttpResponseMessage.EnsureSuccessStatusCode()
   at ReportePrematch.Web.Services.Clients.ReportesService.EjecutarQuerysAsync(String sql, Int32 db) in D:\GITHUB\ReportePrematch.Web\ReportePrematch.Web\Services\Clients\ReportesService.cs:line 98
   at ReportePrematch.Web.Services.Clients.ReportesService.GetEstadisticasTaqAsync(String fechaD, String fechaH, String agente, String local, String pais, String role) in D:\GITHUB\ReportePrematch.Web\ReportePrematch.Web\Services\Clients\ReportesService.cs:line 778
   at ReportePrematch.Web.Controllers.ReportesController.GetEstadisticasTaq(String fechaD, String fechaH, String agente) in D:\GITHUB\ReportePrematch.Web\ReportePrematch.Web\Controllers\ReportesController.cs:line 444
   at Microsoft.AspNetCore.Mvc.Infrastructure.ActionMethodExecutor.TaskOfIActionResultExecutor.Execute(ActionContext actionContext, IActionResultTypeMapper mapper, ObjectMethodExecutor executor, Object controller, Object[] arguments)
   at Microsoft.AspNetCore.Mvc.Infrastructure.ControllerActionInvoker.<InvokeActionMethodAsync>g__Awaited|12_0(ControllerActionInvoker invoker, ValueTask`1 actionResultValueTask)
   at Microsoft.AspNetCore.Mvc.Infrastructure.ControllerActionInvoker.<InvokeNextActionFilterAsync>g__Awaited|10_0(ControllerActionInvoker invoker, Task lastTask, State next, Scope scope, Object state, Boolean isCompleted)
   at Microsoft.AspNetCore.Mvc.Infrastructure.ControllerActionInvoker.Rethrow(ActionExecutedContextSealed context)
   at Microsoft.AspNetCore.Mvc.Infrastructure.ControllerActionInvoker.Next(State& next, Scope& scope, Object& state, Boolean& isCompleted)
   at Microsoft.AspNetCore.Mvc.Infrastructure.ControllerActionInvoker.<InvokeInnerFilterAsync>g__Awaited|13_0(ControllerActionInvoker invoker, Task lastTask, State next, Scope scope, Object state, Boolean isCompleted)
   at Microsoft.AspNetCore.Mvc.Infrastructure.ResourceInvoker.<InvokeNextResourceFilter>g__Awaited|25_0(ResourceInvoker invoker, Task lastTask, State next, Scope scope, Object state, Boolean isCompleted)
   at Microsoft.AspNetCore.Mvc.Infrastructure.ResourceInvoker.Rethrow(ResourceExecutedContextSealed context)
   at Microsoft.AspNetCore.Mvc.Infrastructure.ResourceInvoker.Next(State& next, Scope& scope, Object& state, Boolean& isCompleted)
   at Microsoft.AspNetCore.Mvc.Infrastructure.ResourceInvoker.<InvokeFilterPipelineAsync>g__Awaited|20_0(ResourceInvoker invoker, Task lastTask, State next, Scope scope, Object state, Boolean isCompleted)
   at Microsoft.AspNetCore.Mvc.Infrastructure.ResourceInvoker.<InvokeAsync>g__Awaited|17_0(ResourceInvoker invoker, Task task, IDisposable scope)
   at Microsoft.AspNetCore.Mvc.Infrastructure.ResourceInvoker.<InvokeAsync>g__Awaited|17_0(ResourceInvoker invoker, Task task, IDisposable scope)
   at Microsoft.AspNetCore.Authorization.AuthorizationMiddleware.Invoke(HttpContext context)
   at Microsoft.AspNetCore.Session.SessionMiddleware.Invoke(HttpContext context)
   at Microsoft.AspNetCore.Session.SessionMiddleware.Invoke(HttpContext context)
   at Serilog.AspNetCore.RequestLoggingMiddleware.Invoke(HttpContext httpContext)
2026-08-05 10:24:04.653 -04:00 [ERR] An unhandled exception has occurred while executing the request.
System.Net.Http.HttpRequestException: Response status code does not indicate success: 500 (Internal Server Error).
   at System.Net.Http.HttpResponseMessage.EnsureSuccessStatusCode()
   at ReportePrematch.Web.Services.Clients.ReportesService.EjecutarQuerysAsync(String sql, Int32 db) in D:\GITHUB\ReportePrematch.Web\ReportePrematch.Web\Services\Clients\ReportesService.cs:line 98
   at ReportePrematch.Web.Services.Clients.ReportesService.GetEstadisticasTaqAsync(String fechaD, String fechaH, String agente, String local, String pais, String role) in D:\GITHUB\ReportePrematch.Web\ReportePrematch.Web\Services\Clients\ReportesService.cs:line 778
   at ReportePrematch.Web.Controllers.ReportesController.GetEstadisticasTaq(String fechaD, String fechaH, String agente) in D:\GITHUB\ReportePrematch.Web\ReportePrematch.Web\Controllers\ReportesController.cs:line 444
   at Microsoft.AspNetCore.Mvc.Infrastructure.ActionMethodExecutor.TaskOfIActionResultExecutor.Execute(ActionContext actionContext, IActionResultTypeMapper mapper, ObjectMethodExecutor executor, Object controller, Object[] arguments)
   at Microsoft.AspNetCore.Mvc.Infrastructure.ControllerActionInvoker.<InvokeActionMethodAsync>g__Awaited|12_0(ControllerActionInvoker invoker, ValueTask`1 actionResultValueTask)
   at Microsoft.AspNetCore.Mvc.Infrastructure.ControllerActionInvoker.<InvokeNextActionFilterAsync>g__Awaited|10_0(ControllerActionInvoker invoker, Task lastTask, State next, Scope scope, Object state, Boolean isCompleted)
   at Microsoft.AspNetCore.Mvc.Infrastructure.ControllerActionInvoker.Rethrow(ActionExecutedContextSealed context)
   at Microsoft.AspNetCore.Mvc.Infrastructure.ControllerActionInvoker.Next(State& next, Scope& scope, Object& state, Boolean& isCompleted)
   at Microsoft.AspNetCore.Mvc.Infrastructure.ControllerActionInvoker.<InvokeInnerFilterAsync>g__Awaited|13_0(ControllerActionInvoker invoker, Task lastTask, State next, Scope scope, Object state, Boolean isCompleted)
   at Microsoft.AspNetCore.Mvc.Infrastructure.ResourceInvoker.<InvokeNextResourceFilter>g__Awaited|25_0(ResourceInvoker invoker, Task lastTask, State next, Scope scope, Object state, Boolean isCompleted)
   at Microsoft.AspNetCore.Mvc.Infrastructure.ResourceInvoker.Rethrow(ResourceExecutedContextSealed context)
   at Microsoft.AspNetCore.Mvc.Infrastructure.ResourceInvoker.Next(State& next, Scope& scope, Object& state, Boolean& isCompleted)
   at Microsoft.AspNetCore.Mvc.Infrastructure.ResourceInvoker.<InvokeFilterPipelineAsync>g__Awaited|20_0(ResourceInvoker invoker, Task lastTask, State next, Scope scope, Object state, Boolean isCompleted)
   at Microsoft.AspNetCore.Mvc.Infrastructure.ResourceInvoker.<InvokeAsync>g__Awaited|17_0(ResourceInvoker invoker, Task task, IDisposable scope)
   at Microsoft.AspNetCore.Mvc.Infrastructure.ResourceInvoker.<InvokeAsync>g__Awaited|17_0(ResourceInvoker invoker, Task task, IDisposable scope)
   at Microsoft.AspNetCore.Authorization.AuthorizationMiddleware.Invoke(HttpContext context)
   at Microsoft.AspNetCore.Session.SessionMiddleware.Invoke(HttpContext context)
   at Microsoft.AspNetCore.Session.SessionMiddleware.Invoke(HttpContext context)
   at Serilog.AspNetCore.RequestLoggingMiddleware.Invoke(HttpContext httpContext)
   at Microsoft.AspNetCore.Authentication.AuthenticationMiddleware.Invoke(HttpContext context)
   at Microsoft.AspNetCore.Diagnostics.DeveloperExceptionPageMiddlewareImpl.Invoke(HttpContext context)
2026-08-05 11:10:44.186 -04:00 [INF] HTTP POST /Reportes/GetEstadisticasWeb responded 200 in 188.1247 ms
2026-08-05 11:11:25.496 -04:00 [ERR] Error GET+QS api/Reportes/EstadisticasWeb
System.Text.Json.JsonException: The JSON value could not be converted to System.Decimal. Path: $[0].ventas | LineNumber: 0 | BytePositionInLine: 66.
 ---> System.InvalidOperationException: Cannot get the value of a token type 'String' as a number.
   at System.Text.Json.ThrowHelper.ThrowInvalidOperationException_ExpectedNumber(JsonTokenType tokenType)
   at System.Text.Json.Serialization.Metadata.JsonPropertyInfo`1.ReadJsonAndSetMember(Object obj, ReadStack& state, Utf8JsonReader& reader)
   at System.Text.Json.Serialization.Converters.ObjectDefaultConverter`1.OnTryRead(Utf8JsonReader& reader, Type typeToConvert, JsonSerializerOptions options, ReadStack& state, T& value)
   at System.Text.Json.Serialization.JsonCollectionConverter`2.OnTryRead(Utf8JsonReader& reader, Type typeToConvert, JsonSerializerOptions options, ReadStack& state, TCollection& value)
   at System.Text.Json.Serialization.JsonConverter`1.ReadCore(Utf8JsonReader& reader, T& value, JsonSerializerOptions options, ReadStack& state)
   --- End of inner exception stack trace ---
   at System.Text.Json.ThrowHelper.ReThrowWithPath(ReadStack& state, Utf8JsonReader& reader, Exception ex)
   at System.Text.Json.Serialization.JsonConverter`1.ReadCore(Utf8JsonReader& reader, T& value, JsonSerializerOptions options, ReadStack& state)
   at System.Text.Json.Serialization.Metadata.JsonTypeInfo`1.ContinueDeserialize[TReadBufferState,TStream](TReadBufferState& bufferState, JsonReaderState& jsonReaderState, ReadStack& readStack, T& value)
   at System.Text.Json.Serialization.Metadata.JsonTypeInfo`1.DeserializeAsync[TReadBufferState,TStream](TStream utf8Json, TReadBufferState bufferState, CancellationToken cancellationToken)
   at System.Net.Http.Json.HttpContentJsonExtensions.ReadFromJsonAsyncCore[T](HttpContent content, JsonSerializerOptions options, CancellationToken cancellationToken)
   at ReportePrematch.Web.Services.Clients.ApiClient.GetQueryAsync[T](String endpoint, Dictionary`2 query, CancellationToken ct) in D:\GITHUB\ReportePrematch.Web\ReportePrematch.Web\Services\Clients\ApiClient.cs:line 48
2026-08-05 11:15:03.174 -04:00 [INF] Iniciando ReportePrematch.Web...
2026-08-05 11:15:04.744 -04:00 [INF] HTTP GET / responded 200 in 526.1265 ms
2026-08-05 11:15:34.729 -04:00 [INF] Login exitoso: vlapenta [Usuario suAdmin]
2026-08-05 11:15:34.738 -04:00 [INF] HTTP POST / responded 302 in 891.0035 ms
2026-08-05 11:15:34.921 -04:00 [INF] HTTP GET /Reportes/VentasPorAgente responded 200 in 172.1544 ms
2026-08-05 11:15:36.227 -04:00 [INF] HTTP POST /Reportes/GetListAgencias responded 200 in 827.7199 ms
2026-08-05 11:15:39.790 -04:00 [INF] HTTP GET /Reportes/Estadisticas responded 200 in 48.3016 ms
2026-08-05 11:15:40.629 -04:00 [INF] HTTP POST /Reportes/GetListAgencias responded 200 in 598.0558 ms
2026-08-05 11:15:55.761 -04:00 [ERR] Error GET+QS api/Reportes/EstadisticasWeb
System.Text.Json.JsonException: The JSON value could not be converted to System.Decimal. Path: $[0].ventas | LineNumber: 0 | BytePositionInLine: 66.
 ---> System.InvalidOperationException: Cannot get the value of a token type 'String' as a number.
   at System.Text.Json.ThrowHelper.ThrowInvalidOperationException_ExpectedNumber(JsonTokenType tokenType)
   at System.Text.Json.Utf8JsonReader.TryGetDecimal(Decimal& value)
   at System.Text.Json.Utf8JsonReader.GetDecimal()
   at System.Text.Json.Serialization.Metadata.JsonPropertyInfo`1.ReadJsonAndSetMember(Object obj, ReadStack& state, Utf8JsonReader& reader)
   at System.Text.Json.Serialization.Converters.ObjectDefaultConverter`1.OnTryRead(Utf8JsonReader& reader, Type typeToConvert, JsonSerializerOptions options, ReadStack& state, T& value)
   at System.Text.Json.Serialization.JsonConverter`1.TryRead(Utf8JsonReader& reader, Type typeToConvert, JsonSerializerOptions options, ReadStack& state, T& value, Boolean& isPopulatedValue)
   at System.Text.Json.Serialization.JsonCollectionConverter`2.OnTryRead(Utf8JsonReader& reader, Type typeToConvert, JsonSerializerOptions options, ReadStack& state, TCollection& value)
   at System.Text.Json.Serialization.JsonConverter`1.TryRead(Utf8JsonReader& reader, Type typeToConvert, JsonSerializerOptions options, ReadStack& state, T& value, Boolean& isPopulatedValue)
   at System.Text.Json.Serialization.JsonConverter`1.ReadCore(Utf8JsonReader& reader, T& value, JsonSerializerOptions options, ReadStack& state)
   --- End of inner exception stack trace ---
   at System.Text.Json.ThrowHelper.ReThrowWithPath(ReadStack& state, Utf8JsonReader& reader, Exception ex)
   at System.Text.Json.Serialization.JsonConverter`1.ReadCore(Utf8JsonReader& reader, T& value, JsonSerializerOptions options, ReadStack& state)
   at System.Text.Json.Serialization.Metadata.JsonTypeInfo`1.ContinueDeserialize[TReadBufferState,TStream](TReadBufferState& bufferState, JsonReaderState& jsonReaderState, ReadStack& readStack, T& value)
   at System.Text.Json.Serialization.Metadata.JsonTypeInfo`1.DeserializeAsync[TReadBufferState,TStream](TStream utf8Json, TReadBufferState bufferState, CancellationToken cancellationToken)
   at System.Net.Http.Json.HttpContentJsonExtensions.ReadFromJsonAsyncCore[T](HttpContent content, JsonSerializerOptions options, CancellationToken cancellationToken)
   at ReportePrematch.Web.Services.Clients.ApiClient.GetQueryAsync[T](String endpoint, Dictionary`2 query, CancellationToken ct) in D:\GITHUB\ReportePrematch.Web\ReportePrematch.Web\Services\Clients\ApiClient.cs:line 48
2026-08-05 11:16:07.755 -04:00 [INF] Iniciando ReportePrematch.Web...
2026-08-05 11:16:11.345 -04:00 [INF] HTTP GET / responded 200 in 932.7425 ms
2026-08-05 11:16:32.739 -04:00 [INF] Login exitoso: vlapenta [Usuario suAdmin]
2026-08-05 11:16:32.749 -04:00 [INF] HTTP POST / responded 302 in 951.6046 ms
2026-08-05 11:16:32.925 -04:00 [INF] HTTP GET /Reportes/VentasPorAgente responded 200 in 166.5788 ms
2026-08-05 11:16:35.662 -04:00 [INF] HTTP POST /Reportes/GetListAgencias responded 200 in 2256.7147 ms
2026-08-05 11:16:40.754 -04:00 [INF] HTTP GET /Reportes/Estadisticas responded 200 in 30.9713 ms
2026-08-05 11:16:41.710 -04:00 [INF] HTTP POST /Reportes/GetListAgencias responded 200 in 696.9083 ms
2026-08-05 11:17:08.705 -04:00 [INF] HTTP POST /Reportes/GetEstadisticasWeb responded 200 in 10753.3731 ms
2026-08-05 11:17:20.374 -04:00 [INF] HTTP POST /Reportes/GetEstadisticasWeb responded 200 in 3848.8203 ms
2026-08-05 11:17:34.004 -04:00 [INF] HTTP POST /Reportes/GetEstadisticasWeb responded 200 in 355.7708 ms
2026-08-05 11:17:46.401 -04:00 [INF] HTTP POST /Reportes/GetEstadisticasWeb responded 200 in 4455.1077 ms
2026-08-05 11:17:59.753 -04:00 [INF] HTTP POST /Reportes/GetEstadisticasTaq responded 200 in 1280.9472 ms
2026-08-05 11:20:21.041 -04:00 [INF] HTTP POST /Reportes/GetEstadisticasWeb responded 200 in 2684.2110 ms
2026-08-05 11:20:30.843 -04:00 [INF] HTTP POST /Reportes/GetEstadisticasTaq responded 200 in 1043.3350 ms
2026-08-05 11:20:38.882 -04:00 [INF] HTTP GET /Reportes/TicketsDetallados responded 200 in 41.4336 ms
2026-08-05 11:20:39.962 -04:00 [INF] HTTP POST /Reportes/GetListAgencias responded 200 in 593.0398 ms
2026-08-05 11:20:54.115 -04:00 [INF] HTTP POST /Reportes/GetTicketsDetalladosTaq responded 200 in 2440.1008 ms
2026-08-05 11:21:07.229 -04:00 [INF] HTTP POST /Reportes/GetTicketsDetalladosTaq responded 200 in 147.2597 ms
2026-08-05 11:21:17.325 -04:00 [INF] HTTP POST /Reportes/GetTicketsDetalladosWeb responded 200 in 559.9501 ms
2026-08-05 11:21:23.050 -04:00 [INF] HTTP GET /Reportes/VentasPorAgenteNikols responded 200 in 47.8820 ms
2026-08-05 11:21:23.919 -04:00 [INF] HTTP POST /Reportes/GetListAgencias responded 200 in 606.6656 ms
2026-08-05 11:21:37.507 -04:00 [INF] HTTP POST /Reportes/GetVentasPorAgenteNikolsTaq responded 200 in 3469.8855 ms
2026-08-05 11:21:45.417 -04:00 [INF] HTTP POST /Reportes/GetVentasPorAgenteNikolsTaq responded 200 in 223.9681 ms
2026-08-05 11:21:46.929 -04:00 [INF] HTTP POST /Reportes/GetTicketsDetalladosTaq responded 200 in 165.6772 ms
2026-08-05 11:21:57.971 -04:00 [INF] HTTP GET /Reportes/VentasPorAgenteNikols responded 200 in 2.1656 ms
2026-08-05 11:21:58.533 -04:00 [INF] HTTP GET /Reportes/VentasPorAgenteNikols responded 200 in 1.9252 ms
2026-08-05 11:21:58.886 -04:00 [INF] HTTP POST /Reportes/GetListAgencias responded 200 in 676.7234 ms
2026-08-05 11:21:59.992 -04:00 [INF] HTTP POST /Reportes/GetListAgencias responded 200 in 1232.1371 ms
2026-08-05 11:22:17.650 -04:00 [INF] HTTP POST /Reportes/GetVentasPorAgenteNikolsTaq responded 200 in 287.9190 ms
2026-08-05 11:22:31.421 -04:00 [INF] HTTP POST /Reportes/GetVentasPorAgenteNikolsWeb responded 200 in 790.4675 ms
2026-08-05 11:23:28.035 -04:00 [INF] HTTP GET /Reportes/VentasPorAgente responded 200 in 2.3923 ms
2026-08-05 11:23:28.899 -04:00 [INF] HTTP POST /Reportes/GetListAgencias responded 200 in 642.5021 ms
2026-08-05 11:23:41.325 -04:00 [INF] HTTP POST /Reportes/GetVentasPorAgenteTaq responded 200 in 295.3369 ms
2026-08-05 11:23:44.441 -04:00 [INF] HTTP POST /Reportes/GetTicketsDetalladosTaq responded 200 in 170.0885 ms
2026-08-05 11:23:58.854 -04:00 [INF] HTTP POST /Reportes/GetVentasPorAgenteWeb responded 200 in 527.7202 ms
2026-08-05 11:24:05.074 -04:00 [INF] HTTP GET /Reportes/TicketsEnJuegoTaq responded 200 in 37.8156 ms
2026-08-05 11:24:06.104 -04:00 [INF] HTTP POST /Reportes/GetListAgencias responded 200 in 701.4432 ms
2026-08-05 11:24:37.981 -04:00 [ERR] Error GET+QS api/Reportes/TicketsEnJuegoTaq
System.Net.Http.HttpRequestException: Response status code does not indicate success: 404 (Not Found).
   at System.Net.Http.HttpResponseMessage.EnsureSuccessStatusCode()
   at ReportePrematch.Web.Services.Clients.ApiClient.GetQueryAsync[T](String endpoint, Dictionary`2 query, CancellationToken ct) in D:\GITHUB\ReportePrematch.Web\ReportePrematch.Web\Services\Clients\ApiClient.cs:line 47
2026-08-05 11:24:38.174 -04:00 [ERR] HTTP POST /Reportes/GetTicketsEnJuegoTaq responded 500 in 279.5492 ms
System.Net.Http.HttpRequestException: Response status code does not indicate success: 404 (Not Found).
   at System.Net.Http.HttpResponseMessage.EnsureSuccessStatusCode()
   at ReportePrematch.Web.Services.Clients.ApiClient.GetQueryAsync[T](String endpoint, Dictionary`2 query, CancellationToken ct) in D:\GITHUB\ReportePrematch.Web\ReportePrematch.Web\Services\Clients\ApiClient.cs:line 47
   at ReportePrematch.Web.Services.Clients.ReportesService.GetTicketsEnJuegoTaqAsync(String fechaD, String fechaH, String agente) in D:\GITHUB\ReportePrematch.Web\ReportePrematch.Web\Services\Clients\ReportesService.cs:line 691
   at ReportePrematch.Web.Controllers.ReportesController.GetTicketsEnJuegoTaq(String fechaD, String fechaH, String agente) in D:\GITHUB\ReportePrematch.Web\ReportePrematch.Web\Controllers\ReportesController.cs:line 416
   at Microsoft.AspNetCore.Mvc.Infrastructure.ActionMethodExecutor.TaskOfIActionResultExecutor.Execute(ActionContext actionContext, IActionResultTypeMapper mapper, ObjectMethodExecutor executor, Object controller, Object[] arguments)
   at Microsoft.AspNetCore.Mvc.Infrastructure.ControllerActionInvoker.<InvokeActionMethodAsync>g__Awaited|12_0(ControllerActionInvoker invoker, ValueTask`1 actionResultValueTask)
   at Microsoft.AspNetCore.Mvc.Infrastructure.ControllerActionInvoker.<InvokeNextActionFilterAsync>g__Awaited|10_0(ControllerActionInvoker invoker, Task lastTask, State next, Scope scope, Object state, Boolean isCompleted)
   at Microsoft.AspNetCore.Mvc.Infrastructure.ControllerActionInvoker.Rethrow(ActionExecutedContextSealed context)
   at Microsoft.AspNetCore.Mvc.Infrastructure.ControllerActionInvoker.Next(State& next, Scope& scope, Object& state, Boolean& isCompleted)
   at Microsoft.AspNetCore.Mvc.Infrastructure.ControllerActionInvoker.<InvokeInnerFilterAsync>g__Awaited|13_0(ControllerActionInvoker invoker, Task lastTask, State next, Scope scope, Object state, Boolean isCompleted)
   at Microsoft.AspNetCore.Mvc.Infrastructure.ResourceInvoker.<InvokeNextResourceFilter>g__Awaited|25_0(ResourceInvoker invoker, Task lastTask, State next, Scope scope, Object state, Boolean isCompleted)
   at Microsoft.AspNetCore.Mvc.Infrastructure.ResourceInvoker.Rethrow(ResourceExecutedContextSealed context)
   at Microsoft.AspNetCore.Mvc.Infrastructure.ResourceInvoker.Next(State& next, Scope& scope, Object& state, Boolean& isCompleted)
   at Microsoft.AspNetCore.Mvc.Infrastructure.ResourceInvoker.<InvokeFilterPipelineAsync>g__Awaited|20_0(ResourceInvoker invoker, Task lastTask, State next, Scope scope, Object state, Boolean isCompleted)
   at Microsoft.AspNetCore.Mvc.Infrastructure.ResourceInvoker.<InvokeAsync>g__Awaited|17_0(ResourceInvoker invoker, Task task, IDisposable scope)
   at Microsoft.AspNetCore.Mvc.Infrastructure.ResourceInvoker.<InvokeAsync>g__Awaited|17_0(ResourceInvoker invoker, Task task, IDisposable scope)
   at Microsoft.AspNetCore.Authorization.AuthorizationMiddleware.Invoke(HttpContext context)
   at Microsoft.AspNetCore.Session.SessionMiddleware.Invoke(HttpContext context)
   at Microsoft.AspNetCore.Session.SessionMiddleware.Invoke(HttpContext context)
   at Serilog.AspNetCore.RequestLoggingMiddleware.Invoke(HttpContext httpContext)
2026-08-05 11:24:38.200 -04:00 [ERR] An unhandled exception has occurred while executing the request.
System.Net.Http.HttpRequestException: Response status code does not indicate success: 404 (Not Found).
   at System.Net.Http.HttpResponseMessage.EnsureSuccessStatusCode()
   at ReportePrematch.Web.Services.Clients.ApiClient.GetQueryAsync[T](String endpoint, Dictionary`2 query, CancellationToken ct) in D:\GITHUB\ReportePrematch.Web\ReportePrematch.Web\Services\Clients\ApiClient.cs:line 47
   at ReportePrematch.Web.Services.Clients.ReportesService.GetTicketsEnJuegoTaqAsync(String fechaD, String fechaH, String agente) in D:\GITHUB\ReportePrematch.Web\ReportePrematch.Web\Services\Clients\ReportesService.cs:line 691
   at ReportePrematch.Web.Controllers.ReportesController.GetTicketsEnJuegoTaq(String fechaD, String fechaH, String agente) in D:\GITHUB\ReportePrematch.Web\ReportePrematch.Web\Controllers\ReportesController.cs:line 416
   at Microsoft.AspNetCore.Mvc.Infrastructure.ActionMethodExecutor.TaskOfIActionResultExecutor.Execute(ActionContext actionContext, IActionResultTypeMapper mapper, ObjectMethodExecutor executor, Object controller, Object[] arguments)
   at Microsoft.AspNetCore.Mvc.Infrastructure.ControllerActionInvoker.<InvokeActionMethodAsync>g__Awaited|12_0(ControllerActionInvoker invoker, ValueTask`1 actionResultValueTask)
   at Microsoft.AspNetCore.Mvc.Infrastructure.ControllerActionInvoker.<InvokeNextActionFilterAsync>g__Awaited|10_0(ControllerActionInvoker invoker, Task lastTask, State next, Scope scope, Object state, Boolean isCompleted)
   at Microsoft.AspNetCore.Mvc.Infrastructure.ControllerActionInvoker.Rethrow(ActionExecutedContextSealed context)
   at Microsoft.AspNetCore.Mvc.Infrastructure.ControllerActionInvoker.Next(State& next, Scope& scope, Object& state, Boolean& isCompleted)
   at Microsoft.AspNetCore.Mvc.Infrastructure.ControllerActionInvoker.<InvokeInnerFilterAsync>g__Awaited|13_0(ControllerActionInvoker invoker, Task lastTask, State next, Scope scope, Object state, Boolean isCompleted)
   at Microsoft.AspNetCore.Mvc.Infrastructure.ResourceInvoker.<InvokeNextResourceFilter>g__Awaited|25_0(ResourceInvoker invoker, Task lastTask, State next, Scope scope, Object state, Boolean isCompleted)
   at Microsoft.AspNetCore.Mvc.Infrastructure.ResourceInvoker.Rethrow(ResourceExecutedContextSealed context)
   at Microsoft.AspNetCore.Mvc.Infrastructure.ResourceInvoker.Next(State& next, Scope& scope, Object& state, Boolean& isCompleted)
   at Microsoft.AspNetCore.Mvc.Infrastructure.ResourceInvoker.<InvokeFilterPipelineAsync>g__Awaited|20_0(ResourceInvoker invoker, Task lastTask, State next, Scope scope, Object state, Boolean isCompleted)
   at Microsoft.AspNetCore.Mvc.Infrastructure.ResourceInvoker.<InvokeAsync>g__Awaited|17_0(ResourceInvoker invoker, Task task, IDisposable scope)
   at Microsoft.AspNetCore.Mvc.Infrastructure.ResourceInvoker.<InvokeAsync>g__Awaited|17_0(ResourceInvoker invoker, Task task, IDisposable scope)
   at Microsoft.AspNetCore.Authorization.AuthorizationMiddleware.Invoke(HttpContext context)
   at Microsoft.AspNetCore.Session.SessionMiddleware.Invoke(HttpContext context)
   at Microsoft.AspNetCore.Session.SessionMiddleware.Invoke(HttpContext context)
   at Serilog.AspNetCore.RequestLoggingMiddleware.Invoke(HttpContext httpContext)
   at Microsoft.AspNetCore.Authentication.AuthenticationMiddleware.Invoke(HttpContext context)
   at Microsoft.AspNetCore.Diagnostics.DeveloperExceptionPageMiddlewareImpl.Invoke(HttpContext context)
2026-08-05 11:54:06.638 -04:00 [ERR] Error GET+QS api/Reportes/TicketsEnJuegoTaq
System.Net.Http.HttpRequestException: Response status code does not indicate success: 404 (Not Found).
   at System.Net.Http.HttpResponseMessage.EnsureSuccessStatusCode()
   at ReportePrematch.Web.Services.Clients.ApiClient.GetQueryAsync[T](String endpoint, Dictionary`2 query, CancellationToken ct) in D:\GITHUB\ReportePrematch.Web\ReportePrematch.Web\Services\Clients\ApiClient.cs:line 47
2026-08-05 11:54:06.740 -04:00 [ERR] HTTP POST /Reportes/GetTicketsEnJuegoTaq responded 500 in 136.9356 ms
System.Net.Http.HttpRequestException: Response status code does not indicate success: 404 (Not Found).
   at System.Net.Http.HttpResponseMessage.EnsureSuccessStatusCode()
   at ReportePrematch.Web.Services.Clients.ApiClient.GetQueryAsync[T](String endpoint, Dictionary`2 query, CancellationToken ct) in D:\GITHUB\ReportePrematch.Web\ReportePrematch.Web\Services\Clients\ApiClient.cs:line 47
   at ReportePrematch.Web.Services.Clients.ReportesService.GetTicketsEnJuegoTaqAsync(String fechaD, String fechaH, String agente) in D:\GITHUB\ReportePrematch.Web\ReportePrematch.Web\Services\Clients\ReportesService.cs:line 691
   at ReportePrematch.Web.Controllers.ReportesController.GetTicketsEnJuegoTaq(String fechaD, String fechaH, String agente) in D:\GITHUB\ReportePrematch.Web\ReportePrematch.Web\Controllers\ReportesController.cs:line 416
   at Microsoft.AspNetCore.Mvc.Infrastructure.ActionMethodExecutor.TaskOfIActionResultExecutor.Execute(ActionContext actionContext, IActionResultTypeMapper mapper, ObjectMethodExecutor executor, Object controller, Object[] arguments)
   at Microsoft.AspNetCore.Mvc.Infrastructure.ControllerActionInvoker.<InvokeActionMethodAsync>g__Awaited|12_0(ControllerActionInvoker invoker, ValueTask`1 actionResultValueTask)
   at Microsoft.AspNetCore.Mvc.Infrastructure.ControllerActionInvoker.<InvokeNextActionFilterAsync>g__Awaited|10_0(ControllerActionInvoker invoker, Task lastTask, State next, Scope scope, Object state, Boolean isCompleted)
   at Microsoft.AspNetCore.Mvc.Infrastructure.ControllerActionInvoker.Rethrow(ActionExecutedContextSealed context)
   at Microsoft.AspNetCore.Mvc.Infrastructure.ControllerActionInvoker.Next(State& next, Scope& scope, Object& state, Boolean& isCompleted)
   at Microsoft.AspNetCore.Mvc.Infrastructure.ControllerActionInvoker.<InvokeInnerFilterAsync>g__Awaited|13_0(ControllerActionInvoker invoker, Task lastTask, State next, Scope scope, Object state, Boolean isCompleted)
   at Microsoft.AspNetCore.Mvc.Infrastructure.ResourceInvoker.<InvokeNextResourceFilter>g__Awaited|25_0(ResourceInvoker invoker, Task lastTask, State next, Scope scope, Object state, Boolean isCompleted)
   at Microsoft.AspNetCore.Mvc.Infrastructure.ResourceInvoker.Rethrow(ResourceExecutedContextSealed context)
   at Microsoft.AspNetCore.Mvc.Infrastructure.ResourceInvoker.Next(State& next, Scope& scope, Object& state, Boolean& isCompleted)
   at Microsoft.AspNetCore.Mvc.Infrastructure.ResourceInvoker.<InvokeFilterPipelineAsync>g__Awaited|20_0(ResourceInvoker invoker, Task lastTask, State next, Scope scope, Object state, Boolean isCompleted)
   at Microsoft.AspNetCore.Mvc.Infrastructure.ResourceInvoker.<InvokeAsync>g__Awaited|17_0(ResourceInvoker invoker, Task task, IDisposable scope)
   at Microsoft.AspNetCore.Mvc.Infrastructure.ResourceInvoker.<InvokeAsync>g__Awaited|17_0(ResourceInvoker invoker, Task task, IDisposable scope)
   at Microsoft.AspNetCore.Authorization.AuthorizationMiddleware.Invoke(HttpContext context)
   at Microsoft.AspNetCore.Session.SessionMiddleware.Invoke(HttpContext context)
   at Microsoft.AspNetCore.Session.SessionMiddleware.Invoke(HttpContext context)
   at Serilog.AspNetCore.RequestLoggingMiddleware.Invoke(HttpContext httpContext)
2026-08-05 11:54:06.754 -04:00 [ERR] An unhandled exception has occurred while executing the request.
System.Net.Http.HttpRequestException: Response status code does not indicate success: 404 (Not Found).
   at System.Net.Http.HttpResponseMessage.EnsureSuccessStatusCode()
   at ReportePrematch.Web.Services.Clients.ApiClient.GetQueryAsync[T](String endpoint, Dictionary`2 query, CancellationToken ct) in D:\GITHUB\ReportePrematch.Web\ReportePrematch.Web\Services\Clients\ApiClient.cs:line 47
   at ReportePrematch.Web.Services.Clients.ReportesService.GetTicketsEnJuegoTaqAsync(String fechaD, String fechaH, String agente) in D:\GITHUB\ReportePrematch.Web\ReportePrematch.Web\Services\Clients\ReportesService.cs:line 691
   at ReportePrematch.Web.Controllers.ReportesController.GetTicketsEnJuegoTaq(String fechaD, String fechaH, String agente) in D:\GITHUB\ReportePrematch.Web\ReportePrematch.Web\Controllers\ReportesController.cs:line 416
   at Microsoft.AspNetCore.Mvc.Infrastructure.ActionMethodExecutor.TaskOfIActionResultExecutor.Execute(ActionContext actionContext, IActionResultTypeMapper mapper, ObjectMethodExecutor executor, Object controller, Object[] arguments)
   at Microsoft.AspNetCore.Mvc.Infrastructure.ControllerActionInvoker.<InvokeActionMethodAsync>g__Awaited|12_0(ControllerActionInvoker invoker, ValueTask`1 actionResultValueTask)
   at Microsoft.AspNetCore.Mvc.Infrastructure.ControllerActionInvoker.<InvokeNextActionFilterAsync>g__Awaited|10_0(ControllerActionInvoker invoker, Task lastTask, State next, Scope scope, Object state, Boolean isCompleted)
   at Microsoft.AspNetCore.Mvc.Infrastructure.ControllerActionInvoker.Rethrow(ActionExecutedContextSealed context)
   at Microsoft.AspNetCore.Mvc.Infrastructure.ControllerActionInvoker.Next(State& next, Scope& scope, Object& state, Boolean& isCompleted)
   at Microsoft.AspNetCore.Mvc.Infrastructure.ControllerActionInvoker.<InvokeInnerFilterAsync>g__Awaited|13_0(ControllerActionInvoker invoker, Task lastTask, State next, Scope scope, Object state, Boolean isCompleted)
   at Microsoft.AspNetCore.Mvc.Infrastructure.ResourceInvoker.<InvokeNextResourceFilter>g__Awaited|25_0(ResourceInvoker invoker, Task lastTask, State next, Scope scope, Object state, Boolean isCompleted)
   at Microsoft.AspNetCore.Mvc.Infrastructure.ResourceInvoker.Rethrow(ResourceExecutedContextSealed context)
   at Microsoft.AspNetCore.Mvc.Infrastructure.ResourceInvoker.Next(State& next, Scope& scope, Object& state, Boolean& isCompleted)
   at Microsoft.AspNetCore.Mvc.Infrastructure.ResourceInvoker.<InvokeFilterPipelineAsync>g__Awaited|20_0(ResourceInvoker invoker, Task lastTask, State next, Scope scope, Object state, Boolean isCompleted)
   at Microsoft.AspNetCore.Mvc.Infrastructure.ResourceInvoker.<InvokeAsync>g__Awaited|17_0(ResourceInvoker invoker, Task task, IDisposable scope)
   at Microsoft.AspNetCore.Mvc.Infrastructure.ResourceInvoker.<InvokeAsync>g__Awaited|17_0(ResourceInvoker invoker, Task task, IDisposable scope)
   at Microsoft.AspNetCore.Authorization.AuthorizationMiddleware.Invoke(HttpContext context)
   at Microsoft.AspNetCore.Session.SessionMiddleware.Invoke(HttpContext context)
   at Microsoft.AspNetCore.Session.SessionMiddleware.Invoke(HttpContext context)
   at Serilog.AspNetCore.RequestLoggingMiddleware.Invoke(HttpContext httpContext)
   at Microsoft.AspNetCore.Authentication.AuthenticationMiddleware.Invoke(HttpContext context)
   at Microsoft.AspNetCore.Diagnostics.DeveloperExceptionPageMiddlewareImpl.Invoke(HttpContext context)
2026-08-05 11:55:25.422 -04:00 [ERR] Error GET+QS api/Reportes/TicketsEnJuegoTaq
System.Net.Http.HttpRequestException: Response status code does not indicate success: 404 (Not Found).
   at System.Net.Http.HttpResponseMessage.EnsureSuccessStatusCode()
   at ReportePrematch.Web.Services.Clients.ApiClient.GetQueryAsync[T](String endpoint, Dictionary`2 query, CancellationToken ct) in D:\GITHUB\ReportePrematch.Web\ReportePrematch.Web\Services\Clients\ApiClient.cs:line 47
2026-08-05 11:55:25.595 -04:00 [ERR] HTTP POST /Reportes/GetTicketsEnJuegoTaq responded 500 in 212.6715 ms
System.Net.Http.HttpRequestException: Response status code does not indicate success: 404 (Not Found).
   at System.Net.Http.HttpResponseMessage.EnsureSuccessStatusCode()
   at ReportePrematch.Web.Services.Clients.ApiClient.GetQueryAsync[T](String endpoint, Dictionary`2 query, CancellationToken ct) in D:\GITHUB\ReportePrematch.Web\ReportePrematch.Web\Services\Clients\ApiClient.cs:line 47
   at ReportePrematch.Web.Services.Clients.ReportesService.GetTicketsEnJuegoTaqAsync(String fechaD, String fechaH, String agente) in D:\GITHUB\ReportePrematch.Web\ReportePrematch.Web\Services\Clients\ReportesService.cs:line 691
   at ReportePrematch.Web.Controllers.ReportesController.GetTicketsEnJuegoTaq(String fechaD, String fechaH, String agente) in D:\GITHUB\ReportePrematch.Web\ReportePrematch.Web\Controllers\ReportesController.cs:line 416
   at Microsoft.AspNetCore.Mvc.Infrastructure.ActionMethodExecutor.TaskOfIActionResultExecutor.Execute(ActionContext actionContext, IActionResultTypeMapper mapper, ObjectMethodExecutor executor, Object controller, Object[] arguments)
   at Microsoft.AspNetCore.Mvc.Infrastructure.ControllerActionInvoker.<InvokeActionMethodAsync>g__Awaited|12_0(ControllerActionInvoker invoker, ValueTask`1 actionResultValueTask)
   at Microsoft.AspNetCore.Mvc.Infrastructure.ControllerActionInvoker.<InvokeNextActionFilterAsync>g__Awaited|10_0(ControllerActionInvoker invoker, Task lastTask, State next, Scope scope, Object state, Boolean isCompleted)
   at Microsoft.AspNetCore.Mvc.Infrastructure.ControllerActionInvoker.Rethrow(ActionExecutedContextSealed context)
   at Microsoft.AspNetCore.Mvc.Infrastructure.ControllerActionInvoker.Next(State& next, Scope& scope, Object& state, Boolean& isCompleted)
   at Microsoft.AspNetCore.Mvc.Infrastructure.ControllerActionInvoker.<InvokeInnerFilterAsync>g__Awaited|13_0(ControllerActionInvoker invoker, Task lastTask, State next, Scope scope, Object state, Boolean isCompleted)
   at Microsoft.AspNetCore.Mvc.Infrastructure.ResourceInvoker.<InvokeNextResourceFilter>g__Awaited|25_0(ResourceInvoker invoker, Task lastTask, State next, Scope scope, Object state, Boolean isCompleted)
   at Microsoft.AspNetCore.Mvc.Infrastructure.ResourceInvoker.Rethrow(ResourceExecutedContextSealed context)
   at Microsoft.AspNetCore.Mvc.Infrastructure.ResourceInvoker.Next(State& next, Scope& scope, Object& state, Boolean& isCompleted)
   at Microsoft.AspNetCore.Mvc.Infrastructure.ResourceInvoker.<InvokeFilterPipelineAsync>g__Awaited|20_0(ResourceInvoker invoker, Task lastTask, State next, Scope scope, Object state, Boolean isCompleted)
   at Microsoft.AspNetCore.Mvc.Infrastructure.ResourceInvoker.<InvokeAsync>g__Awaited|17_0(ResourceInvoker invoker, Task task, IDisposable scope)
   at Microsoft.AspNetCore.Mvc.Infrastructure.ResourceInvoker.<InvokeAsync>g__Awaited|17_0(ResourceInvoker invoker, Task task, IDisposable scope)
   at Microsoft.AspNetCore.Authorization.AuthorizationMiddleware.Invoke(HttpContext context)
   at Microsoft.AspNetCore.Session.SessionMiddleware.Invoke(HttpContext context)
   at Microsoft.AspNetCore.Session.SessionMiddleware.Invoke(HttpContext context)
   at Serilog.AspNetCore.RequestLoggingMiddleware.Invoke(HttpContext httpContext)
2026-08-05 11:55:25.612 -04:00 [ERR] An unhandled exception has occurred while executing the request.
System.Net.Http.HttpRequestException: Response status code does not indicate success: 404 (Not Found).
   at System.Net.Http.HttpResponseMessage.EnsureSuccessStatusCode()
   at ReportePrematch.Web.Services.Clients.ApiClient.GetQueryAsync[T](String endpoint, Dictionary`2 query, CancellationToken ct) in D:\GITHUB\ReportePrematch.Web\ReportePrematch.Web\Services\Clients\ApiClient.cs:line 47
   at ReportePrematch.Web.Services.Clients.ReportesService.GetTicketsEnJuegoTaqAsync(String fechaD, String fechaH, String agente) in D:\GITHUB\ReportePrematch.Web\ReportePrematch.Web\Services\Clients\ReportesService.cs:line 691
   at ReportePrematch.Web.Controllers.ReportesController.GetTicketsEnJuegoTaq(String fechaD, String fechaH, String agente) in D:\GITHUB\ReportePrematch.Web\ReportePrematch.Web\Controllers\ReportesController.cs:line 416
   at Microsoft.AspNetCore.Mvc.Infrastructure.ActionMethodExecutor.TaskOfIActionResultExecutor.Execute(ActionContext actionContext, IActionResultTypeMapper mapper, ObjectMethodExecutor executor, Object controller, Object[] arguments)
   at Microsoft.AspNetCore.Mvc.Infrastructure.ControllerActionInvoker.<InvokeActionMethodAsync>g__Awaited|12_0(ControllerActionInvoker invoker, ValueTask`1 actionResultValueTask)
   at Microsoft.AspNetCore.Mvc.Infrastructure.ControllerActionInvoker.<InvokeNextActionFilterAsync>g__Awaited|10_0(ControllerActionInvoker invoker, Task lastTask, State next, Scope scope, Object state, Boolean isCompleted)
   at Microsoft.AspNetCore.Mvc.Infrastructure.ControllerActionInvoker.Rethrow(ActionExecutedContextSealed context)
   at Microsoft.AspNetCore.Mvc.Infrastructure.ControllerActionInvoker.Next(State& next, Scope& scope, Object& state, Boolean& isCompleted)
   at Microsoft.AspNetCore.Mvc.Infrastructure.ControllerActionInvoker.<InvokeInnerFilterAsync>g__Awaited|13_0(ControllerActionInvoker invoker, Task lastTask, State next, Scope scope, Object state, Boolean isCompleted)
   at Microsoft.AspNetCore.Mvc.Infrastructure.ResourceInvoker.<InvokeNextResourceFilter>g__Awaited|25_0(ResourceInvoker invoker, Task lastTask, State next, Scope scope, Object state, Boolean isCompleted)
   at Microsoft.AspNetCore.Mvc.Infrastructure.ResourceInvoker.Rethrow(ResourceExecutedContextSealed context)
   at Microsoft.AspNetCore.Mvc.Infrastructure.ResourceInvoker.Next(State& next, Scope& scope, Object& state, Boolean& isCompleted)
   at Microsoft.AspNetCore.Mvc.Infrastructure.ResourceInvoker.<InvokeFilterPipelineAsync>g__Awaited|20_0(ResourceInvoker invoker, Task lastTask, State next, Scope scope, Object state, Boolean isCompleted)
   at Microsoft.AspNetCore.Mvc.Infrastructure.ResourceInvoker.<InvokeAsync>g__Awaited|17_0(ResourceInvoker invoker, Task task, IDisposable scope)
   at Microsoft.AspNetCore.Mvc.Infrastructure.ResourceInvoker.<InvokeAsync>g__Awaited|17_0(ResourceInvoker invoker, Task task, IDisposable scope)
   at Microsoft.AspNetCore.Authorization.AuthorizationMiddleware.Invoke(HttpContext context)
   at Microsoft.AspNetCore.Session.SessionMiddleware.Invoke(HttpContext context)
   at Microsoft.AspNetCore.Session.SessionMiddleware.Invoke(HttpContext context)
   at Serilog.AspNetCore.RequestLoggingMiddleware.Invoke(HttpContext httpContext)
   at Microsoft.AspNetCore.Authentication.AuthenticationMiddleware.Invoke(HttpContext context)
   at Microsoft.AspNetCore.Diagnostics.DeveloperExceptionPageMiddlewareImpl.Invoke(HttpContext context)
2026-08-05 15:55:20.040 -04:00 [INF] Iniciando ReportePrematch.Web...
2026-08-05 15:55:21.964 -04:00 [INF] HTTP GET / responded 200 in 404.5163 ms
2026-08-05 15:55:23.730 -04:00 [INF] HTTP GET /favicon.ico responded 404 in 13.1789 ms
2026-08-05 15:58:07.898 -04:00 [INF] Login exitoso: vlapenta [Usuario suAdmin]
2026-08-05 15:58:07.914 -04:00 [INF] HTTP POST / responded 302 in 1572.1568 ms
2026-08-05 15:58:07.929 -04:00 [INF] HTTP GET /Reportes/VentasPorAgente responded 404 in 3.4283 ms
2026-08-05 15:58:17.259 -04:00 [INF] HTTP GET /Reportes/VentasPorAgente responded 404 in 110.1587 ms
2026-08-05 15:58:18.339 -04:00 [INF] HTTP GET /Reportes/VentasPorAgente responded 404 in 0.1525 ms
2026-08-05 15:58:21.797 -04:00 [INF] HTTP GET / responded 302 in 3.4765 ms
2026-08-05 15:58:33.190 -04:00 [INF] Iniciando ReportePrematch.Web...
2026-08-05 15:58:35.593 -04:00 [INF] HTTP GET / responded 200 in 547.9984 ms
2026-08-05 15:58:52.755 -04:00 [INF] Login exitoso: vlapenta [Usuario suAdmin]
2026-08-05 15:58:52.767 -04:00 [INF] HTTP POST / responded 302 in 897.7684 ms
2026-08-05 15:58:52.783 -04:00 [INF] HTTP GET /Reportes/VentasPorAgente responded 404 in 4.7424 ms
2026-08-05 15:59:52.024 -04:00 [INF] HTTP GET /Reportes/VentasPorAgente responded 404 in 93.1288 ms
2026-08-05 15:59:53.078 -04:00 [INF] HTTP GET /Reportes/VentasPorAgente responded 404 in 0.1708 ms
2026-08-05 16:05:34.497 -04:00 [INF] HTTP GET /Reportes/VentasPorAgente responded 404 in 0.4229 ms
2026-08-05 16:05:37.728 -04:00 [INF] HTTP GET /Reportes/VentasPorAgente responded 404 in 0.1968 ms
2026-08-05 16:05:39.259 -04:00 [INF] HTTP GET /Reportes/VentasPorAgente responded 404 in 0.2852 ms
2026-08-05 16:05:55.003 -04:00 [INF] Iniciando ReportePrematch.Web...
2026-08-05 16:05:56.715 -04:00 [INF] HTTP GET / responded 200 in 662.6946 ms
2026-08-05 16:06:01.482 -04:00 [INF] HTTP GET /favicon.ico responded 404 in 5.1282 ms
2026-08-05 16:06:08.516 -04:00 [INF] Login exitoso: vlapenta [Usuario suAdmin]
2026-08-05 16:06:08.525 -04:00 [INF] HTTP POST / responded 302 in 1118.0234 ms
2026-08-05 16:06:08.546 -04:00 [INF] HTTP GET /Reportes/VentasPorAgente responded 301 in 13.1955 ms
2026-08-05 16:06:08.852 -04:00 [INF] HTTP GET /Reportes/VentasPorAgenteTaq responded 200 in 281.3065 ms
2026-08-05 16:06:13.300 -04:00 [INF] HTTP POST /Reportes/GetListAgencias responded 200 in 3482.1901 ms
2026-08-05 16:06:27.436 -04:00 [INF] HTTP POST /Reportes/GetVentasPorAgenteTaq responded 200 in 387.9385 ms
2026-08-05 16:06:31.963 -04:00 [INF] HTTP POST /Reportes/GetTicketsDetalladosTaq responded 200 in 445.5594 ms
2026-08-05 16:06:46.733 -04:00 [INF] HTTP POST /Reportes/GetVentasPorAgenteWeb responded 200 in 553.5848 ms
2026-08-05 16:06:52.167 -04:00 [INF] HTTP GET /Reportes/VentasPorAgenteNikols responded 404 in 1.3303 ms
2026-08-05 16:07:40.820 -04:00 [INF] HTTP GET /Reportes/VentasPorAgenteNikols responded 404 in 0.4347 ms
2026-08-05 16:07:41.748 -04:00 [INF] HTTP GET /Reportes/VentasPorAgenteNikols responded 404 in 0.1480 ms
2026-08-05 16:07:46.641 -04:00 [INF] HTTP GET /Reportes/VentasPorAgenteTaq responded 200 in 34.6186 ms
2026-08-05 16:07:48.167 -04:00 [INF] HTTP POST /Reportes/GetListAgencias responded 200 in 691.2876 ms
2026-08-05 16:07:48.927 -04:00 [INF] HTTP GET /favicon.ico responded 404 in 0.6943 ms
2026-08-05 16:07:55.036 -04:00 [INF] HTTP GET /Reportes/VentasPorAgenteNikols responded 404 in 0.1477 ms
2026-08-05 16:08:06.551 -04:00 [INF] Iniciando ReportePrematch.Web...
2026-08-05 16:08:08.610 -04:00 [INF] HTTP GET / responded 200 in 500.6313 ms
2026-08-05 16:08:24.257 -04:00 [INF] Login exitoso: vlapenta [Usuario suAdmin]
2026-08-05 16:08:24.267 -04:00 [INF] HTTP POST / responded 302 in 1044.8594 ms
2026-08-05 16:08:24.290 -04:00 [INF] HTTP GET /Reportes/VentasPorAgente responded 301 in 13.2012 ms
2026-08-05 16:08:24.544 -04:00 [INF] HTTP GET /Reportes/VentasPorAgenteTaq responded 200 in 235.4436 ms
2026-08-05 16:08:25.799 -04:00 [INF] HTTP POST /Reportes/GetListAgencias responded 200 in 749.4559 ms
2026-08-05 16:08:36.055 -04:00 [INF] HTTP GET /Reportes/VentasPorAgenteNikols responded 301 in 2.7587 ms
2026-08-05 16:08:36.103 -04:00 [INF] HTTP GET /Reportes/VentasPorAgenteNikolsTaq responded 200 in 40.2685 ms
2026-08-05 16:08:36.988 -04:00 [INF] HTTP POST /Reportes/GetListAgencias responded 200 in 637.3101 ms
2026-08-05 16:08:45.689 -04:00 [INF] HTTP GET /Reportes/VentasPorAgenteTaq responded 200 in 2.7702 ms
2026-08-05 16:08:46.528 -04:00 [INF] HTTP POST /Reportes/GetListAgencias responded 200 in 629.5059 ms
2026-08-05 16:10:25.959 -04:00 [INF] HTTP GET /Reportes/TicketsDetallados responded 404 in 1.4247 ms
2026-08-05 16:10:42.321 -04:00 [INF] HTTP GET /Reportes/Estadisticas responded 404 in 0.1869 ms
2026-08-05 16:13:15.829 -04:00 [INF] HTTP GET /Reportes/VentasPorAgenteNikolsTaq responded 200 in 3.6609 ms
2026-08-05 16:13:17.867 -04:00 [INF] HTTP POST /Reportes/GetListAgencias responded 200 in 1455.3213 ms
2026-08-05 16:13:33.120 -04:00 [INF] Logout: vlapenta
2026-08-05 16:13:33.121 -04:00 [INF] HTTP GET /Home/Logout responded 302 in 4.9222 ms
2026-08-05 16:13:33.131 -04:00 [INF] HTTP GET / responded 200 in 2.8703 ms
2026-08-05 16:13:35.970 -04:00 [INF] HTTP GET / responded 200 in 3.1445 ms
2026-08-05 16:13:37.761 -04:00 [INF] HTTP GET /favicon.ico responded 404 in 0.1784 ms
2026-08-05 16:13:47.932 -04:00 [INF] Login exitoso: vlapenta [Usuario suAdmin]
2026-08-05 16:13:47.937 -04:00 [INF] HTTP POST / responded 302 in 715.7668 ms
2026-08-05 16:13:47.953 -04:00 [INF] HTTP GET /Reportes/VentasPorAgente responded 301 in 0.5555 ms
2026-08-05 16:13:47.974 -04:00 [INF] HTTP GET /Reportes/VentasPorAgenteTaq responded 200 in 2.4915 ms
2026-08-05 16:13:48.948 -04:00 [INF] HTTP POST /Reportes/GetListAgencias responded 200 in 676.0555 ms
2026-08-05 16:13:54.295 -04:00 [INF] HTTP GET /Reportes/VentasPorAgenteNikolsTaq responded 200 in 3.2622 ms
2026-08-05 16:13:55.106 -04:00 [INF] HTTP POST /Reportes/GetListAgencias responded 200 in 608.5633 ms
2026-08-05 16:14:06.429 -04:00 [INF] Iniciando ReportePrematch.Web...
2026-08-05 16:14:07.944 -04:00 [INF] HTTP GET / responded 200 in 541.7479 ms
2026-08-05 16:14:19.256 -04:00 [INF] Login exitoso: vlapenta [Usuario suAdmin]
2026-08-05 16:14:19.271 -04:00 [INF] HTTP POST / responded 302 in 1004.6107 ms
2026-08-05 16:14:19.450 -04:00 [INF] HTTP GET /Reportes/VentasPorAgente responded 200 in 169.1348 ms
2026-08-05 16:14:20.688 -04:00 [INF] HTTP POST /Reportes/GetListAgencias responded 200 in 751.3993 ms
2026-08-05 16:14:25.348 -04:00 [INF] HTTP GET /Reportes/VentasPorAgenteNikolsTaq responded 200 in 43.6824 ms
2026-08-05 16:14:26.245 -04:00 [INF] HTTP POST /Reportes/GetListAgencias responded 200 in 659.2110 ms
2026-08-05 16:14:29.376 -04:00 [INF] HTTP GET /Reportes/TicketsDetallados responded 404 in 0.9966 ms
2026-08-05 16:17:25.326 -04:00 [INF] Iniciando ReportePrematch.Web...
2026-08-05 16:17:26.959 -04:00 [INF] HTTP GET / responded 200 in 551.2361 ms
2026-08-05 16:17:43.181 -04:00 [INF] Login exitoso: vlapenta [Usuario suAdmin]
2026-08-05 16:17:43.192 -04:00 [INF] HTTP POST / responded 302 in 1016.3069 ms
2026-08-05 16:17:43.389 -04:00 [INF] HTTP GET /Reportes/VentasPorAgente responded 200 in 187.4082 ms
2026-08-05 16:17:44.658 -04:00 [INF] HTTP POST /Reportes/GetListAgencias responded 200 in 757.6139 ms
2026-08-05 16:20:36.761 -04:00 [INF] Iniciando ReportePrematch.Web...
2026-08-05 16:20:38.508 -04:00 [INF] HTTP GET / responded 200 in 565.0340 ms
2026-08-05 16:20:54.138 -04:00 [INF] Login exitoso: vlapenta [Usuario suAdmin]
2026-08-05 16:20:54.149 -04:00 [INF] HTTP POST / responded 302 in 1143.4080 ms
2026-08-05 16:20:54.363 -04:00 [INF] HTTP GET /Reportes/VentasPorAgente responded 200 in 203.9370 ms
2026-08-05 16:20:55.732 -04:00 [INF] HTTP POST /Reportes/GetListAgencias responded 200 in 888.8835 ms
2026-08-05 16:20:59.222 -04:00 [INF] HTTP GET /Reportes/VentasPorAgente responded 200 in 6.8667 ms
2026-08-05 16:21:00.185 -04:00 [INF] HTTP POST /Reportes/GetListAgencias responded 200 in 723.1921 ms
2026-08-05 16:21:02.254 -04:00 [INF] HTTP GET /Reportes/VentasPorAgenteNikolsTaq responded 200 in 66.3673 ms
2026-08-05 16:21:03.084 -04:00 [INF] HTTP POST /Reportes/GetListAgencias responded 200 in 611.8222 ms
2026-08-05 16:21:07.790 -04:00 [INF] HTTP GET /Reportes/TicketsDetallados responded 200 in 30.0667 ms
2026-08-05 16:21:08.656 -04:00 [INF] HTTP POST /Reportes/GetListAgencias responded 200 in 673.4117 ms
2026-08-05 16:21:11.313 -04:00 [INF] HTTP GET /Reportes/Estadisticas responded 200 in 30.7206 ms
2026-08-05 16:21:12.181 -04:00 [INF] HTTP POST /Reportes/GetListAgencias responded 200 in 652.7626 ms
2026-08-05 16:21:16.038 -04:00 [INF] HTTP GET /Reportes/VentasPorAgenteNikolsTaq responded 200 in 1.9972 ms
2026-08-05 16:21:16.922 -04:00 [INF] HTTP POST /Reportes/GetListAgencias responded 200 in 669.3076 ms
2026-08-05 16:23:54.562 -04:00 [INF] Iniciando ReportePrematch.Web...
2026-08-05 16:23:56.283 -04:00 [INF] HTTP GET / responded 200 in 571.9089 ms
2026-08-05 16:24:07.364 -04:00 [INF] Login exitoso: vlapenta [Usuario suAdmin]
2026-08-05 16:24:07.382 -04:00 [INF] HTTP POST / responded 302 in 1149.7275 ms
2026-08-05 16:24:07.593 -04:00 [INF] HTTP GET /Reportes/VentasPorAgente responded 200 in 200.1865 ms
2026-08-05 16:24:08.935 -04:00 [INF] HTTP POST /Reportes/GetListAgencias responded 200 in 853.5811 ms
2026-08-05 16:24:13.602 -04:00 [INF] HTTP GET /Reportes/TicketsDetallados responded 200 in 38.6793 ms
2026-08-05 16:24:14.487 -04:00 [INF] HTTP POST /Reportes/GetListAgencias responded 200 in 653.9161 ms
2026-08-05 16:24:16.576 -04:00 [INF] HTTP GET /Reportes/Estadisticas responded 200 in 35.7305 ms
2026-08-05 16:24:17.511 -04:00 [INF] HTTP POST /Reportes/GetListAgencias responded 200 in 719.1277 ms
2026-08-05 16:24:20.792 -04:00 [INF] HTTP GET /Reportes/VentasPorAgenteNikolsTaq responded 200 in 35.7337 ms
2026-08-05 16:24:21.656 -04:00 [INF] HTTP POST /Reportes/GetListAgencias responded 200 in 662.9908 ms
2026-08-05 16:27:52.346 -04:00 [INF] Iniciando ReportePrematch.Web...
2026-08-05 16:27:54.357 -04:00 [INF] HTTP GET / responded 200 in 512.4388 ms
2026-08-05 16:28:03.925 -04:00 [INF] Login exitoso: vlapenta [Usuario suAdmin]
2026-08-05 16:28:03.935 -04:00 [INF] HTTP POST / responded 302 in 1111.4230 ms
2026-08-05 16:28:04.117 -04:00 [INF] HTTP GET /Reportes/VentasPorAgente responded 200 in 174.1499 ms
2026-08-05 16:28:05.480 -04:00 [INF] HTTP POST /Reportes/GetListAgencias responded 200 in 839.8457 ms
2026-08-05 16:28:11.389 -04:00 [INF] HTTP GET /Reportes/VentasPorAgenteNikolsTaq responded 200 in 42.7519 ms
2026-08-05 16:28:12.368 -04:00 [INF] HTTP POST /Reportes/GetListAgencias responded 200 in 762.4164 ms
2026-08-05 16:29:54.015 -04:00 [INF] Iniciando ReportePrematch.Web...
2026-08-05 16:29:55.944 -04:00 [INF] HTTP GET / responded 200 in 561.0335 ms
2026-08-05 16:30:09.796 -04:00 [INF] Login exitoso: vlapenta [Usuario suAdmin]
2026-08-05 16:30:09.805 -04:00 [INF] HTTP POST / responded 302 in 1121.1207 ms
2026-08-05 16:30:10.028 -04:00 [INF] HTTP GET /Reportes/VentasPorAgente responded 200 in 212.1253 ms
2026-08-05 16:30:11.395 -04:00 [INF] HTTP POST /Reportes/GetListAgencias responded 200 in 911.0132 ms
2026-08-05 16:30:15.297 -04:00 [INF] HTTP GET /Reportes/VentasPorAgenteNikolsTaq responded 200 in 45.9619 ms
2026-08-05 16:30:16.248 -04:00 [INF] HTTP POST /Reportes/GetListAgencias responded 200 in 707.9348 ms
2026-08-05 16:36:58.565 -04:00 [INF] Iniciando ReportePrematch.Web...
2026-08-05 16:36:59.989 -04:00 [INF] HTTP GET / responded 200 in 463.0460 ms
2026-08-05 16:37:10.710 -04:00 [INF] Login exitoso: vlapenta [Usuario suAdmin]
2026-08-05 16:37:10.718 -04:00 [INF] HTTP POST / responded 302 in 1132.3352 ms
2026-08-05 16:37:10.891 -04:00 [INF] HTTP GET /Reportes/VentasPorAgente responded 200 in 164.9487 ms
2026-08-05 16:37:12.784 -04:00 [INF] HTTP POST /Reportes/GetListAgencias responded 200 in 1421.1282 ms
2026-08-05 16:37:15.254 -04:00 [INF] HTTP GET /Reportes/VentasPorAgenteNikolsTaq responded 200 in 42.5241 ms
2026-08-05 16:37:16.135 -04:00 [INF] HTTP POST /Reportes/GetListAgencias responded 200 in 667.0251 ms
2026-08-05 16:37:18.702 -04:00 [INF] HTTP GET /Reportes/TicketsDetallados responded 200 in 24.9245 ms
2026-08-05 16:37:19.620 -04:00 [INF] HTTP POST /Reportes/GetListAgencias responded 200 in 716.2746 ms
2026-08-05 16:37:23.488 -04:00 [INF] HTTP GET /Reportes/Estadisticas responded 200 in 29.2917 ms
2026-08-05 16:37:24.306 -04:00 [INF] HTTP POST /Reportes/GetListAgencias responded 200 in 621.8592 ms
2026-08-05 16:37:34.495 -04:00 [INF] HTTP POST /Reportes/GetEstadisticasTaq responded 200 in 248.6434 ms
2026-08-05 16:37:43.097 -04:00 [INF] HTTP POST /Reportes/GetEstadisticasTaq responded 200 in 1052.9585 ms
2026-08-05 16:37:57.693 -04:00 [INF] HTTP POST /Reportes/GetEstadisticasWeb responded 200 in 2688.4097 ms
2026-08-05 16:39:37.743 -04:00 [INF] Iniciando ReportePrematch.Web...
2026-08-05 16:39:40.191 -04:00 [INF] HTTP GET / responded 200 in 553.4838 ms
2026-08-05 16:39:50.039 -04:00 [INF] Login exitoso: vlapenta [Usuario suAdmin]
2026-08-05 16:39:50.049 -04:00 [INF] HTTP POST / responded 302 in 908.2163 ms
2026-08-05 16:39:50.269 -04:00 [INF] HTTP GET /Reportes/VentasPorAgente responded 200 in 209.9845 ms
2026-08-05 16:39:51.958 -04:00 [INF] HTTP POST /Reportes/GetListAgencias responded 200 in 1010.7832 ms
2026-08-05 16:40:08.398 -04:00 [INF] Iniciando ReportePrematch.Web...
2026-08-05 16:40:10.209 -04:00 [INF] HTTP GET / responded 200 in 532.1321 ms
2026-08-05 16:40:19.314 -04:00 [INF] Login exitoso: vlapenta [Usuario suAdmin]
2026-08-05 16:40:19.329 -04:00 [INF] HTTP POST / responded 302 in 1140.1331 ms
2026-08-05 16:40:19.521 -04:00 [INF] HTTP GET /Reportes/VentasPorAgente responded 200 in 180.8369 ms
2026-08-05 16:40:20.789 -04:00 [INF] HTTP POST /Reportes/GetListAgencias responded 200 in 783.4353 ms
2026-08-05 16:40:23.592 -04:00 [INF] HTTP GET /Reportes/VentasPorAgenteNikolsTaq responded 200 in 43.6138 ms
2026-08-05 16:40:24.460 -04:00 [INF] HTTP POST /Reportes/GetListAgencias responded 200 in 630.0361 ms
2026-08-05 16:45:14.402 -04:00 [INF] Iniciando ReportePrematch.Web...
2026-08-05 16:45:16.205 -04:00 [INF] HTTP GET / responded 200 in 454.1831 ms
2026-08-05 16:45:25.550 -04:00 [INF] Login exitoso: vlapenta [Usuario suAdmin]
2026-08-05 16:45:25.557 -04:00 [INF] HTTP POST / responded 302 in 1105.6384 ms
2026-08-05 16:45:25.756 -04:00 [INF] HTTP GET /Reportes/VentasPorAgente responded 200 in 189.5926 ms
2026-08-05 16:45:27.004 -04:00 [INF] HTTP POST /Reportes/GetListAgencias responded 200 in 795.3034 ms
2026-08-05 16:45:29.763 -04:00 [INF] HTTP GET /Reportes/VentasPorAgenteNikolsTaq responded 200 in 47.6151 ms
2026-08-05 16:45:30.619 -04:00 [INF] HTTP POST /Reportes/GetListAgencias responded 200 in 610.6096 ms
2026-08-05 16:45:36.622 -04:00 [INF] HTTP GET /Reportes/Estadisticas responded 200 in 29.6165 ms
2026-08-05 16:45:37.427 -04:00 [INF] HTTP POST /Reportes/GetListAgencias responded 200 in 600.0126 ms
2026-08-05 16:45:51.858 -04:00 [INF] HTTP GET /Reportes/TicketsEnJuegoTaq responded 200 in 30.7894 ms
2026-08-05 16:45:52.765 -04:00 [INF] HTTP POST /Reportes/GetListAgencias responded 200 in 677.8767 ms
2026-08-05 16:46:03.574 -04:00 [INF] HTTP GET /Reportes/TicketsEnJuegoWeb responded 200 in 29.1728 ms
2026-08-05 16:46:04.495 -04:00 [INF] HTTP POST /Reportes/GetListAgencias responded 200 in 717.1014 ms
2026-08-05 17:11:36.607 -04:00 [INF] Iniciando ReportePrematch.Web...
2026-08-05 17:11:38.288 -04:00 [INF] HTTP GET / responded 200 in 546.2914 ms
2026-08-05 17:12:04.105 -04:00 [WRN] ADWS Login: credenciales inválidas (Mensaje=-1) para vlapenta
2026-08-05 17:12:04.110 -04:00 [WRN] Login fallido para usuario vlapenta
2026-08-05 17:12:04.121 -04:00 [INF] HTTP POST / responded 200 in 1036.1100 ms
2026-08-05 17:12:13.632 -04:00 [WRN] ADWS Login: credenciales inválidas (Mensaje=-1) para vlapenta
2026-08-05 17:12:13.635 -04:00 [WRN] Login fallido para usuario vlapenta
2026-08-05 17:12:13.639 -04:00 [INF] HTTP POST / responded 200 in 204.3022 ms
2026-08-05 17:12:20.301 -04:00 [WRN] ADWS Login: credenciales inválidas (Mensaje=-1) para vlapenta
2026-08-05 17:12:20.303 -04:00 [WRN] Login fallido para usuario vlapenta
2026-08-05 17:12:20.305 -04:00 [INF] HTTP POST / responded 200 in 256.0575 ms
2026-08-05 17:12:33.898 -04:00 [INF] Login exitoso: vlapenta [Usuario suAdmin]
2026-08-05 17:12:33.902 -04:00 [INF] HTTP POST / responded 302 in 207.2099 ms
2026-08-05 17:12:34.062 -04:00 [INF] HTTP GET /Reportes/VentasPorAgente responded 200 in 151.0777 ms
2026-08-05 17:12:36.665 -04:00 [INF] HTTP POST /Reportes/GetListAgencias responded 200 in 2104.7652 ms
2026-08-05 17:12:47.085 -04:00 [INF] HTTP GET /Reportes/TicketsEnJuego responded 200 in 29.5568 ms
2026-08-05 17:12:48.044 -04:00 [INF] HTTP POST /Reportes/GetListAgencias responded 200 in 699.8194 ms
2026-08-05 17:13:17.562 -04:00 [INF] HTTP POST /Reportes/GetTicketsEnJuegoPorCobrarTaq responded 200 in 243.9826 ms
2026-08-05 17:13:22.792 -04:00 [INF] HTTP POST /Reportes/GetTicketsEnJuegoPorPagarTaq responded 200 in 144.5379 ms
2026-08-05 17:13:30.083 -04:00 [INF] HTTP POST /Reportes/GetTicketsEnJuegoPorPagarTaq responded 200 in 281.8923 ms
2026-08-05 17:13:38.788 -04:00 [INF] HTTP POST /Reportes/GetTicketsEnJuegoPorCobrarTaq responded 200 in 135.8469 ms
2026-08-05 17:13:47.291 -04:00 [INF] HTTP POST /Reportes/GetTicketsEnJuegoPorPagarTaq responded 200 in 178.5678 ms
2026-08-05 17:13:51.752 -04:00 [INF] HTTP POST /Reportes/GetTicketsEnJuegoPorCobrarTaq responded 200 in 176.9871 ms
2026-08-05 17:13:57.014 -04:00 [INF] HTTP POST /Reportes/GetTicketsEnJuegoPorCobrarWeb responded 200 in 193.6689 ms
2026-08-05 17:14:06.515 -04:00 [INF] HTTP POST /Reportes/GetTicketsEnJuegoPorCobrarWeb responded 200 in 262.7484 ms
2026-08-05 17:14:19.383 -04:00 [INF] HTTP POST /Reportes/GetTicketsEnJuegoPorPagarWeb responded 200 in 268.0398 ms
2026-08-05 17:14:23.020 -04:00 [INF] HTTP POST /Reportes/GetTicketsEnJuegoPorPagarWeb responded 200 in 221.6181 ms
2026-08-05 17:14:26.996 -04:00 [INF] HTTP POST /Reportes/GetTicketsEnJuegoPorCobrarWeb responded 200 in 219.1289 ms
2026-08-05 17:15:54.413 -04:00 [INF] HTTP POST /Reportes/GetTicketsEnJuegoPorCobrarTaq responded 200 in 161.7113 ms
2026-08-05 17:16:45.008 -04:00 [INF] HTTP POST /Reportes/GetTicketsEnJuegoPorCobrarTaq responded 200 in 117.2758 ms
2026-08-05 17:16:59.826 -04:00 [INF] HTTP POST /Reportes/GetTicketsEnJuegoPorCobrarTaq responded 200 in 166.1751 ms
2026-08-05 17:18:06.502 -04:00 [INF] HTTP POST /Reportes/GetTicketsEnJuegoPorPagarTaq responded 200 in 172.2022 ms
2026-08-05 17:25:13.783 -04:00 [INF] HTTP GET /Reportes/TicketsEnJuego responded 200 in 7.6110 ms
2026-08-05 17:25:15.272 -04:00 [INF] HTTP POST /Reportes/GetListAgencias responded 200 in 947.2320 ms
2026-08-05 17:27:54.962 -04:00 [INF] HTTP POST /Reportes/GetTicketsEnJuegoPorCobrarWeb responded 200 in 2241.7714 ms
2026-08-05 17:28:05.208 -04:00 [INF] HTTP POST /Reportes/GetTicketsEnJuegoPorCobrarWeb responded 200 in 2340.3106 ms
2026-08-05 17:28:15.957 -04:00 [INF] HTTP POST /Reportes/GetTicketsEnJuegoPorPagarWeb responded 200 in 2175.3543 ms
2026-08-05 17:29:27.078 -04:00 [INF] HTTP GET /Reportes/TicketsEnJuego responded 200 in 4.0189 ms
2026-08-05 17:29:28.752 -04:00 [INF] HTTP POST /Reportes/GetListAgencias responded 200 in 696.9226 ms
2026-08-05 17:29:29.427 -04:00 [INF] HTTP GET /favicon.ico responded 404 in 1.3206 ms
2026-08-05 17:29:52.351 -04:00 [INF] HTTP POST /Reportes/GetTicketsEnJuegoPorCobrarTaq responded 200 in 134.7931 ms
2026-08-05 17:29:55.637 -04:00 [INF] HTTP POST /Reportes/GetTicketsEnJuegoPorPagarTaq responded 200 in 142.7095 ms
2026-08-05 17:30:05.349 -04:00 [INF] HTTP POST /Reportes/GetTicketsEnJuegoPorCobrarWeb responded 200 in 172.9578 ms
2026-08-05 17:30:15.257 -04:00 [INF] HTTP POST /Reportes/GetTicketsEnJuegoPorPagarWeb responded 200 in 181.9735 ms
2026-08-05 17:30:22.349 -04:00 [INF] HTTP GET /Reportes/BusquedaTicketsTaq responded 200 in 48.5748 ms
2026-08-05 17:30:23.343 -04:00 [INF] HTTP POST /Reportes/GetListAgencias responded 200 in 688.6577 ms
2026-08-05 17:30:40.080 -04:00 [INF] HTTP GET /Reportes/BusquedaTicketsWeb responded 200 in 29.0871 ms
2026-08-05 17:30:40.995 -04:00 [INF] HTTP POST /Reportes/GetListAgencias responded 200 in 649.3802 ms
2026-08-05 19:19:49.971 -04:00 [INF] Iniciando ReportePrematch.Web...
2026-08-05 19:19:52.160 -04:00 [INF] HTTP GET / responded 200 in 574.3266 ms
2026-08-05 19:20:02.160 -04:00 [INF] Login exitoso: vlapenta [Usuario suAdmin]
2026-08-05 19:20:02.189 -04:00 [INF] HTTP POST / responded 302 in 1074.6665 ms
2026-08-05 19:20:02.387 -04:00 [INF] HTTP GET /Reportes/VentasPorAgente responded 200 in 188.9326 ms
2026-08-05 19:20:04.388 -04:00 [INF] HTTP POST /Reportes/GetListAgencias responded 200 in 1498.1374 ms
2026-08-05 19:20:10.258 -04:00 [INF] HTTP GET /Reportes/VentasPorAgenteNikolsTaq responded 200 in 42.7942 ms
2026-08-05 19:20:11.231 -04:00 [INF] HTTP POST /Reportes/GetListAgencias responded 200 in 675.7175 ms
2026-08-05 19:20:14.770 -04:00 [INF] HTTP GET /Reportes/TicketsDetallados responded 200 in 22.9446 ms
2026-08-05 19:20:15.621 -04:00 [INF] HTTP POST /Reportes/GetListAgencias responded 200 in 636.1045 ms
2026-08-05 19:20:19.957 -04:00 [INF] HTTP GET /Reportes/Estadisticas responded 200 in 25.4404 ms
2026-08-05 19:20:20.890 -04:00 [INF] HTTP POST /Reportes/GetListAgencias responded 200 in 707.8401 ms
2026-08-05 19:20:24.441 -04:00 [INF] HTTP GET /Reportes/TicketsEnJuego responded 200 in 36.0298 ms
2026-08-05 19:20:25.339 -04:00 [INF] HTTP POST /Reportes/GetListAgencias responded 200 in 690.0470 ms
2026-08-05 19:24:50.432 -04:00 [INF] HTTP GET /Reportes/TicketsEnJuego responded 200 in 13558.0383 ms
2026-08-05 19:24:52.019 -04:00 [INF] HTTP POST /Reportes/GetListAgencias responded 200 in 705.7374 ms
2026-08-05 19:24:52.800 -04:00 [INF] HTTP GET /favicon.ico responded 404 in 2.7096 ms
2026-08-05 19:29:10.439 -04:00 [INF] HTTP GET /Reportes/TicketsEnJuego responded 200 in 1118.3134 ms
2026-08-05 19:29:10.975 -04:00 [INF] HTTP POST /Reportes/GetListAgencias responded 200 in 820.9496 ms
2026-08-05 19:29:11.592 -04:00 [INF] HTTP GET /favicon.ico responded 404 in 0.1961 ms
2026-08-05 19:29:12.666 -04:00 [INF] HTTP POST /Reportes/GetListAgencias responded 200 in 656.1119 ms
2026-08-05 19:29:27.217 -04:00 [INF] HTTP GET /Reportes/TicketsEnJuego responded 200 in 47.2273 ms
2026-08-05 19:29:28.113 -04:00 [INF] HTTP POST /Reportes/GetListAgencias responded 200 in 670.5150 ms
2026-08-05 19:29:51.810 -04:00 [INF] HTTP GET /Reportes/TicketsEnJuego responded 200 in 2.6930 ms
2026-08-05 19:29:52.720 -04:00 [INF] HTTP POST /Reportes/GetListAgencias responded 200 in 693.1097 ms
2026-08-05 19:30:00.943 -04:00 [INF] HTTP GET /Reportes/TicketsEnJuego responded 200 in 2.5029 ms
2026-08-05 19:30:01.966 -04:00 [INF] HTTP POST /Reportes/GetListAgencias responded 200 in 805.3675 ms
2026-08-05 19:30:40.034 -04:00 [INF] Iniciando ReportePrematch.Web...
2026-08-05 19:30:42.068 -04:00 [INF] HTTP GET / responded 200 in 622.7281 ms
2026-08-05 19:30:58.658 -04:00 [INF] Login exitoso: vlapenta [Usuario suAdmin]
2026-08-05 19:30:58.667 -04:00 [INF] HTTP POST / responded 302 in 1068.3657 ms
2026-08-05 19:30:58.865 -04:00 [INF] HTTP GET /Reportes/VentasPorAgente responded 200 in 186.5234 ms
2026-08-05 19:31:00.244 -04:00 [INF] HTTP POST /Reportes/GetListAgencias responded 200 in 885.1446 ms
2026-08-05 19:31:06.699 -04:00 [INF] HTTP GET /Reportes/TicketsEnJuego responded 200 in 51.1133 ms
2026-08-05 19:31:07.700 -04:00 [INF] HTTP POST /Reportes/GetListAgencias responded 200 in 765.5453 ms
2026-08-05 19:31:51.133 -04:00 [INF] HTTP POST /Reportes/TicketsEnJuego responded 405 in 0.8223 ms
2026-08-05 19:32:00.739 -04:00 [INF] Iniciando ReportePrematch.Web...
2026-08-05 19:32:02.407 -04:00 [INF] HTTP GET / responded 200 in 484.6715 ms
2026-08-05 19:32:19.425 -04:00 [INF] Login exitoso: vlapenta [Usuario suAdmin]
2026-08-05 19:32:19.447 -04:00 [INF] HTTP POST / responded 302 in 1006.5067 ms
2026-08-05 19:32:19.621 -04:00 [INF] HTTP GET /Reportes/VentasPorAgente responded 200 in 159.7734 ms
2026-08-05 19:32:21.059 -04:00 [INF] HTTP POST /Reportes/GetListAgencias responded 200 in 973.8178 ms
2026-08-05 19:32:24.338 -04:00 [INF] HTTP GET /Reportes/TicketsEnJuego responded 200 in 31.1161 ms
2026-08-05 19:32:25.266 -04:00 [INF] HTTP POST /Reportes/GetListAgencias responded 200 in 700.4052 ms
2026-08-05 19:32:39.931 -04:00 [INF] HTTP POST /Reportes/TicketsEnJuego responded 405 in 0.3950 ms
2026-08-05 19:32:43.577 -04:00 [INF] HTTP POST /Reportes/TicketsEnJuego responded 405 in 0.2329 ms
2026-08-05 19:32:49.522 -04:00 [INF] HTTP POST /Reportes/TicketsEnJuego responded 405 in 0.1502 ms
2026-08-05 19:34:09.512 -04:00 [INF] HTTP POST /Reportes/TicketsEnJuego responded 405 in 0.5264 ms
2026-08-05 19:35:38.666 -04:00 [INF] HTTP GET /Reportes/TicketsEnJuego responded 200 in 3.0862 ms
2026-08-05 19:35:40.061 -04:00 [INF] HTTP POST /Reportes/GetListAgencias responded 200 in 752.0496 ms
2026-08-05 19:35:40.742 -04:00 [INF] HTTP GET /favicon.ico responded 404 in 1.3406 ms
2026-08-05 19:35:54.254 -04:00 [INF] HTTP POST /Reportes/TicketsEnJuego responded 405 in 0.2633 ms
2026-08-05 19:36:06.463 -04:00 [INF] Iniciando ReportePrematch.Web...
2026-08-05 19:36:08.463 -04:00 [INF] HTTP GET / responded 200 in 533.3227 ms
2026-08-05 19:36:40.736 -04:00 [INF] Login exitoso: vlapenta [Usuario suAdmin]
2026-08-05 19:36:40.748 -04:00 [INF] HTTP POST / responded 302 in 1092.2873 ms
2026-08-05 19:36:40.930 -04:00 [INF] HTTP GET /Reportes/VentasPorAgente responded 200 in 170.9010 ms
2026-08-05 19:36:42.328 -04:00 [INF] HTTP POST /Reportes/GetListAgencias responded 200 in 900.4699 ms
2026-08-05 19:36:45.573 -04:00 [INF] HTTP GET /Reportes/TicketsEnJuego responded 200 in 31.6777 ms
2026-08-05 19:36:46.544 -04:00 [INF] HTTP POST /Reportes/GetListAgencias responded 200 in 708.3835 ms
2026-08-05 19:36:59.327 -04:00 [INF] HTTP POST /Reportes/TicketsEnJuego responded 405 in 0.4999 ms
2026-08-05 19:37:27.136 -04:00 [INF] HTTP POST /Reportes/TicketsEnJuego responded 405 in 0.6606 ms
2026-08-05 19:37:31.360 -04:00 [INF] HTTP POST /Reportes/TicketsEnJuego responded 405 in 0.3459 ms
2026-08-05 19:38:46.731 -04:00 [INF] Iniciando ReportePrematch.Web...
2026-08-05 19:38:48.704 -04:00 [INF] HTTP GET / responded 200 in 522.0053 ms
2026-08-05 19:38:58.084 -04:00 [INF] Login exitoso: vlapenta [Usuario suAdmin]
2026-08-05 19:38:58.094 -04:00 [INF] HTTP POST / responded 302 in 1060.5054 ms
2026-08-05 19:38:58.280 -04:00 [INF] HTTP GET /Reportes/VentasPorAgente responded 200 in 174.6770 ms
2026-08-05 19:38:59.606 -04:00 [INF] HTTP POST /Reportes/GetListAgencias responded 200 in 852.6452 ms
2026-08-05 19:39:04.609 -04:00 [INF] HTTP GET /Reportes/TicketsEnJuego responded 200 in 51.8597 ms
2026-08-05 19:39:05.521 -04:00 [INF] HTTP POST /Reportes/GetListAgencias responded 200 in 679.4047 ms
2026-08-05 19:39:19.044 -04:00 [INF] HTTP POST /Reportes/GetTicketsEnJuegoPorCobrarTaq responded 200 in 489.8803 ms
2026-08-05 19:39:23.649 -04:00 [INF] HTTP POST /Reportes/GetTicketsEnJuegoPorPagarTaq responded 200 in 163.4843 ms
2026-08-05 19:39:27.042 -04:00 [INF] HTTP POST /Reportes/GetTicketsEnJuegoPorCobrarWeb responded 200 in 178.4379 ms
2026-08-05 19:39:34.563 -04:00 [INF] HTTP POST /Reportes/GetTicketsEnJuegoPorCobrarWeb responded 200 in 133.9089 ms
2026-08-05 19:39:42.050 -04:00 [INF] HTTP POST /Reportes/GetTicketsEnJuegoPorCobrarWeb responded 200 in 221.5826 ms
2026-08-05 19:39:45.030 -04:00 [INF] HTTP POST /Reportes/GetTicketsEnJuegoPorPagarWeb responded 200 in 237.0752 ms
2026-08-05 19:39:51.085 -04:00 [INF] HTTP GET /Reportes/TicketsEnJuego responded 200 in 3.0639 ms
2026-08-05 19:39:52.122 -04:00 [INF] HTTP POST /Reportes/GetListAgencias responded 200 in 818.4559 ms
2026-08-05 19:40:06.262 -04:00 [INF] HTTP GET /Reportes/BusquedaTickets responded 200 in 30.2162 ms
2026-08-05 19:40:07.189 -04:00 [INF] HTTP POST /Reportes/GetListAgencias responded 200 in 699.3586 ms
2026-08-05 19:40:19.199 -04:00 [ERR] Error GET+QS api/Reportes/BusquedaTicketTaq
System.Net.Http.HttpRequestException: Response status code does not indicate success: 400 (Bad Request).
   at System.Net.Http.HttpResponseMessage.EnsureSuccessStatusCode()
   at ReportePrematch.Web.Services.Clients.ApiClient.GetQueryAsync[T](String endpoint, Dictionary`2 query, CancellationToken ct) in D:\GITHUB\ReportePrematch.Web\ReportePrematch.Web\Services\Clients\ApiClient.cs:line 47
2026-08-05 19:40:19.451 -04:00 [ERR] HTTP POST /Reportes/GetBusquedaTicketsTaqApi responded 500 in 333.9840 ms
System.Net.Http.HttpRequestException: Response status code does not indicate success: 400 (Bad Request).
   at System.Net.Http.HttpResponseMessage.EnsureSuccessStatusCode()
   at ReportePrematch.Web.Services.Clients.ApiClient.GetQueryAsync[T](String endpoint, Dictionary`2 query, CancellationToken ct) in D:\GITHUB\ReportePrematch.Web\ReportePrematch.Web\Services\Clients\ApiClient.cs:line 47
   at ReportePrematch.Web.Services.Clients.ReportesService.GetBusquedaTicketsTaqApiAsync(String fecha, String agente, Int64 ticket, String operacion) in D:\GITHUB\ReportePrematch.Web\ReportePrematch.Web\Services\Clients\ReportesService.cs:line 666
   at ReportePrematch.Web.Controllers.ReportesController.GetBusquedaTicketsTaqApi(String fecha, String agente, Int64 ticket, String operacion) in D:\GITHUB\ReportePrematch.Web\ReportePrematch.Web\Controllers\ReportesController.cs:line 390
   at Microsoft.AspNetCore.Mvc.Infrastructure.ActionMethodExecutor.TaskOfIActionResultExecutor.Execute(ActionContext actionContext, IActionResultTypeMapper mapper, ObjectMethodExecutor executor, Object controller, Object[] arguments)
   at Microsoft.AspNetCore.Mvc.Infrastructure.ControllerActionInvoker.<InvokeActionMethodAsync>g__Awaited|12_0(ControllerActionInvoker invoker, ValueTask`1 actionResultValueTask)
   at Microsoft.AspNetCore.Mvc.Infrastructure.ControllerActionInvoker.<InvokeNextActionFilterAsync>g__Awaited|10_0(ControllerActionInvoker invoker, Task lastTask, State next, Scope scope, Object state, Boolean isCompleted)
   at Microsoft.AspNetCore.Mvc.Infrastructure.ControllerActionInvoker.Rethrow(ActionExecutedContextSealed context)
   at Microsoft.AspNetCore.Mvc.Infrastructure.ControllerActionInvoker.Next(State& next, Scope& scope, Object& state, Boolean& isCompleted)
   at Microsoft.AspNetCore.Mvc.Infrastructure.ControllerActionInvoker.<InvokeInnerFilterAsync>g__Awaited|13_0(ControllerActionInvoker invoker, Task lastTask, State next, Scope scope, Object state, Boolean isCompleted)
   at Microsoft.AspNetCore.Mvc.Infrastructure.ResourceInvoker.<InvokeNextResourceFilter>g__Awaited|25_0(ResourceInvoker invoker, Task lastTask, State next, Scope scope, Object state, Boolean isCompleted)
   at Microsoft.AspNetCore.Mvc.Infrastructure.ResourceInvoker.Rethrow(ResourceExecutedContextSealed context)
   at Microsoft.AspNetCore.Mvc.Infrastructure.ResourceInvoker.Next(State& next, Scope& scope, Object& state, Boolean& isCompleted)
   at Microsoft.AspNetCore.Mvc.Infrastructure.ResourceInvoker.<InvokeFilterPipelineAsync>g__Awaited|20_0(ResourceInvoker invoker, Task lastTask, State next, Scope scope, Object state, Boolean isCompleted)
   at Microsoft.AspNetCore.Mvc.Infrastructure.ResourceInvoker.<InvokeAsync>g__Awaited|17_0(ResourceInvoker invoker, Task task, IDisposable scope)
   at Microsoft.AspNetCore.Mvc.Infrastructure.ResourceInvoker.<InvokeAsync>g__Awaited|17_0(ResourceInvoker invoker, Task task, IDisposable scope)
   at Microsoft.AspNetCore.Authorization.AuthorizationMiddleware.Invoke(HttpContext context)
   at Microsoft.AspNetCore.Session.SessionMiddleware.Invoke(HttpContext context)
   at Microsoft.AspNetCore.Session.SessionMiddleware.Invoke(HttpContext context)
   at Serilog.AspNetCore.RequestLoggingMiddleware.Invoke(HttpContext httpContext)
2026-08-05 19:40:19.468 -04:00 [ERR] An unhandled exception has occurred while executing the request.
System.Net.Http.HttpRequestException: Response status code does not indicate success: 400 (Bad Request).
   at System.Net.Http.HttpResponseMessage.EnsureSuccessStatusCode()
   at ReportePrematch.Web.Services.Clients.ApiClient.GetQueryAsync[T](String endpoint, Dictionary`2 query, CancellationToken ct) in D:\GITHUB\ReportePrematch.Web\ReportePrematch.Web\Services\Clients\ApiClient.cs:line 47
   at ReportePrematch.Web.Services.Clients.ReportesService.GetBusquedaTicketsTaqApiAsync(String fecha, String agente, Int64 ticket, String operacion) in D:\GITHUB\ReportePrematch.Web\ReportePrematch.Web\Services\Clients\ReportesService.cs:line 666
   at ReportePrematch.Web.Controllers.ReportesController.GetBusquedaTicketsTaqApi(String fecha, String agente, Int64 ticket, String operacion) in D:\GITHUB\ReportePrematch.Web\ReportePrematch.Web\Controllers\ReportesController.cs:line 390
   at Microsoft.AspNetCore.Mvc.Infrastructure.ActionMethodExecutor.TaskOfIActionResultExecutor.Execute(ActionContext actionContext, IActionResultTypeMapper mapper, ObjectMethodExecutor executor, Object controller, Object[] arguments)
   at Microsoft.AspNetCore.Mvc.Infrastructure.ControllerActionInvoker.<InvokeActionMethodAsync>g__Awaited|12_0(ControllerActionInvoker invoker, ValueTask`1 actionResultValueTask)
   at Microsoft.AspNetCore.Mvc.Infrastructure.ControllerActionInvoker.<InvokeNextActionFilterAsync>g__Awaited|10_0(ControllerActionInvoker invoker, Task lastTask, State next, Scope scope, Object state, Boolean isCompleted)
   at Microsoft.AspNetCore.Mvc.Infrastructure.ControllerActionInvoker.Rethrow(ActionExecutedContextSealed context)
   at Microsoft.AspNetCore.Mvc.Infrastructure.ControllerActionInvoker.Next(State& next, Scope& scope, Object& state, Boolean& isCompleted)
   at Microsoft.AspNetCore.Mvc.Infrastructure.ControllerActionInvoker.<InvokeInnerFilterAsync>g__Awaited|13_0(ControllerActionInvoker invoker, Task lastTask, State next, Scope scope, Object state, Boolean isCompleted)
   at Microsoft.AspNetCore.Mvc.Infrastructure.ResourceInvoker.<InvokeNextResourceFilter>g__Awaited|25_0(ResourceInvoker invoker, Task lastTask, State next, Scope scope, Object state, Boolean isCompleted)
   at Microsoft.AspNetCore.Mvc.Infrastructure.ResourceInvoker.Rethrow(ResourceExecutedContextSealed context)
   at Microsoft.AspNetCore.Mvc.Infrastructure.ResourceInvoker.Next(State& next, Scope& scope, Object& state, Boolean& isCompleted)
   at Microsoft.AspNetCore.Mvc.Infrastructure.ResourceInvoker.<InvokeFilterPipelineAsync>g__Awaited|20_0(ResourceInvoker invoker, Task lastTask, State next, Scope scope, Object state, Boolean isCompleted)
   at Microsoft.AspNetCore.Mvc.Infrastructure.ResourceInvoker.<InvokeAsync>g__Awaited|17_0(ResourceInvoker invoker, Task task, IDisposable scope)
   at Microsoft.AspNetCore.Mvc.Infrastructure.ResourceInvoker.<InvokeAsync>g__Awaited|17_0(ResourceInvoker invoker, Task task, IDisposable scope)
   at Microsoft.AspNetCore.Authorization.AuthorizationMiddleware.Invoke(HttpContext context)
   at Microsoft.AspNetCore.Session.SessionMiddleware.Invoke(HttpContext context)
   at Microsoft.AspNetCore.Session.SessionMiddleware.Invoke(HttpContext context)
   at Serilog.AspNetCore.RequestLoggingMiddleware.Invoke(HttpContext httpContext)
   at Microsoft.AspNetCore.Authentication.AuthenticationMiddleware.Invoke(HttpContext context)
   at Microsoft.AspNetCore.Diagnostics.DeveloperExceptionPageMiddlewareImpl.Invoke(HttpContext context)
2026-08-05 19:40:41.392 -04:00 [ERR] Error GET+QS api/Reportes/BusquedaTicketTaq
System.Net.Http.HttpRequestException: Response status code does not indicate success: 400 (Bad Request).
   at System.Net.Http.HttpResponseMessage.EnsureSuccessStatusCode()
   at ReportePrematch.Web.Services.Clients.ApiClient.GetQueryAsync[T](String endpoint, Dictionary`2 query, CancellationToken ct) in D:\GITHUB\ReportePrematch.Web\ReportePrematch.Web\Services\Clients\ApiClient.cs:line 47
2026-08-05 19:40:41.505 -04:00 [ERR] HTTP POST /Reportes/GetBusquedaTicketsTaqApi responded 500 in 140.8983 ms
System.Net.Http.HttpRequestException: Response status code does not indicate success: 400 (Bad Request).
   at System.Net.Http.HttpResponseMessage.EnsureSuccessStatusCode()
   at ReportePrematch.Web.Services.Clients.ApiClient.GetQueryAsync[T](String endpoint, Dictionary`2 query, CancellationToken ct) in D:\GITHUB\ReportePrematch.Web\ReportePrematch.Web\Services\Clients\ApiClient.cs:line 47
   at ReportePrematch.Web.Services.Clients.ReportesService.GetBusquedaTicketsTaqApiAsync(String fecha, String agente, Int64 ticket, String operacion) in D:\GITHUB\ReportePrematch.Web\ReportePrematch.Web\Services\Clients\ReportesService.cs:line 666
   at ReportePrematch.Web.Controllers.ReportesController.GetBusquedaTicketsTaqApi(String fecha, String agente, Int64 ticket, String operacion) in D:\GITHUB\ReportePrematch.Web\ReportePrematch.Web\Controllers\ReportesController.cs:line 390
   at Microsoft.AspNetCore.Mvc.Infrastructure.ActionMethodExecutor.TaskOfIActionResultExecutor.Execute(ActionContext actionContext, IActionResultTypeMapper mapper, ObjectMethodExecutor executor, Object controller, Object[] arguments)
   at Microsoft.AspNetCore.Mvc.Infrastructure.ControllerActionInvoker.<InvokeActionMethodAsync>g__Awaited|12_0(ControllerActionInvoker invoker, ValueTask`1 actionResultValueTask)
   at Microsoft.AspNetCore.Mvc.Infrastructure.ControllerActionInvoker.<InvokeNextActionFilterAsync>g__Awaited|10_0(ControllerActionInvoker invoker, Task lastTask, State next, Scope scope, Object state, Boolean isCompleted)
   at Microsoft.AspNetCore.Mvc.Infrastructure.ControllerActionInvoker.Rethrow(ActionExecutedContextSealed context)
   at Microsoft.AspNetCore.Mvc.Infrastructure.ControllerActionInvoker.Next(State& next, Scope& scope, Object& state, Boolean& isCompleted)
   at Microsoft.AspNetCore.Mvc.Infrastructure.ControllerActionInvoker.<InvokeInnerFilterAsync>g__Awaited|13_0(ControllerActionInvoker invoker, Task lastTask, State next, Scope scope, Object state, Boolean isCompleted)
   at Microsoft.AspNetCore.Mvc.Infrastructure.ResourceInvoker.<InvokeNextResourceFilter>g__Awaited|25_0(ResourceInvoker invoker, Task lastTask, State next, Scope scope, Object state, Boolean isCompleted)
   at Microsoft.AspNetCore.Mvc.Infrastructure.ResourceInvoker.Rethrow(ResourceExecutedContextSealed context)
   at Microsoft.AspNetCore.Mvc.Infrastructure.ResourceInvoker.Next(State& next, Scope& scope, Object& state, Boolean& isCompleted)
   at Microsoft.AspNetCore.Mvc.Infrastructure.ResourceInvoker.<InvokeFilterPipelineAsync>g__Awaited|20_0(ResourceInvoker invoker, Task lastTask, State next, Scope scope, Object state, Boolean isCompleted)
   at Microsoft.AspNetCore.Mvc.Infrastructure.ResourceInvoker.<InvokeAsync>g__Awaited|17_0(ResourceInvoker invoker, Task task, IDisposable scope)
   at Microsoft.AspNetCore.Mvc.Infrastructure.ResourceInvoker.<InvokeAsync>g__Awaited|17_0(ResourceInvoker invoker, Task task, IDisposable scope)
   at Microsoft.AspNetCore.Authorization.AuthorizationMiddleware.Invoke(HttpContext context)
   at Microsoft.AspNetCore.Session.SessionMiddleware.Invoke(HttpContext context)
   at Microsoft.AspNetCore.Session.SessionMiddleware.Invoke(HttpContext context)
   at Serilog.AspNetCore.RequestLoggingMiddleware.Invoke(HttpContext httpContext)
2026-08-05 19:40:41.521 -04:00 [ERR] An unhandled exception has occurred while executing the request.
System.Net.Http.HttpRequestException: Response status code does not indicate success: 400 (Bad Request).
   at System.Net.Http.HttpResponseMessage.EnsureSuccessStatusCode()
   at ReportePrematch.Web.Services.Clients.ApiClient.GetQueryAsync[T](String endpoint, Dictionary`2 query, CancellationToken ct) in D:\GITHUB\ReportePrematch.Web\ReportePrematch.Web\Services\Clients\ApiClient.cs:line 47
   at ReportePrematch.Web.Services.Clients.ReportesService.GetBusquedaTicketsTaqApiAsync(String fecha, String agente, Int64 ticket, String operacion) in D:\GITHUB\ReportePrematch.Web\ReportePrematch.Web\Services\Clients\ReportesService.cs:line 666
   at ReportePrematch.Web.Controllers.ReportesController.GetBusquedaTicketsTaqApi(String fecha, String agente, Int64 ticket, String operacion) in D:\GITHUB\ReportePrematch.Web\ReportePrematch.Web\Controllers\ReportesController.cs:line 390
   at Microsoft.AspNetCore.Mvc.Infrastructure.ActionMethodExecutor.TaskOfIActionResultExecutor.Execute(ActionContext actionContext, IActionResultTypeMapper mapper, ObjectMethodExecutor executor, Object controller, Object[] arguments)
   at Microsoft.AspNetCore.Mvc.Infrastructure.ControllerActionInvoker.<InvokeActionMethodAsync>g__Awaited|12_0(ControllerActionInvoker invoker, ValueTask`1 actionResultValueTask)
   at Microsoft.AspNetCore.Mvc.Infrastructure.ControllerActionInvoker.<InvokeNextActionFilterAsync>g__Awaited|10_0(ControllerActionInvoker invoker, Task lastTask, State next, Scope scope, Object state, Boolean isCompleted)
   at Microsoft.AspNetCore.Mvc.Infrastructure.ControllerActionInvoker.Rethrow(ActionExecutedContextSealed context)
   at Microsoft.AspNetCore.Mvc.Infrastructure.ControllerActionInvoker.Next(State& next, Scope& scope, Object& state, Boolean& isCompleted)
   at Microsoft.AspNetCore.Mvc.Infrastructure.ControllerActionInvoker.<InvokeInnerFilterAsync>g__Awaited|13_0(ControllerActionInvoker invoker, Task lastTask, State next, Scope scope, Object state, Boolean isCompleted)
   at Microsoft.AspNetCore.Mvc.Infrastructure.ResourceInvoker.<InvokeNextResourceFilter>g__Awaited|25_0(ResourceInvoker invoker, Task lastTask, State next, Scope scope, Object state, Boolean isCompleted)
   at Microsoft.AspNetCore.Mvc.Infrastructure.ResourceInvoker.Rethrow(ResourceExecutedContextSealed context)
   at Microsoft.AspNetCore.Mvc.Infrastructure.ResourceInvoker.Next(State& next, Scope& scope, Object& state, Boolean& isCompleted)
   at Microsoft.AspNetCore.Mvc.Infrastructure.ResourceInvoker.<InvokeFilterPipelineAsync>g__Awaited|20_0(ResourceInvoker invoker, Task lastTask, State next, Scope scope, Object state, Boolean isCompleted)
   at Microsoft.AspNetCore.Mvc.Infrastructure.ResourceInvoker.<InvokeAsync>g__Awaited|17_0(ResourceInvoker invoker, Task task, IDisposable scope)
   at Microsoft.AspNetCore.Mvc.Infrastructure.ResourceInvoker.<InvokeAsync>g__Awaited|17_0(ResourceInvoker invoker, Task task, IDisposable scope)
   at Microsoft.AspNetCore.Authorization.AuthorizationMiddleware.Invoke(HttpContext context)
   at Microsoft.AspNetCore.Session.SessionMiddleware.Invoke(HttpContext context)
   at Microsoft.AspNetCore.Session.SessionMiddleware.Invoke(HttpContext context)
   at Serilog.AspNetCore.RequestLoggingMiddleware.Invoke(HttpContext httpContext)
   at Microsoft.AspNetCore.Authentication.AuthenticationMiddleware.Invoke(HttpContext context)
   at Microsoft.AspNetCore.Diagnostics.DeveloperExceptionPageMiddlewareImpl.Invoke(HttpContext context)
2026-08-05 19:45:48.070 -04:00 [INF] HTTP GET /Reportes/BusquedaTickets responded 200 in 15269.5571 ms
2026-08-05 19:45:50.776 -04:00 [INF] HTTP GET /favicon.ico responded 404 in 1.0438 ms
2026-08-05 19:45:51.201 -04:00 [INF] HTTP POST /Reportes/GetListAgencias responded 200 in 1932.8676 ms
2026-08-05 19:46:06.808 -04:00 [INF] HTTP POST /Reportes/GetBusquedaTicketsTaqApi responded 200 in 226.0042 ms
2026-08-05 19:46:17.731 -04:00 [INF] HTTP POST /Reportes/GetBusquedaTicketsWebApi responded 200 in 198.2813 ms
2026-08-05 19:49:16.317 -04:00 [INF] HTTP POST /Reportes/GetBusquedaTicketsWebApi responded 200 in 796.1561 ms
2026-08-05 19:54:55.582 -04:00 [INF] HTTP POST /Reportes/GetBusquedaTicketsTaqApi responded 200 in 961.7199 ms
2026-08-05 19:55:50.304 -04:00 [INF] HTTP GET /Reportes/VentasPorPaisWeb responded 200 in 36.0236 ms
2026-08-05 19:55:51.460 -04:00 [INF] HTTP POST /Reportes/GetListAgencias responded 200 in 693.5224 ms
2026-08-05 19:55:59.631 -04:00 [INF] HTTP GET /Reportes/VentasPorPaisTaq responded 200 in 33.2807 ms
2026-08-05 19:56:00.663 -04:00 [INF] HTTP POST /Reportes/GetListAgencias responded 200 in 641.4123 ms
2026-08-05 20:05:00.458 -04:00 [INF] HTTP GET /Reportes/TicketsEnJuego responded 200 in 1096.5790 ms
2026-08-05 20:05:02.274 -04:00 [INF] HTTP POST /Reportes/GetListAgencias responded 200 in 1355.2726 ms
2026-08-05 20:05:05.436 -04:00 [INF] HTTP GET /Reportes/TicketsEnJuego responded 200 in 7.2177 ms
2026-08-05 20:05:06.990 -04:00 [INF] HTTP POST /Reportes/GetListAgencias responded 200 in 668.8057 ms
2026-08-05 20:05:07.749 -04:00 [INF] HTTP GET /favicon.ico responded 404 in 0.1551 ms
2026-08-05 20:05:17.604 -04:00 [INF] HTTP GET /Reportes/VentasPorPais responded 404 in 0.1217 ms
2026-08-05 20:05:47.240 -04:00 [INF] Iniciando ReportePrematch.Web...
2026-08-05 20:05:48.782 -04:00 [INF] HTTP GET / responded 200 in 448.9315 ms
2026-08-05 20:05:58.319 -04:00 [INF] Login exitoso: vlapenta [Usuario suAdmin]
2026-08-05 20:05:58.332 -04:00 [INF] HTTP POST / responded 302 in 1064.6165 ms
2026-08-05 20:05:58.519 -04:00 [INF] HTTP GET /Reportes/VentasPorAgente responded 200 in 169.1743 ms
2026-08-05 20:05:59.901 -04:00 [INF] HTTP POST /Reportes/GetListAgencias responded 200 in 832.4315 ms
2026-08-05 20:06:04.241 -04:00 [INF] HTTP GET /Reportes/VentasPorPais responded 200 in 53.7836 ms
2026-08-05 20:06:05.150 -04:00 [INF] HTTP POST /Reportes/GetListAgencias responded 200 in 660.9280 ms
2026-08-05 20:13:29.173 -04:00 [INF] HTTP GET /Reportes/VentasPorPais responded 200 in 14919.9349 ms
2026-08-05 20:13:32.444 -04:00 [INF] HTTP GET /favicon.ico responded 404 in 1.4665 ms
2026-08-05 20:13:38.721 -04:00 [ERR] Error GET+QS api/Reportes/VentasPorPaisTaq
System.Net.Http.HttpRequestException: An error occurred while sending the request.
 ---> System.IO.IOException: Unable to read data from the transport connection: Se ha forzado la interrupción de una conexión existente por el host remoto..
 ---> System.Net.Sockets.SocketException (10054): Se ha forzado la interrupción de una conexión existente por el host remoto.
   --- End of inner exception stack trace ---
   at System.Net.Sockets.Socket.AwaitableSocketAsyncEventArgs.ThrowException(SocketError error, CancellationToken cancellationToken)
   at System.Net.Sockets.Socket.AwaitableSocketAsyncEventArgs.System.Threading.Tasks.Sources.IValueTaskSource<System.Int32>.GetResult(Int16 token)
   at System.Net.Security.SslStream.EnsureFullTlsFrameAsync[TIOAdapter](CancellationToken cancellationToken, Int32 estimatedSize)
   at System.Runtime.CompilerServices.PoolingAsyncValueTaskMethodBuilder`1.StateMachineBox`1.System.Threading.Tasks.Sources.IValueTaskSource<TResult>.GetResult(Int16 token)
   at System.Net.Security.SslStream.ReadAsyncInternal[TIOAdapter](Memory`1 buffer, CancellationToken cancellationToken)
   at System.Runtime.CompilerServices.PoolingAsyncValueTaskMethodBuilder`1.StateMachineBox`1.System.Threading.Tasks.Sources.IValueTaskSource<TResult>.GetResult(Int16 token)
   at System.Net.Http.HttpConnection.InitialFillAsync(Boolean async)
   at System.Net.Http.HttpConnection.SendAsync(HttpRequestMessage request, Boolean async, CancellationToken cancellationToken)
   --- End of inner exception stack trace ---
   at System.Net.Http.HttpConnection.SendAsync(HttpRequestMessage request, Boolean async, CancellationToken cancellationToken)
   at System.Net.Http.HttpConnectionPool.SendWithVersionDetectionAndRetryAsync(HttpRequestMessage request, Boolean async, Boolean doRequestAuth, CancellationToken cancellationToken)
   at System.Net.Http.DiagnosticsHandler.SendAsyncCore(HttpRequestMessage request, Boolean async, CancellationToken cancellationToken)
   at System.Net.Http.RedirectHandler.SendAsync(HttpRequestMessage request, Boolean async, CancellationToken cancellationToken)
   at System.Net.Http.SocketsHttpHandler.<SendAsync>g__CreateHandlerAndSendAsync|115_0(HttpRequestMessage request, CancellationToken cancellationToken)
   at Microsoft.Extensions.Http.Logging.LoggingHttpMessageHandler.<SendCoreAsync>g__Core|4_0(HttpRequestMessage request, Boolean useAsync, CancellationToken cancellationToken)
   at Microsoft.Extensions.Http.Logging.LoggingScopeHttpMessageHandler.<SendCoreAsync>g__Core|4_0(HttpRequestMessage request, Boolean useAsync, CancellationToken cancellationToken)
   at System.Net.Http.HttpClient.<SendAsync>g__Core|83_0(HttpRequestMessage request, HttpCompletionOption completionOption, CancellationTokenSource cts, Boolean disposeCts, CancellationTokenSource pendingRequestsCts, CancellationToken originalCancellationToken)
   at ReportePrematch.Web.Services.Clients.ApiClient.GetQueryAsync[T](String endpoint, Dictionary`2 query, CancellationToken ct) in D:\GITHUB\ReportePrematch.Web\ReportePrematch.Web\Services\Clients\ApiClient.cs:line 46
2026-08-05 20:13:39.002 -04:00 [ERR] HTTP POST /Reportes/GetVentasPorPaisTaq responded 500 in 8684.2019 ms
System.Net.Http.HttpRequestException: An error occurred while sending the request.
 ---> System.IO.IOException: Unable to read data from the transport connection: Se ha forzado la interrupción de una conexión existente por el host remoto..
 ---> System.Net.Sockets.SocketException (10054): Se ha forzado la interrupción de una conexión existente por el host remoto.
   --- End of inner exception stack trace ---
   at System.Net.Sockets.Socket.AwaitableSocketAsyncEventArgs.ThrowException(SocketError error, CancellationToken cancellationToken)
   at System.Net.Sockets.Socket.AwaitableSocketAsyncEventArgs.System.Threading.Tasks.Sources.IValueTaskSource<System.Int32>.GetResult(Int16 token)
   at System.Net.Security.SslStream.EnsureFullTlsFrameAsync[TIOAdapter](CancellationToken cancellationToken, Int32 estimatedSize)
   at System.Runtime.CompilerServices.PoolingAsyncValueTaskMethodBuilder`1.StateMachineBox`1.System.Threading.Tasks.Sources.IValueTaskSource<TResult>.GetResult(Int16 token)
   at System.Net.Security.SslStream.ReadAsyncInternal[TIOAdapter](Memory`1 buffer, CancellationToken cancellationToken)
   at System.Runtime.CompilerServices.PoolingAsyncValueTaskMethodBuilder`1.StateMachineBox`1.System.Threading.Tasks.Sources.IValueTaskSource<TResult>.GetResult(Int16 token)
   at System.Net.Http.HttpConnection.InitialFillAsync(Boolean async)
   at System.Net.Http.HttpConnection.SendAsync(HttpRequestMessage request, Boolean async, CancellationToken cancellationToken)
   --- End of inner exception stack trace ---
   at System.Net.Http.HttpConnection.SendAsync(HttpRequestMessage request, Boolean async, CancellationToken cancellationToken)
   at System.Net.Http.HttpConnectionPool.SendWithVersionDetectionAndRetryAsync(HttpRequestMessage request, Boolean async, Boolean doRequestAuth, CancellationToken cancellationToken)
   at System.Net.Http.DiagnosticsHandler.SendAsyncCore(HttpRequestMessage request, Boolean async, CancellationToken cancellationToken)
   at System.Net.Http.RedirectHandler.SendAsync(HttpRequestMessage request, Boolean async, CancellationToken cancellationToken)
   at System.Net.Http.SocketsHttpHandler.<SendAsync>g__CreateHandlerAndSendAsync|115_0(HttpRequestMessage request, CancellationToken cancellationToken)
   at Microsoft.Extensions.Http.Logging.LoggingHttpMessageHandler.<SendCoreAsync>g__Core|4_0(HttpRequestMessage request, Boolean useAsync, CancellationToken cancellationToken)
   at Microsoft.Extensions.Http.Logging.LoggingScopeHttpMessageHandler.<SendCoreAsync>g__Core|4_0(HttpRequestMessage request, Boolean useAsync, CancellationToken cancellationToken)
   at System.Net.Http.HttpClient.<SendAsync>g__Core|83_0(HttpRequestMessage request, HttpCompletionOption completionOption, CancellationTokenSource cts, Boolean disposeCts, CancellationTokenSource pendingRequestsCts, CancellationToken originalCancellationToken)
   at ReportePrematch.Web.Services.Clients.ApiClient.GetQueryAsync[T](String endpoint, Dictionary`2 query, CancellationToken ct) in D:\GITHUB\ReportePrematch.Web\ReportePrematch.Web\Services\Clients\ApiClient.cs:line 46
   at ReportePrematch.Web.Services.Clients.ReportesService.GetVentasPorPaisTaqAsync(String fechaD, String fechaH, String pais) in D:\GITHUB\ReportePrematch.Web\ReportePrematch.Web\Services\Clients\ReportesService.cs:line 295
   at ReportePrematch.Web.Controllers.ReportesController.GetVentasPorPaisTaq(String fechaD, String fechaH) in D:\GITHUB\ReportePrematch.Web\ReportePrematch.Web\Controllers\ReportesController.cs:line 232
   at Microsoft.AspNetCore.Mvc.Infrastructure.ActionMethodExecutor.TaskOfIActionResultExecutor.Execute(ActionContext actionContext, IActionResultTypeMapper mapper, ObjectMethodExecutor executor, Object controller, Object[] arguments)
   at Microsoft.AspNetCore.Mvc.Infrastructure.ControllerActionInvoker.<InvokeActionMethodAsync>g__Awaited|12_0(ControllerActionInvoker invoker, ValueTask`1 actionResultValueTask)
   at Microsoft.AspNetCore.Mvc.Infrastructure.ControllerActionInvoker.<InvokeNextActionFilterAsync>g__Awaited|10_0(ControllerActionInvoker invoker, Task lastTask, State next, Scope scope, Object state, Boolean isCompleted)
   at Microsoft.AspNetCore.Mvc.Infrastructure.ControllerActionInvoker.Rethrow(ActionExecutedContextSealed context)
   at Microsoft.AspNetCore.Mvc.Infrastructure.ControllerActionInvoker.Next(State& next, Scope& scope, Object& state, Boolean& isCompleted)
   at Microsoft.AspNetCore.Mvc.Infrastructure.ControllerActionInvoker.<InvokeInnerFilterAsync>g__Awaited|13_0(ControllerActionInvoker invoker, Task lastTask, State next, Scope scope, Object state, Boolean isCompleted)
   at Microsoft.AspNetCore.Mvc.Infrastructure.ResourceInvoker.<InvokeNextResourceFilter>g__Awaited|25_0(ResourceInvoker invoker, Task lastTask, State next, Scope scope, Object state, Boolean isCompleted)
   at Microsoft.AspNetCore.Mvc.Infrastructure.ResourceInvoker.Rethrow(ResourceExecutedContextSealed context)
   at Microsoft.AspNetCore.Mvc.Infrastructure.ResourceInvoker.Next(State& next, Scope& scope, Object& state, Boolean& isCompleted)
   at Microsoft.AspNetCore.Mvc.Infrastructure.ResourceInvoker.<InvokeFilterPipelineAsync>g__Awaited|20_0(ResourceInvoker invoker, Task lastTask, State next, Scope scope, Object state, Boolean isCompleted)
   at Microsoft.AspNetCore.Mvc.Infrastructure.ResourceInvoker.<InvokeAsync>g__Awaited|17_0(ResourceInvoker invoker, Task task, IDisposable scope)
   at Microsoft.AspNetCore.Mvc.Infrastructure.ResourceInvoker.<InvokeAsync>g__Awaited|17_0(ResourceInvoker invoker, Task task, IDisposable scope)
   at Microsoft.AspNetCore.Authorization.AuthorizationMiddleware.Invoke(HttpContext context)
   at Microsoft.AspNetCore.Session.SessionMiddleware.Invoke(HttpContext context)
   at Microsoft.AspNetCore.Session.SessionMiddleware.Invoke(HttpContext context)
   at Serilog.AspNetCore.RequestLoggingMiddleware.Invoke(HttpContext httpContext)
2026-08-05 20:13:39.053 -04:00 [ERR] An unhandled exception has occurred while executing the request.
System.Net.Http.HttpRequestException: An error occurred while sending the request.
 ---> System.IO.IOException: Unable to read data from the transport connection: Se ha forzado la interrupción de una conexión existente por el host remoto..
 ---> System.Net.Sockets.SocketException (10054): Se ha forzado la interrupción de una conexión existente por el host remoto.
   --- End of inner exception stack trace ---
   at System.Net.Sockets.Socket.AwaitableSocketAsyncEventArgs.ThrowException(SocketError error, CancellationToken cancellationToken)
   at System.Net.Sockets.Socket.AwaitableSocketAsyncEventArgs.System.Threading.Tasks.Sources.IValueTaskSource<System.Int32>.GetResult(Int16 token)
   at System.Net.Security.SslStream.EnsureFullTlsFrameAsync[TIOAdapter](CancellationToken cancellationToken, Int32 estimatedSize)
   at System.Runtime.CompilerServices.PoolingAsyncValueTaskMethodBuilder`1.StateMachineBox`1.System.Threading.Tasks.Sources.IValueTaskSource<TResult>.GetResult(Int16 token)
   at System.Net.Security.SslStream.ReadAsyncInternal[TIOAdapter](Memory`1 buffer, CancellationToken cancellationToken)
   at System.Runtime.CompilerServices.PoolingAsyncValueTaskMethodBuilder`1.StateMachineBox`1.System.Threading.Tasks.Sources.IValueTaskSource<TResult>.GetResult(Int16 token)
   at System.Net.Http.HttpConnection.InitialFillAsync(Boolean async)
   at System.Net.Http.HttpConnection.SendAsync(HttpRequestMessage request, Boolean async, CancellationToken cancellationToken)
   --- End of inner exception stack trace ---
   at System.Net.Http.HttpConnection.SendAsync(HttpRequestMessage request, Boolean async, CancellationToken cancellationToken)
   at System.Net.Http.HttpConnectionPool.SendWithVersionDetectionAndRetryAsync(HttpRequestMessage request, Boolean async, Boolean doRequestAuth, CancellationToken cancellationToken)
   at System.Net.Http.DiagnosticsHandler.SendAsyncCore(HttpRequestMessage request, Boolean async, CancellationToken cancellationToken)
   at System.Net.Http.RedirectHandler.SendAsync(HttpRequestMessage request, Boolean async, CancellationToken cancellationToken)
   at System.Net.Http.SocketsHttpHandler.<SendAsync>g__CreateHandlerAndSendAsync|115_0(HttpRequestMessage request, CancellationToken cancellationToken)
   at Microsoft.Extensions.Http.Logging.LoggingHttpMessageHandler.<SendCoreAsync>g__Core|4_0(HttpRequestMessage request, Boolean useAsync, CancellationToken cancellationToken)
   at Microsoft.Extensions.Http.Logging.LoggingScopeHttpMessageHandler.<SendCoreAsync>g__Core|4_0(HttpRequestMessage request, Boolean useAsync, CancellationToken cancellationToken)
   at System.Net.Http.HttpClient.<SendAsync>g__Core|83_0(HttpRequestMessage request, HttpCompletionOption completionOption, CancellationTokenSource cts, Boolean disposeCts, CancellationTokenSource pendingRequestsCts, CancellationToken originalCancellationToken)
   at ReportePrematch.Web.Services.Clients.ApiClient.GetQueryAsync[T](String endpoint, Dictionary`2 query, CancellationToken ct) in D:\GITHUB\ReportePrematch.Web\ReportePrematch.Web\Services\Clients\ApiClient.cs:line 46
   at ReportePrematch.Web.Services.Clients.ReportesService.GetVentasPorPaisTaqAsync(String fechaD, String fechaH, String pais) in D:\GITHUB\ReportePrematch.Web\ReportePrematch.Web\Services\Clients\ReportesService.cs:line 295
   at ReportePrematch.Web.Controllers.ReportesController.GetVentasPorPaisTaq(String fechaD, String fechaH) in D:\GITHUB\ReportePrematch.Web\ReportePrematch.Web\Controllers\ReportesController.cs:line 232
   at Microsoft.AspNetCore.Mvc.Infrastructure.ActionMethodExecutor.TaskOfIActionResultExecutor.Execute(ActionContext actionContext, IActionResultTypeMapper mapper, ObjectMethodExecutor executor, Object controller, Object[] arguments)
   at Microsoft.AspNetCore.Mvc.Infrastructure.ControllerActionInvoker.<InvokeActionMethodAsync>g__Awaited|12_0(ControllerActionInvoker invoker, ValueTask`1 actionResultValueTask)
   at Microsoft.AspNetCore.Mvc.Infrastructure.ControllerActionInvoker.<InvokeNextActionFilterAsync>g__Awaited|10_0(ControllerActionInvoker invoker, Task lastTask, State next, Scope scope, Object state, Boolean isCompleted)
   at Microsoft.AspNetCore.Mvc.Infrastructure.ControllerActionInvoker.Rethrow(ActionExecutedContextSealed context)
   at Microsoft.AspNetCore.Mvc.Infrastructure.ControllerActionInvoker.Next(State& next, Scope& scope, Object& state, Boolean& isCompleted)
   at Microsoft.AspNetCore.Mvc.Infrastructure.ControllerActionInvoker.<InvokeInnerFilterAsync>g__Awaited|13_0(ControllerActionInvoker invoker, Task lastTask, State next, Scope scope, Object state, Boolean isCompleted)
   at Microsoft.AspNetCore.Mvc.Infrastructure.ResourceInvoker.<InvokeNextResourceFilter>g__Awaited|25_0(ResourceInvoker invoker, Task lastTask, State next, Scope scope, Object state, Boolean isCompleted)
   at Microsoft.AspNetCore.Mvc.Infrastructure.ResourceInvoker.Rethrow(ResourceExecutedContextSealed context)
   at Microsoft.AspNetCore.Mvc.Infrastructure.ResourceInvoker.Next(State& next, Scope& scope, Object& state, Boolean& isCompleted)
   at Microsoft.AspNetCore.Mvc.Infrastructure.ResourceInvoker.<InvokeFilterPipelineAsync>g__Awaited|20_0(ResourceInvoker invoker, Task lastTask, State next, Scope scope, Object state, Boolean isCompleted)
   at Microsoft.AspNetCore.Mvc.Infrastructure.ResourceInvoker.<InvokeAsync>g__Awaited|17_0(ResourceInvoker invoker, Task task, IDisposable scope)
   at Microsoft.AspNetCore.Mvc.Infrastructure.ResourceInvoker.<InvokeAsync>g__Awaited|17_0(ResourceInvoker invoker, Task task, IDisposable scope)
   at Microsoft.AspNetCore.Authorization.AuthorizationMiddleware.Invoke(HttpContext context)
   at Microsoft.AspNetCore.Session.SessionMiddleware.Invoke(HttpContext context)
   at Microsoft.AspNetCore.Session.SessionMiddleware.Invoke(HttpContext context)
   at Serilog.AspNetCore.RequestLoggingMiddleware.Invoke(HttpContext httpContext)
   at Microsoft.AspNetCore.Authentication.AuthenticationMiddleware.Invoke(HttpContext context)
   at Microsoft.AspNetCore.Diagnostics.DeveloperExceptionPageMiddlewareImpl.Invoke(HttpContext context)
2026-08-05 20:14:31.280 -04:00 [INF] HTTP GET /Reportes/VentasPorPais responded 200 in 2.3289 ms
2026-08-05 20:14:33.709 -04:00 [INF] HTTP GET /favicon.ico responded 404 in 0.2074 ms
2026-08-05 20:16:31.988 -04:00 [ERR] Error GET+QS api/Reportes/VentasPorPaisTaq
System.Threading.Tasks.TaskCanceledException: The request was canceled due to the configured HttpClient.Timeout of 120 seconds elapsing.
 ---> System.TimeoutException: The operation was canceled.
 ---> System.Threading.Tasks.TaskCanceledException: The operation was canceled.
 ---> System.IO.IOException: Unable to read data from the transport connection: La operación de E/S se anuló por una salida de subproceso o por una solicitud de aplicación..
 ---> System.Net.Sockets.SocketException (995): La operación de E/S se anuló por una salida de subproceso o por una solicitud de aplicación.
   --- End of inner exception stack trace ---
   at System.Net.Sockets.Socket.AwaitableSocketAsyncEventArgs.ThrowException(SocketError error, CancellationToken cancellationToken)
   at System.Net.Sockets.Socket.AwaitableSocketAsyncEventArgs.System.Threading.Tasks.Sources.IValueTaskSource<System.Int32>.GetResult(Int16 token)
   at System.Net.Security.SslStream.EnsureFullTlsFrameAsync[TIOAdapter](CancellationToken cancellationToken, Int32 estimatedSize)
   at System.Runtime.CompilerServices.PoolingAsyncValueTaskMethodBuilder`1.StateMachineBox`1.System.Threading.Tasks.Sources.IValueTaskSource<TResult>.GetResult(Int16 token)
   at System.Net.Security.SslStream.ReadAsyncInternal[TIOAdapter](Memory`1 buffer, CancellationToken cancellationToken)
   at System.Runtime.CompilerServices.PoolingAsyncValueTaskMethodBuilder`1.StateMachineBox`1.System.Threading.Tasks.Sources.IValueTaskSource<TResult>.GetResult(Int16 token)
   at System.Net.Http.HttpConnection.InitialFillAsync(Boolean async)
   at System.Net.Http.HttpConnection.SendAsync(HttpRequestMessage request, Boolean async, CancellationToken cancellationToken)
   --- End of inner exception stack trace ---
   at System.Net.Http.HttpConnection.SendAsync(HttpRequestMessage request, Boolean async, CancellationToken cancellationToken)
   at System.Net.Http.HttpConnectionPool.SendWithVersionDetectionAndRetryAsync(HttpRequestMessage request, Boolean async, Boolean doRequestAuth, CancellationToken cancellationToken)
   at System.Net.Http.DiagnosticsHandler.SendAsyncCore(HttpRequestMessage request, Boolean async, CancellationToken cancellationToken)
   at System.Net.Http.RedirectHandler.SendAsync(HttpRequestMessage request, Boolean async, CancellationToken cancellationToken)
   at Microsoft.Extensions.Http.Logging.LoggingHttpMessageHandler.<SendCoreAsync>g__Core|4_0(HttpRequestMessage request, Boolean useAsync, CancellationToken cancellationToken)
   at Microsoft.Extensions.Http.Logging.LoggingScopeHttpMessageHandler.<SendCoreAsync>g__Core|4_0(HttpRequestMessage request, Boolean useAsync, CancellationToken cancellationToken)
   at System.Net.Http.HttpClient.<SendAsync>g__Core|83_0(HttpRequestMessage request, HttpCompletionOption completionOption, CancellationTokenSource cts, Boolean disposeCts, CancellationTokenSource pendingRequestsCts, CancellationToken originalCancellationToken)
   --- End of inner exception stack trace ---
   --- End of inner exception stack trace ---
   at System.Net.Http.HttpClient.HandleFailure(Exception e, Boolean telemetryStarted, HttpResponseMessage response, CancellationTokenSource cts, CancellationToken cancellationToken, CancellationTokenSource pendingRequestsCts)
   at System.Net.Http.HttpClient.<SendAsync>g__Core|83_0(HttpRequestMessage request, HttpCompletionOption completionOption, CancellationTokenSource cts, Boolean disposeCts, CancellationTokenSource pendingRequestsCts, CancellationToken originalCancellationToken)
   at ReportePrematch.Web.Services.Clients.ApiClient.GetQueryAsync[T](String endpoint, Dictionary`2 query, CancellationToken ct) in D:\GITHUB\ReportePrematch.Web\ReportePrematch.Web\Services\Clients\ApiClient.cs:line 46
2026-08-05 20:18:28.712 -04:00 [INF] Iniciando ReportePrematch.Web...
2026-08-05 20:18:30.264 -04:00 [INF] HTTP GET / responded 200 in 376.7597 ms
2026-08-05 20:18:39.395 -04:00 [INF] Login exitoso: vlapenta [Usuario suAdmin]
2026-08-05 20:18:39.404 -04:00 [INF] HTTP POST / responded 302 in 1152.8874 ms
2026-08-05 20:18:39.584 -04:00 [INF] HTTP GET /Reportes/VentasPorAgente responded 200 in 167.6944 ms
2026-08-05 20:18:54.128 -04:00 [INF] HTTP POST /Reportes/GetListAgencias responded 200 in 14014.7091 ms
2026-08-05 20:19:06.682 -04:00 [INF] HTTP GET /Reportes/VentasPorPais responded 200 in 28.8458 ms
2026-08-05 20:19:07.580 -04:00 [INF] HTTP POST /Reportes/GetListAgencias responded 200 in 626.2400 ms
2026-08-05 20:43:50.704 -04:00 [INF] HTTP GET /Reportes/CasinoMaquinitas responded 200 in 69.7874 ms
2026-08-05 20:43:52.605 -04:00 [INF] HTTP POST /Reportes/GetListAgencias responded 200 in 1359.7928 ms
2026-08-05 20:43:55.341 -04:00 [INF] HTTP GET /Reportes/CasinoSlotGrecia responded 200 in 32.6145 ms
2026-08-05 20:43:56.225 -04:00 [INF] HTTP POST /Reportes/GetListAgencias responded 200 in 636.3938 ms
2026-08-05 20:43:58.933 -04:00 [INF] HTTP GET /Reportes/CasinoSlotRusia responded 200 in 24.3947 ms
2026-08-05 20:43:59.762 -04:00 [INF] HTTP POST /Reportes/GetListAgencias responded 200 in 627.0335 ms
2026-08-05 20:44:01.987 -04:00 [INF] HTTP GET /Reportes/Poker responded 200 in 37.3285 ms
2026-08-05 20:44:02.831 -04:00 [INF] HTTP POST /Reportes/GetListAgencias responded 200 in 602.7393 ms
2026-08-05 20:44:04.622 -04:00 [INF] HTTP GET /Reportes/VirtualesCaribe responded 200 in 25.2182 ms
2026-08-05 20:44:05.519 -04:00 [INF] HTTP POST /Reportes/GetListAgencias responded 200 in 644.4341 ms
2026-08-05 20:47:25.436 -04:00 [INF] HTTP GET /Reportes/VentasPorPais responded 200 in 2.7189 ms
2026-08-05 20:47:26.579 -04:00 [INF] HTTP POST /Reportes/GetListAgencias responded 200 in 817.1383 ms
2026-08-05 20:49:14.959 -04:00 [INF] Iniciando ReportePrematch.Web...
2026-08-05 20:49:16.519 -04:00 [INF] HTTP GET / responded 200 in 534.1929 ms
2026-08-05 20:49:28.623 -04:00 [INF] Login exitoso: vlapenta [Usuario suAdmin]
2026-08-05 20:49:28.632 -04:00 [INF] HTTP POST / responded 302 in 982.1282 ms
2026-08-05 20:49:28.852 -04:00 [INF] HTTP GET /Reportes/VentasPorAgente responded 200 in 209.9005 ms
2026-08-05 20:49:30.142 -04:00 [INF] HTTP POST /Reportes/GetListAgencias responded 200 in 828.1553 ms
2026-08-05 20:49:36.131 -04:00 [INF] HTTP GET /Reportes/VentasPorPais responded 200 in 29.9673 ms
2026-08-05 20:49:36.658 -04:00 [INF] HTTP POST /Reportes/GetVentasPorPaisTaq responded 200 in 257.6809 ms
2026-08-05 20:50:01.918 -04:00 [INF] HTTP POST /Reportes/GetVentasPorPaisTaq responded 200 in 226.3313 ms
2026-08-05 20:50:11.074 -04:00 [INF] HTTP POST /Reportes/GetVentasPorPaisTaq responded 200 in 174.3894 ms
2026-08-05 20:51:12.919 -04:00 [INF] HTTP POST /Reportes/GetVentasPorPaisWeb responded 200 in 197.5425 ms
2026-08-05 20:51:16.384 -04:00 [INF] HTTP POST /Reportes/GetVentasPorPaisWeb responded 200 in 160.4247 ms
2026-08-05 20:55:13.820 -04:00 [INF] Iniciando ReportePrematch.Web...
2026-08-05 20:55:15.488 -04:00 [INF] HTTP GET / responded 200 in 593.6852 ms
2026-08-05 21:00:33.792 -04:00 [INF] Iniciando ReportePrematch.Web...
2026-08-05 21:00:37.765 -04:00 [INF] HTTP GET / responded 200 in 707.1391 ms
2026-08-05 21:01:01.672 -04:00 [INF] HTTP GET /favicon.ico responded 404 in 4.6292 ms
2026-08-05 21:01:47.015 -04:00 [INF] Login exitoso: vlapenta [Usuario suAdmin]
2026-08-05 21:01:47.039 -04:00 [INF] HTTP POST / responded 302 in 999.7156 ms
2026-08-05 21:01:47.422 -04:00 [INF] HTTP GET /Reportes/VentasPorAgente responded 200 in 372.4606 ms
2026-08-05 21:01:51.645 -04:00 [INF] HTTP POST /Reportes/GetListAgencias responded 200 in 3355.3792 ms
2026-08-05 21:01:55.764 -04:00 [INF] HTTP GET /Reportes/VentasPorPais responded 200 in 70.1565 ms
2026-08-05 21:01:56.371 -04:00 [INF] HTTP POST /Reportes/GetVentasPorPaisTaq responded 200 in 299.4569 ms
2026-08-05 21:02:09.320 -04:00 [INF] HTTP POST /Reportes/GetVentasPorPaisTaq responded 200 in 93.1293 ms
2026-08-05 21:11:00.848 -04:00 [INF] HTTP POST /Reportes/GetVentasPorPaisTaq responded 200 in 910.7820 ms
2026-08-05 21:11:15.258 -04:00 [INF] HTTP POST /Reportes/GetVentasPorPaisTaq responded 200 in 129.5312 ms
2026-08-05 21:13:23.965 -04:00 [INF] HTTP POST /Reportes/GetVentasPorPaisTaq responded 200 in 138.3937 ms
2026-08-05 21:14:03.242 -04:00 [INF] Iniciando ReportePrematch.Web...
2026-08-05 21:14:04.851 -04:00 [INF] HTTP GET / responded 200 in 481.3613 ms
2026-08-05 21:14:14.506 -04:00 [INF] Login exitoso: vlapenta [Usuario suAdmin]
2026-08-05 21:14:14.516 -04:00 [INF] HTTP POST / responded 302 in 754.2440 ms
2026-08-05 21:14:14.742 -04:00 [INF] HTTP GET /Reportes/VentasPorAgente responded 200 in 215.8997 ms
2026-08-05 21:14:15.977 -04:00 [INF] HTTP POST /Reportes/GetListAgencias responded 200 in 768.0625 ms
2026-08-05 21:14:18.804 -04:00 [INF] HTTP GET /Reportes/VentasPorPais responded 200 in 19.7821 ms
2026-08-05 21:14:19.242 -04:00 [INF] HTTP POST /Reportes/GetVentasPorPaisTaq responded 200 in 187.5630 ms
2026-08-05 21:14:31.401 -04:00 [INF] HTTP POST /Reportes/GetVentasPorPaisTaq responded 200 in 131.8999 ms
2026-08-05 21:31:43.892 -04:00 [INF] Iniciando ReportePrematch.Web...
2026-08-05 21:31:45.469 -04:00 [INF] HTTP GET / responded 200 in 526.6524 ms
2026-08-05 21:31:57.550 -04:00 [INF] Login exitoso: vlapenta [Usuario suAdmin]
2026-08-05 21:31:57.562 -04:00 [INF] HTTP POST / responded 302 in 994.7164 ms
2026-08-05 21:31:57.807 -04:00 [INF] HTTP GET /Reportes/VentasPorAgente responded 200 in 234.7069 ms
2026-08-05 21:31:59.531 -04:00 [INF] HTTP POST /Reportes/GetListAgencias responded 200 in 1226.0138 ms
2026-08-05 21:32:03.262 -04:00 [INF] HTTP GET /Reportes/VentasPorPais responded 200 in 28.5171 ms
2026-08-05 21:32:03.647 -04:00 [INF] HTTP POST /Reportes/GetVentasPorPaisTaq responded 200 in 164.9988 ms
2026-08-05 21:32:16.164 -04:00 [INF] HTTP POST /Reportes/GetVentasPorPaisTaq responded 200 in 96.7439 ms
2026-08-05 21:41:06.651 -04:00 [INF] HTTP GET /Reportes/VentasPorPais responded 200 in 3.4236 ms
2026-08-05 21:41:07.077 -04:00 [INF] HTTP POST /Reportes/GetVentasPorPaisTaq responded 200 in 149.9724 ms
2026-08-05 21:41:17.848 -04:00 [INF] HTTP POST /Reportes/GetVentasPorPaisTaq responded 200 in 153.2198 ms
2026-08-05 21:41:20.770 -04:00 [INF] HTTP POST /Reportes/GetVentasPorPaisWeb responded 200 in 146.3781 ms
2026-08-05 21:41:44.479 -04:00 [INF] HTTP GET /Reportes/VentasPorPais responded 200 in 4.5685 ms
2026-08-05 21:41:45.278 -04:00 [INF] HTTP POST /Reportes/GetVentasPorPaisTaq responded 200 in 116.2252 ms
2026-08-05 21:42:14.781 -04:00 [INF] HTTP POST /Reportes/GetVentasPorPaisTaq responded 200 in 154.9637 ms
2026-08-05 21:42:58.376 -04:00 [INF] HTTP POST /Reportes/GetVentasPorPaisTaq responded 200 in 101.9165 ms
2026-08-05 21:45:01.160 -04:00 [INF] Iniciando ReportePrematch.Web...
2026-08-05 21:45:03.380 -04:00 [INF] HTTP GET / responded 200 in 616.1616 ms
2026-08-05 21:45:15.066 -04:00 [INF] Login exitoso: vlapenta [Usuario suAdmin]
2026-08-05 21:45:15.075 -04:00 [INF] HTTP POST / responded 302 in 876.7503 ms
2026-08-05 21:45:15.296 -04:00 [INF] HTTP GET /Reportes/VentasPorAgente responded 200 in 211.1598 ms
2026-08-05 21:45:16.792 -04:00 [INF] HTTP POST /Reportes/GetListAgencias responded 200 in 964.4392 ms
2026-08-05 21:45:20.786 -04:00 [INF] HTTP GET /Reportes/VentasPorPais responded 200 in 144.4507 ms
2026-08-05 21:45:21.470 -04:00 [INF] HTTP POST /Reportes/GetVentasPorPaisTaq responded 200 in 441.9624 ms
2026-08-05 21:45:36.602 -04:00 [INF] HTTP POST /Reportes/GetVentasPorPaisTaq responded 200 in 140.5684 ms
2026-08-05 21:45:39.670 -04:00 [INF] HTTP POST /Reportes/GetVentasPorPaisWeb responded 200 in 111.6679 ms
2026-08-05 21:45:44.764 -04:00 [INF] HTTP GET /.well-known/appspecific/com.chrome.devtools.json responded 404 in 1.1232 ms
2026-08-05 21:45:48.731 -04:00 [INF] HTTP POST /Reportes/GetVentasPorPaisWeb responded 200 in 145.3219 ms
2026-08-05 23:51:53.646 -04:00 [INF] Iniciando ReportePrematch.Web...
2026-08-05 23:51:54.916 -04:00 [INF] HTTP GET / responded 200 in 312.5774 ms
2026-08-05 23:51:56.368 -04:00 [INF] HTTP GET /favicon.ico responded 404 in 3.5135 ms
