2026-08-06 09:37:03.588 -04:00 [INF] Iniciando ReportePrematch.Web...
2026-08-06 09:37:05.526 -04:00 [INF] HTTP GET / responded 200 in 235.2582 ms
2026-08-06 09:37:06.486 -04:00 [INF] HTTP GET /favicon.ico responded 404 in 2.2456 ms
2026-08-06 09:39:34.555 -04:00 [INF] Login exitoso: vlapenta [Usuario suAdmin]
2026-08-06 09:39:34.565 -04:00 [INF] HTTP POST / responded 302 in 629.4831 ms
2026-08-06 09:39:34.693 -04:00 [INF] HTTP GET /Reportes/VentasPorAgente responded 200 in 121.1988 ms
2026-08-06 09:39:45.910 -04:00 [INF] HTTP POST /Reportes/GetListAgencias responded 200 in 1051.1169 ms
2026-08-06 09:39:50.390 -04:00 [INF] HTTP GET /Reportes/VentasPorPais responded 200 in 13.0202 ms
2026-08-06 09:39:50.716 -04:00 [INF] HTTP POST /Reportes/GetVentasPorPaisTaq responded 200 in 144.2364 ms
2026-08-06 09:40:08.349 -04:00 [INF] HTTP POST /Reportes/GetVentasPorPaisTaq responded 200 in 89.4686 ms
2026-08-06 09:40:11.024 -04:00 [INF] HTTP GET /.well-known/appspecific/com.chrome.devtools.json responded 404 in 0.4204 ms
2026-08-06 09:40:14.999 -04:00 [INF] HTTP POST /Reportes/GetVentasPorPaisTaq responded 200 in 126.4069 ms
2026-08-06 09:41:20.310 -04:00 [INF] HTTP GET /Reportes/VentasPorPais responded 200 in 1.8174 ms
2026-08-06 09:41:20.403 -04:00 [INF] HTTP GET /.well-known/appspecific/com.chrome.devtools.json responded 404 in 0.1955 ms
2026-08-06 09:41:20.686 -04:00 [INF] HTTP POST /Reportes/GetVentasPorPaisTaq responded 200 in 126.9061 ms
2026-08-06 09:41:26.559 -04:00 [INF] HTTP GET /Reportes/VentasPorPais responded 200 in 2.3672 ms
2026-08-06 09:41:26.632 -04:00 [INF] HTTP GET /.well-known/appspecific/com.chrome.devtools.json responded 404 in 0.1667 ms
2026-08-06 09:41:37.318 -04:00 [INF] HTTP POST /Reportes/GetVentasPorPaisTaq responded 200 in 89.2989 ms
2026-08-06 09:41:37.810 -04:00 [INF] HTTP GET /favicon.ico responded 404 in 0.2547 ms
2026-08-06 09:46:29.237 -04:00 [INF] Iniciando ReportePrematch.Web...
2026-08-06 09:46:30.051 -04:00 [INF] HTTP GET / responded 200 in 248.3916 ms
2026-08-06 09:46:44.895 -04:00 [INF] Login exitoso: vlapenta [Usuario suAdmin]
2026-08-06 09:46:44.903 -04:00 [INF] HTTP POST / responded 302 in 684.7458 ms
2026-08-06 09:46:45.010 -04:00 [INF] HTTP GET /Reportes/VentasPorAgente responded 200 in 97.7719 ms
2026-08-06 09:46:45.843 -04:00 [INF] HTTP POST /Reportes/GetListAgencias responded 200 in 598.4937 ms
2026-08-06 09:46:56.322 -04:00 [INF] HTTP GET /Reportes/VentasPorPais responded 200 in 12.4540 ms
2026-08-06 09:46:56.577 -04:00 [INF] HTTP POST /Reportes/GetVentasPorPaisTaq responded 200 in 142.7040 ms
2026-08-06 09:47:12.012 -04:00 [INF] HTTP POST /Reportes/GetVentasPorPaisTaq responded 200 in 85.0374 ms
2026-08-06 09:47:14.847 -04:00 [INF] HTTP GET /.well-known/appspecific/com.chrome.devtools.json responded 404 in 1.3076 ms
2026-08-06 09:47:18.351 -04:00 [INF] HTTP POST /Reportes/GetVentasPorPaisTaq responded 200 in 127.4456 ms
2026-08-06 09:47:23.511 -04:00 [INF] HTTP GET /Reportes/GetVentasPorPaisTaq responded 405 in 0.4130 ms
2026-08-06 10:16:20.715 -04:00 [INF] Iniciando ReportePrematch.Web...
2026-08-06 10:16:21.668 -04:00 [INF] HTTP GET / responded 200 in 204.7531 ms
2026-08-06 10:16:40.029 -04:00 [INF] Login exitoso: vlapenta [Usuario suAdmin]
2026-08-06 10:16:40.036 -04:00 [INF] HTTP POST / responded 302 in 668.6219 ms
2026-08-06 10:16:40.146 -04:00 [INF] HTTP GET /Reportes/VentasPorAgente responded 200 in 101.5921 ms
2026-08-06 10:16:41.432 -04:00 [INF] HTTP POST /Reportes/GetListAgencias responded 200 in 1066.9238 ms
2026-08-06 10:16:44.276 -04:00 [INF] HTTP GET /Reportes/VentasPorPais responded 200 in 12.4998 ms
2026-08-06 10:16:44.482 -04:00 [INF] HTTP POST /Reportes/GetVentasPorPaisTaq responded 200 in 105.5428 ms
2026-08-06 10:17:10.820 -04:00 [INF] Iniciando ReportePrematch.Web...
2026-08-06 10:17:12.177 -04:00 [INF] HTTP GET / responded 200 in 258.8670 ms
2026-08-06 10:17:42.015 -04:00 [INF] Login exitoso: vlapenta [Usuario suAdmin]
2026-08-06 10:17:42.021 -04:00 [INF] HTTP POST / responded 302 in 619.9224 ms
2026-08-06 10:17:42.125 -04:00 [INF] HTTP GET /Reportes/VentasPorAgente responded 200 in 97.5673 ms
2026-08-06 10:17:43.204 -04:00 [INF] HTTP POST /Reportes/GetListAgencias responded 200 in 573.8403 ms
2026-08-06 10:17:46.664 -04:00 [INF] HTTP GET /Reportes/VentasPorPais responded 200 in 13.2031 ms
2026-08-06 10:17:46.986 -04:00 [INF] HTTP POST /Reportes/GetVentasPorPaisTaq responded 200 in 140.4101 ms
2026-08-06 10:17:59.077 -04:00 [INF] HTTP POST /Reportes/GetVentasPorPaisTaq responded 200 in 85.6620 ms
2026-08-06 10:18:01.512 -04:00 [INF] HTTP POST /Reportes/GetVentasPorPaisWeb responded 200 in 143.8661 ms
2026-08-06 10:26:41.590 -04:00 [INF] Iniciando ReportePrematch.Web...
2026-08-06 10:26:42.342 -04:00 [INF] HTTP GET / responded 200 in 207.4790 ms
2026-08-06 10:26:55.815 -04:00 [INF] Login exitoso: vlapenta [Usuario suAdmin]
2026-08-06 10:26:55.823 -04:00 [INF] HTTP POST / responded 302 in 708.3159 ms
2026-08-06 10:26:55.927 -04:00 [INF] HTTP GET /Reportes/VentasPorAgente responded 200 in 96.6215 ms
2026-08-06 10:26:57.383 -04:00 [INF] HTTP POST /Reportes/GetListAgencias responded 200 in 1238.3574 ms
2026-08-06 10:27:00.996 -04:00 [INF] HTTP GET /Reportes/VentasPorPais responded 200 in 15.5159 ms
2026-08-06 10:27:01.706 -04:00 [INF] HTTP POST /Reportes/GetVentasPorPaisTaq responded 200 in 591.0688 ms
2026-08-06 10:27:13.632 -04:00 [INF] HTTP POST /Reportes/GetVentasPorPaisTaq responded 200 in 722.7382 ms
2026-08-06 10:27:31.151 -04:00 [INF] HTTP POST /Reportes/GetVentasPorPaisWeb responded 200 in 6441.9677 ms
2026-08-06 10:30:03.510 -04:00 [INF] HTTP GET /Reportes/Props responded 200 in 18.7302 ms
2026-08-06 10:30:04.140 -04:00 [INF] HTTP POST /Reportes/GetListAgencias responded 200 in 504.3094 ms
2026-08-06 10:30:35.764 -04:00 [ERR] Error GET+QS api/Reportes/Props
System.Text.Json.JsonException: The JSON value could not be converted to System.Collections.Generic.List`1[ReportePrematch.Web.Models.ApiReportes.PropsApiDto]. Path: $ | LineNumber: 0 | BytePositionInLine: 1.
   at System.Text.Json.ThrowHelper.ThrowJsonException_DeserializeUnableToConvertValue(Type propertyType)
   at System.Text.Json.Serialization.JsonCollectionConverter`2.OnTryRead(Utf8JsonReader& reader, Type typeToConvert, JsonSerializerOptions options, ReadStack& state, TCollection& value)
   at System.Text.Json.Serialization.JsonConverter`1.TryRead(Utf8JsonReader& reader, Type typeToConvert, JsonSerializerOptions options, ReadStack& state, T& value, Boolean& isPopulatedValue)
   at System.Text.Json.Serialization.JsonConverter`1.ReadCore(Utf8JsonReader& reader, T& value, JsonSerializerOptions options, ReadStack& state)
   at System.Text.Json.Serialization.Metadata.JsonTypeInfo`1.ContinueDeserialize[TReadBufferState,TStream](TReadBufferState& bufferState, JsonReaderState& jsonReaderState, ReadStack& readStack, T& value)
   at System.Text.Json.Serialization.Metadata.JsonTypeInfo`1.DeserializeAsync[TReadBufferState,TStream](TStream utf8Json, TReadBufferState bufferState, CancellationToken cancellationToken)
   at System.Net.Http.Json.HttpContentJsonExtensions.ReadFromJsonAsyncCore[T](HttpContent content, JsonSerializerOptions options, CancellationToken cancellationToken)
   at ReportePrematch.Web.Services.Clients.ApiClient.GetQueryAsync[T](String endpoint, Dictionary`2 query, CancellationToken ct) in D:\GITHUB\ReportePrematch.Web\ReportePrematch.Web\Services\Clients\ApiClient.cs:line 48
2026-08-06 10:31:53.852 -04:00 [INF] Iniciando ReportePrematch.Web...
2026-08-06 10:31:54.918 -04:00 [INF] HTTP GET / responded 200 in 212.1341 ms
2026-08-06 10:39:48.836 -04:00 [INF] Login exitoso: vlapenta [Usuario suAdmin]
2026-08-06 10:39:48.843 -04:00 [INF] HTTP POST / responded 302 in 665.4281 ms
2026-08-06 10:39:48.946 -04:00 [INF] HTTP GET /Reportes/VentasPorAgente responded 200 in 95.4320 ms
2026-08-06 10:39:53.433 -04:00 [ERR] Error GET api/Reportes/ListaAgentes
System.Net.Http.HttpRequestException: No se puede establecer una conexión ya que el equipo de destino denegó expresamente dicha conexión. (localhost:44322)
 ---> System.Net.Sockets.SocketException (10061): No se puede establecer una conexión ya que el equipo de destino denegó expresamente dicha conexión.
   at System.Net.Sockets.Socket.AwaitableSocketAsyncEventArgs.ThrowException(SocketError error, CancellationToken cancellationToken)
   at System.Net.Sockets.Socket.AwaitableSocketAsyncEventArgs.System.Threading.Tasks.Sources.IValueTaskSource.GetResult(Int16 token)
   at System.Net.Http.HttpConnectionPool.ConnectToTcpHostAsync(String host, Int32 port, HttpRequestMessage initialRequest, Boolean async, CancellationToken cancellationToken)
   --- End of inner exception stack trace ---
   at System.Net.Http.HttpConnectionPool.ConnectToTcpHostAsync(String host, Int32 port, HttpRequestMessage initialRequest, Boolean async, CancellationToken cancellationToken)
   at System.Net.Http.HttpConnectionPool.ConnectAsync(HttpRequestMessage request, Boolean async, CancellationToken cancellationToken)
   at System.Net.Http.HttpConnectionPool.CreateHttp11ConnectionAsync(HttpRequestMessage request, Boolean async, CancellationToken cancellationToken)
   at System.Net.Http.HttpConnectionPool.InjectNewHttp11ConnectionAsync(QueueItem queueItem)
   at System.Threading.Tasks.TaskCompletionSourceWithCancellation`1.WaitWithCancellationAsync(CancellationToken cancellationToken)
   at System.Net.Http.HttpConnectionWaiter`1.WaitForConnectionWithTelemetryAsync(HttpRequestMessage request, HttpConnectionPool pool, Boolean async, CancellationToken requestCancellationToken)
   at System.Net.Http.HttpConnectionPool.SendWithVersionDetectionAndRetryAsync(HttpRequestMessage request, Boolean async, Boolean doRequestAuth, CancellationToken cancellationToken)
   at System.Net.Http.DiagnosticsHandler.SendAsyncCore(HttpRequestMessage request, Boolean async, CancellationToken cancellationToken)
   at System.Net.Http.RedirectHandler.SendAsync(HttpRequestMessage request, Boolean async, CancellationToken cancellationToken)
   at System.Net.Http.SocketsHttpHandler.<SendAsync>g__CreateHandlerAndSendAsync|115_0(HttpRequestMessage request, CancellationToken cancellationToken)
   at Microsoft.Extensions.Http.Logging.LoggingHttpMessageHandler.<SendCoreAsync>g__Core|4_0(HttpRequestMessage request, Boolean useAsync, CancellationToken cancellationToken)
   at Microsoft.Extensions.Http.Logging.LoggingScopeHttpMessageHandler.<SendCoreAsync>g__Core|4_0(HttpRequestMessage request, Boolean useAsync, CancellationToken cancellationToken)
   at System.Net.Http.HttpClient.<SendAsync>g__Core|83_0(HttpRequestMessage request, HttpCompletionOption completionOption, CancellationTokenSource cts, Boolean disposeCts, CancellationTokenSource pendingRequestsCts, CancellationToken originalCancellationToken)
   at ReportePrematch.Web.Services.Clients.ApiClient.GetAsync[T](String endpoint, CancellationToken ct) in D:\GITHUB\ReportePrematch.Web\ReportePrematch.Web\Services\Clients\ApiClient.cs:line 23
2026-08-06 10:39:53.475 -04:00 [ERR] Error GetListAgencias via API
System.Net.Http.HttpRequestException: No se puede establecer una conexión ya que el equipo de destino denegó expresamente dicha conexión. (localhost:44322)
 ---> System.Net.Sockets.SocketException (10061): No se puede establecer una conexión ya que el equipo de destino denegó expresamente dicha conexión.
   at System.Net.Sockets.Socket.AwaitableSocketAsyncEventArgs.ThrowException(SocketError error, CancellationToken cancellationToken)
   at System.Net.Sockets.Socket.AwaitableSocketAsyncEventArgs.System.Threading.Tasks.Sources.IValueTaskSource.GetResult(Int16 token)
   at System.Net.Http.HttpConnectionPool.ConnectToTcpHostAsync(String host, Int32 port, HttpRequestMessage initialRequest, Boolean async, CancellationToken cancellationToken)
   --- End of inner exception stack trace ---
   at System.Net.Http.HttpConnectionPool.ConnectToTcpHostAsync(String host, Int32 port, HttpRequestMessage initialRequest, Boolean async, CancellationToken cancellationToken)
   at System.Net.Http.HttpConnectionPool.ConnectAsync(HttpRequestMessage request, Boolean async, CancellationToken cancellationToken)
   at System.Net.Http.HttpConnectionPool.CreateHttp11ConnectionAsync(HttpRequestMessage request, Boolean async, CancellationToken cancellationToken)
   at System.Net.Http.HttpConnectionPool.InjectNewHttp11ConnectionAsync(QueueItem queueItem)
   at System.Threading.Tasks.TaskCompletionSourceWithCancellation`1.WaitWithCancellationAsync(CancellationToken cancellationToken)
   at System.Net.Http.HttpConnectionWaiter`1.WaitForConnectionWithTelemetryAsync(HttpRequestMessage request, HttpConnectionPool pool, Boolean async, CancellationToken requestCancellationToken)
   at System.Net.Http.HttpConnectionPool.SendWithVersionDetectionAndRetryAsync(HttpRequestMessage request, Boolean async, Boolean doRequestAuth, CancellationToken cancellationToken)
   at System.Net.Http.DiagnosticsHandler.SendAsyncCore(HttpRequestMessage request, Boolean async, CancellationToken cancellationToken)
   at System.Net.Http.RedirectHandler.SendAsync(HttpRequestMessage request, Boolean async, CancellationToken cancellationToken)
   at System.Net.Http.SocketsHttpHandler.<SendAsync>g__CreateHandlerAndSendAsync|115_0(HttpRequestMessage request, CancellationToken cancellationToken)
   at Microsoft.Extensions.Http.Logging.LoggingHttpMessageHandler.<SendCoreAsync>g__Core|4_0(HttpRequestMessage request, Boolean useAsync, CancellationToken cancellationToken)
   at Microsoft.Extensions.Http.Logging.LoggingScopeHttpMessageHandler.<SendCoreAsync>g__Core|4_0(HttpRequestMessage request, Boolean useAsync, CancellationToken cancellationToken)
   at System.Net.Http.HttpClient.<SendAsync>g__Core|83_0(HttpRequestMessage request, HttpCompletionOption completionOption, CancellationTokenSource cts, Boolean disposeCts, CancellationTokenSource pendingRequestsCts, CancellationToken originalCancellationToken)
   at ReportePrematch.Web.Services.Clients.ApiClient.GetAsync[T](String endpoint, CancellationToken ct) in D:\GITHUB\ReportePrematch.Web\ReportePrematch.Web\Services\Clients\ApiClient.cs:line 23
   at ReportePrematch.Web.Services.Clients.ReportesService.GetListAgenciasAsync(String agente, String pais, String role) in D:\GITHUB\ReportePrematch.Web\ReportePrematch.Web\Services\Clients\ReportesService.cs:line 191
2026-08-06 10:39:53.485 -04:00 [INF] HTTP POST /Reportes/GetListAgencias responded 200 in 4253.3048 ms
2026-08-06 10:45:51.601 -04:00 [INF] Iniciando ReportePrematch.Web...
2026-08-06 10:45:53.157 -04:00 [INF] HTTP GET / responded 200 in 195.4505 ms
2026-08-06 10:46:05.732 -04:00 [INF] Login exitoso: vlapenta [Usuario suAdmin]
2026-08-06 10:46:05.739 -04:00 [INF] HTTP POST / responded 302 in 967.3913 ms
2026-08-06 10:46:05.842 -04:00 [INF] HTTP GET /Reportes/VentasPorAgente responded 200 in 95.8900 ms
2026-08-06 10:46:10.281 -04:00 [ERR] Error GET api/Reportes/ListaAgentes
System.Net.Http.HttpRequestException: No se puede establecer una conexión ya que el equipo de destino denegó expresamente dicha conexión. (localhost:44322)
 ---> System.Net.Sockets.SocketException (10061): No se puede establecer una conexión ya que el equipo de destino denegó expresamente dicha conexión.
   at System.Net.Sockets.Socket.AwaitableSocketAsyncEventArgs.ThrowException(SocketError error, CancellationToken cancellationToken)
   at System.Net.Sockets.Socket.AwaitableSocketAsyncEventArgs.System.Threading.Tasks.Sources.IValueTaskSource.GetResult(Int16 token)
   at System.Net.Http.HttpConnectionPool.ConnectToTcpHostAsync(String host, Int32 port, HttpRequestMessage initialRequest, Boolean async, CancellationToken cancellationToken)
   --- End of inner exception stack trace ---
   at System.Net.Http.HttpConnectionPool.ConnectToTcpHostAsync(String host, Int32 port, HttpRequestMessage initialRequest, Boolean async, CancellationToken cancellationToken)
   at System.Net.Http.HttpConnectionPool.ConnectAsync(HttpRequestMessage request, Boolean async, CancellationToken cancellationToken)
   at System.Net.Http.HttpConnectionPool.CreateHttp11ConnectionAsync(HttpRequestMessage request, Boolean async, CancellationToken cancellationToken)
   at System.Net.Http.HttpConnectionPool.InjectNewHttp11ConnectionAsync(QueueItem queueItem)
   at System.Threading.Tasks.TaskCompletionSourceWithCancellation`1.WaitWithCancellationAsync(CancellationToken cancellationToken)
   at System.Net.Http.HttpConnectionWaiter`1.WaitForConnectionWithTelemetryAsync(HttpRequestMessage request, HttpConnectionPool pool, Boolean async, CancellationToken requestCancellationToken)
   at System.Net.Http.HttpConnectionPool.SendWithVersionDetectionAndRetryAsync(HttpRequestMessage request, Boolean async, Boolean doRequestAuth, CancellationToken cancellationToken)
   at System.Net.Http.DiagnosticsHandler.SendAsyncCore(HttpRequestMessage request, Boolean async, CancellationToken cancellationToken)
   at System.Net.Http.RedirectHandler.SendAsync(HttpRequestMessage request, Boolean async, CancellationToken cancellationToken)
   at System.Net.Http.SocketsHttpHandler.<SendAsync>g__CreateHandlerAndSendAsync|115_0(HttpRequestMessage request, CancellationToken cancellationToken)
   at Microsoft.Extensions.Http.Logging.LoggingHttpMessageHandler.<SendCoreAsync>g__Core|4_0(HttpRequestMessage request, Boolean useAsync, CancellationToken cancellationToken)
   at Microsoft.Extensions.Http.Logging.LoggingScopeHttpMessageHandler.<SendCoreAsync>g__Core|4_0(HttpRequestMessage request, Boolean useAsync, CancellationToken cancellationToken)
   at System.Net.Http.HttpClient.<SendAsync>g__Core|83_0(HttpRequestMessage request, HttpCompletionOption completionOption, CancellationTokenSource cts, Boolean disposeCts, CancellationTokenSource pendingRequestsCts, CancellationToken originalCancellationToken)
   at ReportePrematch.Web.Services.Clients.ApiClient.GetAsync[T](String endpoint, CancellationToken ct) in D:\GITHUB\ReportePrematch.Web\ReportePrematch.Web\Services\Clients\ApiClient.cs:line 23
2026-08-06 10:46:10.322 -04:00 [ERR] Error GetListAgencias via API
System.Net.Http.HttpRequestException: No se puede establecer una conexión ya que el equipo de destino denegó expresamente dicha conexión. (localhost:44322)
 ---> System.Net.Sockets.SocketException (10061): No se puede establecer una conexión ya que el equipo de destino denegó expresamente dicha conexión.
   at System.Net.Sockets.Socket.AwaitableSocketAsyncEventArgs.ThrowException(SocketError error, CancellationToken cancellationToken)
   at System.Net.Sockets.Socket.AwaitableSocketAsyncEventArgs.System.Threading.Tasks.Sources.IValueTaskSource.GetResult(Int16 token)
   at System.Net.Http.HttpConnectionPool.ConnectToTcpHostAsync(String host, Int32 port, HttpRequestMessage initialRequest, Boolean async, CancellationToken cancellationToken)
   --- End of inner exception stack trace ---
   at System.Net.Http.HttpConnectionPool.ConnectToTcpHostAsync(String host, Int32 port, HttpRequestMessage initialRequest, Boolean async, CancellationToken cancellationToken)
   at System.Net.Http.HttpConnectionPool.ConnectAsync(HttpRequestMessage request, Boolean async, CancellationToken cancellationToken)
   at System.Net.Http.HttpConnectionPool.CreateHttp11ConnectionAsync(HttpRequestMessage request, Boolean async, CancellationToken cancellationToken)
   at System.Net.Http.HttpConnectionPool.InjectNewHttp11ConnectionAsync(QueueItem queueItem)
   at System.Threading.Tasks.TaskCompletionSourceWithCancellation`1.WaitWithCancellationAsync(CancellationToken cancellationToken)
   at System.Net.Http.HttpConnectionWaiter`1.WaitForConnectionWithTelemetryAsync(HttpRequestMessage request, HttpConnectionPool pool, Boolean async, CancellationToken requestCancellationToken)
   at System.Net.Http.HttpConnectionPool.SendWithVersionDetectionAndRetryAsync(HttpRequestMessage request, Boolean async, Boolean doRequestAuth, CancellationToken cancellationToken)
   at System.Net.Http.DiagnosticsHandler.SendAsyncCore(HttpRequestMessage request, Boolean async, CancellationToken cancellationToken)
   at System.Net.Http.RedirectHandler.SendAsync(HttpRequestMessage request, Boolean async, CancellationToken cancellationToken)
   at System.Net.Http.SocketsHttpHandler.<SendAsync>g__CreateHandlerAndSendAsync|115_0(HttpRequestMessage request, CancellationToken cancellationToken)
   at Microsoft.Extensions.Http.Logging.LoggingHttpMessageHandler.<SendCoreAsync>g__Core|4_0(HttpRequestMessage request, Boolean useAsync, CancellationToken cancellationToken)
   at Microsoft.Extensions.Http.Logging.LoggingScopeHttpMessageHandler.<SendCoreAsync>g__Core|4_0(HttpRequestMessage request, Boolean useAsync, CancellationToken cancellationToken)
   at System.Net.Http.HttpClient.<SendAsync>g__Core|83_0(HttpRequestMessage request, HttpCompletionOption completionOption, CancellationTokenSource cts, Boolean disposeCts, CancellationTokenSource pendingRequestsCts, CancellationToken originalCancellationToken)
   at ReportePrematch.Web.Services.Clients.ApiClient.GetAsync[T](String endpoint, CancellationToken ct) in D:\GITHUB\ReportePrematch.Web\ReportePrematch.Web\Services\Clients\ApiClient.cs:line 23
   at ReportePrematch.Web.Services.Clients.ReportesService.GetListAgenciasAsync(String agente, String pais, String role) in D:\GITHUB\ReportePrematch.Web\ReportePrematch.Web\Services\Clients\ReportesService.cs:line 191
2026-08-06 10:46:10.331 -04:00 [INF] HTTP POST /Reportes/GetListAgencias responded 200 in 4271.7701 ms
2026-08-06 10:46:16.051 -04:00 [INF] HTTP GET /Reportes/VentasDetalladasLive responded 200 in 19.9437 ms
2026-08-06 10:46:20.252 -04:00 [ERR] Error GET api/Reportes/ListaAgentes
System.Net.Http.HttpRequestException: No se puede establecer una conexión ya que el equipo de destino denegó expresamente dicha conexión. (localhost:44322)
 ---> System.Net.Sockets.SocketException (10061): No se puede establecer una conexión ya que el equipo de destino denegó expresamente dicha conexión.
   at System.Net.Sockets.Socket.AwaitableSocketAsyncEventArgs.ThrowException(SocketError error, CancellationToken cancellationToken)
   at System.Net.Sockets.Socket.AwaitableSocketAsyncEventArgs.System.Threading.Tasks.Sources.IValueTaskSource.GetResult(Int16 token)
   at System.Net.Http.HttpConnectionPool.ConnectToTcpHostAsync(String host, Int32 port, HttpRequestMessage initialRequest, Boolean async, CancellationToken cancellationToken)
   --- End of inner exception stack trace ---
   at System.Net.Http.HttpConnectionPool.ConnectToTcpHostAsync(String host, Int32 port, HttpRequestMessage initialRequest, Boolean async, CancellationToken cancellationToken)
   at System.Net.Http.HttpConnectionPool.ConnectAsync(HttpRequestMessage request, Boolean async, CancellationToken cancellationToken)
   at System.Net.Http.HttpConnectionPool.CreateHttp11ConnectionAsync(HttpRequestMessage request, Boolean async, CancellationToken cancellationToken)
   at System.Net.Http.HttpConnectionPool.InjectNewHttp11ConnectionAsync(QueueItem queueItem)
   at System.Threading.Tasks.TaskCompletionSourceWithCancellation`1.WaitWithCancellationAsync(CancellationToken cancellationToken)
   at System.Net.Http.HttpConnectionWaiter`1.WaitForConnectionWithTelemetryAsync(HttpRequestMessage request, HttpConnectionPool pool, Boolean async, CancellationToken requestCancellationToken)
   at System.Net.Http.HttpConnectionPool.SendWithVersionDetectionAndRetryAsync(HttpRequestMessage request, Boolean async, Boolean doRequestAuth, CancellationToken cancellationToken)
   at System.Net.Http.DiagnosticsHandler.SendAsyncCore(HttpRequestMessage request, Boolean async, CancellationToken cancellationToken)
   at System.Net.Http.RedirectHandler.SendAsync(HttpRequestMessage request, Boolean async, CancellationToken cancellationToken)
   at Microsoft.Extensions.Http.Logging.LoggingHttpMessageHandler.<SendCoreAsync>g__Core|4_0(HttpRequestMessage request, Boolean useAsync, CancellationToken cancellationToken)
   at Microsoft.Extensions.Http.Logging.LoggingScopeHttpMessageHandler.<SendCoreAsync>g__Core|4_0(HttpRequestMessage request, Boolean useAsync, CancellationToken cancellationToken)
   at System.Net.Http.HttpClient.<SendAsync>g__Core|83_0(HttpRequestMessage request, HttpCompletionOption completionOption, CancellationTokenSource cts, Boolean disposeCts, CancellationTokenSource pendingRequestsCts, CancellationToken originalCancellationToken)
   at ReportePrematch.Web.Services.Clients.ApiClient.GetAsync[T](String endpoint, CancellationToken ct) in D:\GITHUB\ReportePrematch.Web\ReportePrematch.Web\Services\Clients\ApiClient.cs:line 23
2026-08-06 10:46:20.289 -04:00 [ERR] Error GetListAgencias via API
System.Net.Http.HttpRequestException: No se puede establecer una conexión ya que el equipo de destino denegó expresamente dicha conexión. (localhost:44322)
 ---> System.Net.Sockets.SocketException (10061): No se puede establecer una conexión ya que el equipo de destino denegó expresamente dicha conexión.
   at System.Net.Sockets.Socket.AwaitableSocketAsyncEventArgs.ThrowException(SocketError error, CancellationToken cancellationToken)
   at System.Net.Sockets.Socket.AwaitableSocketAsyncEventArgs.System.Threading.Tasks.Sources.IValueTaskSource.GetResult(Int16 token)
   at System.Net.Http.HttpConnectionPool.ConnectToTcpHostAsync(String host, Int32 port, HttpRequestMessage initialRequest, Boolean async, CancellationToken cancellationToken)
   --- End of inner exception stack trace ---
   at System.Net.Http.HttpConnectionPool.ConnectToTcpHostAsync(String host, Int32 port, HttpRequestMessage initialRequest, Boolean async, CancellationToken cancellationToken)
   at System.Net.Http.HttpConnectionPool.ConnectAsync(HttpRequestMessage request, Boolean async, CancellationToken cancellationToken)
   at System.Net.Http.HttpConnectionPool.CreateHttp11ConnectionAsync(HttpRequestMessage request, Boolean async, CancellationToken cancellationToken)
   at System.Net.Http.HttpConnectionPool.InjectNewHttp11ConnectionAsync(QueueItem queueItem)
   at System.Threading.Tasks.TaskCompletionSourceWithCancellation`1.WaitWithCancellationAsync(CancellationToken cancellationToken)
   at System.Net.Http.HttpConnectionWaiter`1.WaitForConnectionWithTelemetryAsync(HttpRequestMessage request, HttpConnectionPool pool, Boolean async, CancellationToken requestCancellationToken)
   at System.Net.Http.HttpConnectionPool.SendWithVersionDetectionAndRetryAsync(HttpRequestMessage request, Boolean async, Boolean doRequestAuth, CancellationToken cancellationToken)
   at System.Net.Http.DiagnosticsHandler.SendAsyncCore(HttpRequestMessage request, Boolean async, CancellationToken cancellationToken)
   at System.Net.Http.RedirectHandler.SendAsync(HttpRequestMessage request, Boolean async, CancellationToken cancellationToken)
   at Microsoft.Extensions.Http.Logging.LoggingHttpMessageHandler.<SendCoreAsync>g__Core|4_0(HttpRequestMessage request, Boolean useAsync, CancellationToken cancellationToken)
   at Microsoft.Extensions.Http.Logging.LoggingScopeHttpMessageHandler.<SendCoreAsync>g__Core|4_0(HttpRequestMessage request, Boolean useAsync, CancellationToken cancellationToken)
   at System.Net.Http.HttpClient.<SendAsync>g__Core|83_0(HttpRequestMessage request, HttpCompletionOption completionOption, CancellationTokenSource cts, Boolean disposeCts, CancellationTokenSource pendingRequestsCts, CancellationToken originalCancellationToken)
   at ReportePrematch.Web.Services.Clients.ApiClient.GetAsync[T](String endpoint, CancellationToken ct) in D:\GITHUB\ReportePrematch.Web\ReportePrematch.Web\Services\Clients\ApiClient.cs:line 23
   at ReportePrematch.Web.Services.Clients.ReportesService.GetListAgenciasAsync(String agente, String pais, String role) in D:\GITHUB\ReportePrematch.Web\ReportePrematch.Web\Services\Clients\ReportesService.cs:line 191
2026-08-06 10:46:20.296 -04:00 [INF] HTTP POST /Reportes/GetListAgencias responded 200 in 4149.6733 ms
2026-08-06 10:47:01.633 -04:00 [INF] HTTP GET /Reportes/VentasDetalladasLive responded 200 in 2.1873 ms
2026-08-06 10:47:02.780 -04:00 [INF] HTTP GET /favicon.ico responded 404 in 0.8398 ms
2026-08-06 10:47:03.314 -04:00 [INF] HTTP POST /Reportes/GetListAgencias responded 200 in 1251.3749 ms
2026-08-06 10:47:14.005 -04:00 [ERR] Error GET+QS api/Reportes/VentasDetalladasLive
System.Net.Http.HttpRequestException: Response status code does not indicate success: 404 (Not Found).
   at System.Net.Http.HttpResponseMessage.EnsureSuccessStatusCode()
   at ReportePrematch.Web.Services.Clients.ApiClient.GetQueryAsync[T](String endpoint, Dictionary`2 query, CancellationToken ct) in D:\GITHUB\ReportePrematch.Web\ReportePrematch.Web\Services\Clients\ApiClient.cs:line 47
2026-08-06 10:47:14.090 -04:00 [ERR] HTTP POST /Reportes/GetVentasDetalladasLive responded 500 in 135.1537 ms
System.Net.Http.HttpRequestException: Response status code does not indicate success: 404 (Not Found).
   at System.Net.Http.HttpResponseMessage.EnsureSuccessStatusCode()
   at ReportePrematch.Web.Services.Clients.ApiClient.GetQueryAsync[T](String endpoint, Dictionary`2 query, CancellationToken ct) in D:\GITHUB\ReportePrematch.Web\ReportePrematch.Web\Services\Clients\ApiClient.cs:line 47
   at ReportePrematch.Web.Services.Clients.ReportesService.GetVentasDetalladasLiveAsync(String fechaD, String fechaH, String agente, String pais, String role) in D:\GITHUB\ReportePrematch.Web\ReportePrematch.Web\Services\Clients\ReportesService.cs:line 697
   at ReportePrematch.Web.Controllers.ReportesController.GetVentasDetalladasLive(String fechaD, String fechaH, String agente) in D:\GITHUB\ReportePrematch.Web\ReportePrematch.Web\Controllers\ReportesController.cs:line 446
   at Microsoft.AspNetCore.Mvc.Infrastructure.ActionMethodExecutor.TaskOfIActionResultExecutor.Execute(ActionContext actionContext, IActionResultTypeMapper mapper, ObjectMethodExecutor executor, Object controller, Object[] arguments)
   at Microsoft.AspNetCore.Mvc.Infrastructure.ControllerActionInvoker.<InvokeActionMethodAsync>g__Awaited|12_0(ControllerActionInvoker invoker, ValueTask`1 actionResultValueTask)
   at Microsoft.AspNetCore.Mvc.Infrastructure.ControllerActionInvoker.<InvokeNextActionFilterAsync>g__Awaited|10_0(ControllerActionInvoker invoker, Task lastTask, State next, Scope scope, Object state, Boolean isCompleted)
   at Microsoft.AspNetCore.Mvc.Infrastructure.ControllerActionInvoker.Rethrow(ActionExecutedContextSealed context)
   at Microsoft.AspNetCore.Mvc.Infrastructure.ControllerActionInvoker.Next(State& next, Scope& scope, Object& state, Boolean& isCompleted)
   at Microsoft.AspNetCore.Mvc.Infrastructure.ControllerActionInvoker.<InvokeInnerFilterAsync>g__Awaited|13_0(ControllerActionInvoker invoker, Task lastTask, State next, Scope scope, Object state, Boolean isCompleted)
   at Microsoft.AspNetCore.Mvc.Infrastructure.ResourceInvoker.<InvokeNextResourceFilter>g__Awaited|25_0(ResourceInvoker invoker, Task lastTask, State next, Scope scope, Object state, Boolean isCompleted)
   at Microsoft.AspNetCore.Mvc.Infrastructure.ResourceInvoker.Rethrow(ResourceExecutedContextSealed context)
   at Microsoft.AspNetCore.Mvc.Infrastructure.ResourceInvoker.Next(State& next, Scope& scope, Object& state, Boolean& isCompleted)
   at Microsoft.AspNetCore.Mvc.Infrastructure.ResourceInvoker.<InvokeFilterPipelineAsync>g__Awaited|20_0(ResourceInvoker invoker, Task lastTask, State next, Scope scope, Object state, Boolean isCompleted)
   at Microsoft.AspNetCore.Mvc.Infrastructure.ResourceInvoker.<InvokeAsync>g__Awaited|17_0(ResourceInvoker invoker, Task task, IDisposable scope)
   at Microsoft.AspNetCore.Mvc.Infrastructure.ResourceInvoker.<InvokeAsync>g__Awaited|17_0(ResourceInvoker invoker, Task task, IDisposable scope)
   at Microsoft.AspNetCore.Authorization.AuthorizationMiddleware.Invoke(HttpContext context)
   at Microsoft.AspNetCore.Session.SessionMiddleware.Invoke(HttpContext context)
   at Microsoft.AspNetCore.Session.SessionMiddleware.Invoke(HttpContext context)
   at Serilog.AspNetCore.RequestLoggingMiddleware.Invoke(HttpContext httpContext)
2026-08-06 10:47:14.102 -04:00 [ERR] An unhandled exception has occurred while executing the request.
System.Net.Http.HttpRequestException: Response status code does not indicate success: 404 (Not Found).
   at System.Net.Http.HttpResponseMessage.EnsureSuccessStatusCode()
   at ReportePrematch.Web.Services.Clients.ApiClient.GetQueryAsync[T](String endpoint, Dictionary`2 query, CancellationToken ct) in D:\GITHUB\ReportePrematch.Web\ReportePrematch.Web\Services\Clients\ApiClient.cs:line 47
   at ReportePrematch.Web.Services.Clients.ReportesService.GetVentasDetalladasLiveAsync(String fechaD, String fechaH, String agente, String pais, String role) in D:\GITHUB\ReportePrematch.Web\ReportePrematch.Web\Services\Clients\ReportesService.cs:line 697
   at ReportePrematch.Web.Controllers.ReportesController.GetVentasDetalladasLive(String fechaD, String fechaH, String agente) in D:\GITHUB\ReportePrematch.Web\ReportePrematch.Web\Controllers\ReportesController.cs:line 446
   at Microsoft.AspNetCore.Mvc.Infrastructure.ActionMethodExecutor.TaskOfIActionResultExecutor.Execute(ActionContext actionContext, IActionResultTypeMapper mapper, ObjectMethodExecutor executor, Object controller, Object[] arguments)
   at Microsoft.AspNetCore.Mvc.Infrastructure.ControllerActionInvoker.<InvokeActionMethodAsync>g__Awaited|12_0(ControllerActionInvoker invoker, ValueTask`1 actionResultValueTask)
   at Microsoft.AspNetCore.Mvc.Infrastructure.ControllerActionInvoker.<InvokeNextActionFilterAsync>g__Awaited|10_0(ControllerActionInvoker invoker, Task lastTask, State next, Scope scope, Object state, Boolean isCompleted)
   at Microsoft.AspNetCore.Mvc.Infrastructure.ControllerActionInvoker.Rethrow(ActionExecutedContextSealed context)
   at Microsoft.AspNetCore.Mvc.Infrastructure.ControllerActionInvoker.Next(State& next, Scope& scope, Object& state, Boolean& isCompleted)
   at Microsoft.AspNetCore.Mvc.Infrastructure.ControllerActionInvoker.<InvokeInnerFilterAsync>g__Awaited|13_0(ControllerActionInvoker invoker, Task lastTask, State next, Scope scope, Object state, Boolean isCompleted)
   at Microsoft.AspNetCore.Mvc.Infrastructure.ResourceInvoker.<InvokeNextResourceFilter>g__Awaited|25_0(ResourceInvoker invoker, Task lastTask, State next, Scope scope, Object state, Boolean isCompleted)
   at Microsoft.AspNetCore.Mvc.Infrastructure.ResourceInvoker.Rethrow(ResourceExecutedContextSealed context)
   at Microsoft.AspNetCore.Mvc.Infrastructure.ResourceInvoker.Next(State& next, Scope& scope, Object& state, Boolean& isCompleted)
   at Microsoft.AspNetCore.Mvc.Infrastructure.ResourceInvoker.<InvokeFilterPipelineAsync>g__Awaited|20_0(ResourceInvoker invoker, Task lastTask, State next, Scope scope, Object state, Boolean isCompleted)
   at Microsoft.AspNetCore.Mvc.Infrastructure.ResourceInvoker.<InvokeAsync>g__Awaited|17_0(ResourceInvoker invoker, Task task, IDisposable scope)
   at Microsoft.AspNetCore.Mvc.Infrastructure.ResourceInvoker.<InvokeAsync>g__Awaited|17_0(ResourceInvoker invoker, Task task, IDisposable scope)
   at Microsoft.AspNetCore.Authorization.AuthorizationMiddleware.Invoke(HttpContext context)
   at Microsoft.AspNetCore.Session.SessionMiddleware.Invoke(HttpContext context)
   at Microsoft.AspNetCore.Session.SessionMiddleware.Invoke(HttpContext context)
   at Serilog.AspNetCore.RequestLoggingMiddleware.Invoke(HttpContext httpContext)
   at Microsoft.AspNetCore.Authentication.AuthenticationMiddleware.Invoke(HttpContext context)
   at Microsoft.AspNetCore.Diagnostics.DeveloperExceptionPageMiddlewareImpl.Invoke(HttpContext context)
2026-08-06 10:47:18.111 -04:00 [INF] HTTP GET /.well-known/appspecific/com.chrome.devtools.json responded 404 in 0.7237 ms
2026-08-06 10:47:31.551 -04:00 [ERR] Error GET+QS api/Reportes/VentasDetalladasLive
System.Net.Http.HttpRequestException: Response status code does not indicate success: 404 (Not Found).
   at System.Net.Http.HttpResponseMessage.EnsureSuccessStatusCode()
   at ReportePrematch.Web.Services.Clients.ApiClient.GetQueryAsync[T](String endpoint, Dictionary`2 query, CancellationToken ct) in D:\GITHUB\ReportePrematch.Web\ReportePrematch.Web\Services\Clients\ApiClient.cs:line 47
2026-08-06 10:47:31.622 -04:00 [ERR] HTTP POST /Reportes/GetVentasDetalladasLive responded 500 in 86.7791 ms
System.Net.Http.HttpRequestException: Response status code does not indicate success: 404 (Not Found).
   at System.Net.Http.HttpResponseMessage.EnsureSuccessStatusCode()
   at ReportePrematch.Web.Services.Clients.ApiClient.GetQueryAsync[T](String endpoint, Dictionary`2 query, CancellationToken ct) in D:\GITHUB\ReportePrematch.Web\ReportePrematch.Web\Services\Clients\ApiClient.cs:line 47
   at ReportePrematch.Web.Services.Clients.ReportesService.GetVentasDetalladasLiveAsync(String fechaD, String fechaH, String agente, String pais, String role) in D:\GITHUB\ReportePrematch.Web\ReportePrematch.Web\Services\Clients\ReportesService.cs:line 697
   at ReportePrematch.Web.Controllers.ReportesController.GetVentasDetalladasLive(String fechaD, String fechaH, String agente) in D:\GITHUB\ReportePrematch.Web\ReportePrematch.Web\Controllers\ReportesController.cs:line 446
   at Microsoft.AspNetCore.Mvc.Infrastructure.ActionMethodExecutor.TaskOfIActionResultExecutor.Execute(ActionContext actionContext, IActionResultTypeMapper mapper, ObjectMethodExecutor executor, Object controller, Object[] arguments)
   at Microsoft.AspNetCore.Mvc.Infrastructure.ControllerActionInvoker.<InvokeActionMethodAsync>g__Awaited|12_0(ControllerActionInvoker invoker, ValueTask`1 actionResultValueTask)
   at Microsoft.AspNetCore.Mvc.Infrastructure.ControllerActionInvoker.<InvokeNextActionFilterAsync>g__Awaited|10_0(ControllerActionInvoker invoker, Task lastTask, State next, Scope scope, Object state, Boolean isCompleted)
   at Microsoft.AspNetCore.Mvc.Infrastructure.ControllerActionInvoker.Rethrow(ActionExecutedContextSealed context)
   at Microsoft.AspNetCore.Mvc.Infrastructure.ControllerActionInvoker.Next(State& next, Scope& scope, Object& state, Boolean& isCompleted)
   at Microsoft.AspNetCore.Mvc.Infrastructure.ControllerActionInvoker.<InvokeInnerFilterAsync>g__Awaited|13_0(ControllerActionInvoker invoker, Task lastTask, State next, Scope scope, Object state, Boolean isCompleted)
   at Microsoft.AspNetCore.Mvc.Infrastructure.ResourceInvoker.<InvokeNextResourceFilter>g__Awaited|25_0(ResourceInvoker invoker, Task lastTask, State next, Scope scope, Object state, Boolean isCompleted)
   at Microsoft.AspNetCore.Mvc.Infrastructure.ResourceInvoker.Rethrow(ResourceExecutedContextSealed context)
   at Microsoft.AspNetCore.Mvc.Infrastructure.ResourceInvoker.Next(State& next, Scope& scope, Object& state, Boolean& isCompleted)
   at Microsoft.AspNetCore.Mvc.Infrastructure.ResourceInvoker.<InvokeFilterPipelineAsync>g__Awaited|20_0(ResourceInvoker invoker, Task lastTask, State next, Scope scope, Object state, Boolean isCompleted)
   at Microsoft.AspNetCore.Mvc.Infrastructure.ResourceInvoker.<InvokeAsync>g__Awaited|17_0(ResourceInvoker invoker, Task task, IDisposable scope)
   at Microsoft.AspNetCore.Mvc.Infrastructure.ResourceInvoker.<InvokeAsync>g__Awaited|17_0(ResourceInvoker invoker, Task task, IDisposable scope)
   at Microsoft.AspNetCore.Authorization.AuthorizationMiddleware.Invoke(HttpContext context)
   at Microsoft.AspNetCore.Session.SessionMiddleware.Invoke(HttpContext context)
   at Microsoft.AspNetCore.Session.SessionMiddleware.Invoke(HttpContext context)
   at Serilog.AspNetCore.RequestLoggingMiddleware.Invoke(HttpContext httpContext)
2026-08-06 10:47:31.632 -04:00 [ERR] An unhandled exception has occurred while executing the request.
System.Net.Http.HttpRequestException: Response status code does not indicate success: 404 (Not Found).
   at System.Net.Http.HttpResponseMessage.EnsureSuccessStatusCode()
   at ReportePrematch.Web.Services.Clients.ApiClient.GetQueryAsync[T](String endpoint, Dictionary`2 query, CancellationToken ct) in D:\GITHUB\ReportePrematch.Web\ReportePrematch.Web\Services\Clients\ApiClient.cs:line 47
   at ReportePrematch.Web.Services.Clients.ReportesService.GetVentasDetalladasLiveAsync(String fechaD, String fechaH, String agente, String pais, String role) in D:\GITHUB\ReportePrematch.Web\ReportePrematch.Web\Services\Clients\ReportesService.cs:line 697
   at ReportePrematch.Web.Controllers.ReportesController.GetVentasDetalladasLive(String fechaD, String fechaH, String agente) in D:\GITHUB\ReportePrematch.Web\ReportePrematch.Web\Controllers\ReportesController.cs:line 446
   at Microsoft.AspNetCore.Mvc.Infrastructure.ActionMethodExecutor.TaskOfIActionResultExecutor.Execute(ActionContext actionContext, IActionResultTypeMapper mapper, ObjectMethodExecutor executor, Object controller, Object[] arguments)
   at Microsoft.AspNetCore.Mvc.Infrastructure.ControllerActionInvoker.<InvokeActionMethodAsync>g__Awaited|12_0(ControllerActionInvoker invoker, ValueTask`1 actionResultValueTask)
   at Microsoft.AspNetCore.Mvc.Infrastructure.ControllerActionInvoker.<InvokeNextActionFilterAsync>g__Awaited|10_0(ControllerActionInvoker invoker, Task lastTask, State next, Scope scope, Object state, Boolean isCompleted)
   at Microsoft.AspNetCore.Mvc.Infrastructure.ControllerActionInvoker.Rethrow(ActionExecutedContextSealed context)
   at Microsoft.AspNetCore.Mvc.Infrastructure.ControllerActionInvoker.Next(State& next, Scope& scope, Object& state, Boolean& isCompleted)
   at Microsoft.AspNetCore.Mvc.Infrastructure.ControllerActionInvoker.<InvokeInnerFilterAsync>g__Awaited|13_0(ControllerActionInvoker invoker, Task lastTask, State next, Scope scope, Object state, Boolean isCompleted)
   at Microsoft.AspNetCore.Mvc.Infrastructure.ResourceInvoker.<InvokeNextResourceFilter>g__Awaited|25_0(ResourceInvoker invoker, Task lastTask, State next, Scope scope, Object state, Boolean isCompleted)
   at Microsoft.AspNetCore.Mvc.Infrastructure.ResourceInvoker.Rethrow(ResourceExecutedContextSealed context)
   at Microsoft.AspNetCore.Mvc.Infrastructure.ResourceInvoker.Next(State& next, Scope& scope, Object& state, Boolean& isCompleted)
   at Microsoft.AspNetCore.Mvc.Infrastructure.ResourceInvoker.<InvokeFilterPipelineAsync>g__Awaited|20_0(ResourceInvoker invoker, Task lastTask, State next, Scope scope, Object state, Boolean isCompleted)
   at Microsoft.AspNetCore.Mvc.Infrastructure.ResourceInvoker.<InvokeAsync>g__Awaited|17_0(ResourceInvoker invoker, Task task, IDisposable scope)
   at Microsoft.AspNetCore.Mvc.Infrastructure.ResourceInvoker.<InvokeAsync>g__Awaited|17_0(ResourceInvoker invoker, Task task, IDisposable scope)
   at Microsoft.AspNetCore.Authorization.AuthorizationMiddleware.Invoke(HttpContext context)
   at Microsoft.AspNetCore.Session.SessionMiddleware.Invoke(HttpContext context)
   at Microsoft.AspNetCore.Session.SessionMiddleware.Invoke(HttpContext context)
   at Serilog.AspNetCore.RequestLoggingMiddleware.Invoke(HttpContext httpContext)
   at Microsoft.AspNetCore.Authentication.AuthenticationMiddleware.Invoke(HttpContext context)
   at Microsoft.AspNetCore.Diagnostics.DeveloperExceptionPageMiddlewareImpl.Invoke(HttpContext context)
2026-08-06 12:39:22.988 -04:00 [INF] HTTP GET /Reportes/DeportesMasVendidos responded 302 in 3.7062 ms
2026-08-06 12:39:22.996 -04:00 [INF] HTTP GET / responded 200 in 4.0224 ms
2026-08-06 12:39:23.115 -04:00 [INF] HTTP GET /.well-known/appspecific/com.chrome.devtools.json responded 404 in 0.1881 ms
2026-08-06 12:39:32.673 -04:00 [INF] Login exitoso: vlapenta [Usuario suAdmin]
2026-08-06 12:39:32.679 -04:00 [INF] HTTP POST / responded 302 in 551.3673 ms
2026-08-06 12:39:32.688 -04:00 [INF] HTTP GET /Reportes/VentasPorAgente responded 200 in 2.2564 ms
2026-08-06 12:39:32.786 -04:00 [INF] HTTP GET /.well-known/appspecific/com.chrome.devtools.json responded 404 in 0.1250 ms
2026-08-06 12:39:34.274 -04:00 [INF] HTTP POST /Reportes/GetListAgencias responded 200 in 916.5083 ms
2026-08-06 12:39:51.593 -04:00 [INF] HTTP GET /Reportes/DeportesMasVendidos responded 200 in 54.5551 ms
2026-08-06 12:39:51.677 -04:00 [INF] HTTP GET /.well-known/appspecific/com.chrome.devtools.json responded 404 in 0.2150 ms
2026-08-06 12:39:52.423 -04:00 [INF] HTTP POST /Reportes/GetListAgencias responded 200 in 477.6952 ms
2026-08-06 12:40:02.643 -04:00 [INF] HTTP POST /Reportes/GetDeportesMasVendidosPorDeporte responded 200 in 219.9746 ms
2026-08-06 12:40:09.228 -04:00 [INF] HTTP POST /Reportes/GetDeportesMasVendidosPorDeporte responded 200 in 109.0226 ms
2026-08-06 12:40:24.717 -04:00 [INF] HTTP POST /Reportes/GetDeportesMasVendidosPorDeporte responded 200 in 802.5395 ms
2026-08-06 12:43:06.783 -04:00 [INF] HTTP GET /Reportes/DeportesMasVendidos responded 200 in 2.9886 ms
2026-08-06 12:43:06.886 -04:00 [INF] HTTP GET /.well-known/appspecific/com.chrome.devtools.json responded 404 in 0.2259 ms
2026-08-06 12:43:07.480 -04:00 [INF] HTTP POST /Reportes/GetListAgencias responded 200 in 475.8565 ms
2026-08-06 12:43:19.322 -04:00 [INF] HTTP POST /Reportes/GetDeportesMasVendidosPorDeporte responded 200 in 141.2742 ms
2026-08-06 12:43:26.686 -04:00 [INF] HTTP POST /Reportes/GetDeportesMasVendidosPorDeporte responded 200 in 147.1440 ms
2026-08-06 12:43:34.776 -04:00 [INF] HTTP POST /Reportes/GetDeportesMasVendidosPorDeporte responded 200 in 169.4411 ms
2026-08-06 12:53:40.553 -04:00 [INF] HTTP GET /Reportes/DeportesMasVendidos responded 200 in 1.7188 ms
2026-08-06 12:53:40.629 -04:00 [INF] HTTP GET /.well-known/appspecific/com.chrome.devtools.json responded 404 in 0.2045 ms
2026-08-06 12:53:41.288 -04:00 [INF] HTTP POST /Reportes/GetListAgencias responded 200 in 521.9285 ms
2026-08-06 12:53:48.509 -04:00 [INF] HTTP POST /Reportes/GetDeportesMasVendidosPorDeporte responded 200 in 143.0623 ms
2026-08-06 12:55:01.902 -04:00 [INF] HTTP POST /Reportes/GetDeportesMasVendidosPorDeporte responded 200 in 206.2183 ms
2026-08-06 12:59:11.089 -04:00 [INF] HTTP GET /Reportes/DeportesMasVendidos responded 200 in 24.7545 ms
2026-08-06 12:59:11.226 -04:00 [INF] HTTP GET /.well-known/appspecific/com.chrome.devtools.json responded 404 in 1.1517 ms
2026-08-06 12:59:11.782 -04:00 [INF] HTTP POST /Reportes/GetListAgencias responded 200 in 452.6896 ms
2026-08-06 13:02:25.231 -04:00 [INF] Iniciando ReportePrematch.Web...
2026-08-06 13:02:26.497 -04:00 [INF] HTTP GET / responded 200 in 229.0134 ms
2026-08-06 13:02:43.351 -04:00 [INF] Login exitoso: vlapenta [Usuario suAdmin]
2026-08-06 13:02:43.358 -04:00 [INF] HTTP POST / responded 302 in 655.4262 ms
2026-08-06 13:02:43.466 -04:00 [INF] HTTP GET /Reportes/VentasPorAgente responded 200 in 102.5063 ms
2026-08-06 13:02:44.271 -04:00 [INF] HTTP POST /Reportes/GetListAgencias responded 200 in 574.4524 ms
2026-08-06 13:03:09.627 -04:00 [INF] HTTP GET /Reportes/DeportesMasVendidos responded 200 in 182.2609 ms
2026-08-06 13:03:10.296 -04:00 [INF] HTTP POST /Reportes/GetListAgencias responded 200 in 484.3684 ms
2026-08-06 13:03:32.353 -04:00 [INF] HTTP POST /Reportes/GetDeportesMasVendidosPorDeporte responded 200 in 206.6360 ms
2026-08-06 13:03:32.741 -04:00 [INF] HTTP POST /Reportes/GetDeportesMasVendidosPorAgente responded 200 in 595.2938 ms
2026-08-06 13:07:00.708 -04:00 [INF] HTTP GET /Reportes/DeportesMasVendidos responded 200 in 8738.7815 ms
2026-08-06 13:07:01.709 -04:00 [INF] HTTP POST /Reportes/GetListAgencias responded 200 in 533.8197 ms
2026-08-06 13:07:01.817 -04:00 [INF] HTTP GET /favicon.ico responded 404 in 0.9109 ms
2026-08-06 13:07:18.567 -04:00 [INF] HTTP POST /Reportes/GetDeportesMasVendidosPorDeporte responded 200 in 188.6127 ms
2026-08-06 13:07:18.569 -04:00 [INF] HTTP POST /Reportes/GetDeportesMasVendidosPorAgente responded 200 in 191.1805 ms
2026-08-06 13:11:32.796 -04:00 [INF] Iniciando ReportePrematch.Web...
2026-08-06 13:11:33.723 -04:00 [INF] HTTP GET / responded 200 in 196.8703 ms
2026-08-06 13:11:44.415 -04:00 [INF] Login exitoso: vlapenta [Usuario suAdmin]
2026-08-06 13:11:44.424 -04:00 [INF] HTTP POST / responded 302 in 710.5113 ms
2026-08-06 13:11:44.548 -04:00 [INF] HTTP GET /Reportes/VentasPorAgente responded 200 in 117.3257 ms
2026-08-06 13:11:45.391 -04:00 [INF] HTTP POST /Reportes/GetListAgencias responded 200 in 598.2685 ms
2026-08-06 13:11:51.476 -04:00 [INF] HTTP GET /Reportes/DeportesMasVendidos responded 200 in 21.6005 ms
2026-08-06 13:11:52.075 -04:00 [INF] HTTP POST /Reportes/GetListAgencias responded 200 in 477.6890 ms
2026-08-06 13:12:00.603 -04:00 [INF] HTTP POST /Reportes/GetDeportesMasVendidosPorDeporte responded 200 in 185.1395 ms
2026-08-06 13:12:00.603 -04:00 [INF] HTTP POST /Reportes/GetDeportesMasVendidosPorAgente responded 200 in 185.1394 ms
2026-08-06 13:12:30.731 -04:00 [INF] HTTP GET /Reportes/VentasPorAgenteGameID responded 200 in 23.9612 ms
2026-08-06 13:12:31.426 -04:00 [INF] HTTP POST /Reportes/GetListAgencias responded 200 in 484.5234 ms
2026-08-06 13:26:19.108 -04:00 [INF] HTTP GET /Reportes/VerCierreTaquilla responded 200 in 27.6041 ms
2026-08-06 13:26:20.483 -04:00 [INF] HTTP POST /Reportes/GetListAgencias responded 200 in 1238.4757 ms
2026-08-06 13:26:20.715 -04:00 [INF] HTTP POST /Reportes/GetListAgencias responded 200 in 1470.8350 ms
2026-08-06 13:57:48.869 -04:00 [INF] HTTP GET /Reportes/Props responded 200 in 15.9893 ms
2026-08-06 13:57:50.146 -04:00 [INF] HTTP POST /Reportes/GetListAgencias responded 200 in 1007.7328 ms
2026-08-06 13:58:04.910 -04:00 [INF] HTTP POST /Reportes/GetProps responded 200 in 696.0863 ms
2026-08-06 14:05:50.994 -04:00 [INF] HTTP GET /Reportes/Props responded 200 in 8571.8473 ms
2026-08-06 14:05:52.145 -04:00 [INF] HTTP GET /favicon.ico responded 404 in 1.2129 ms
2026-08-06 14:05:52.688 -04:00 [INF] HTTP POST /Reportes/GetListAgencias responded 200 in 1208.1848 ms
2026-08-06 14:06:03.447 -04:00 [INF] HTTP POST /Reportes/GetProps responded 200 in 977.0395 ms
2026-08-06 14:14:59.590 -04:00 [INF] HTTP GET /Reportes/VentasDetalladasLive responded 200 in 16.7034 ms
2026-08-06 14:15:00.783 -04:00 [INF] HTTP POST /Reportes/GetListAgencias responded 200 in 1018.8880 ms
2026-08-06 14:15:06.583 -04:00 [INF] HTTP GET /Reportes/VentasPorPais responded 200 in 10.5553 ms
2026-08-06 14:15:07.271 -04:00 [INF] HTTP POST /Reportes/GetVentasPorPaisTaq responded 200 in 552.0951 ms
2026-08-06 14:15:19.942 -04:00 [INF] HTTP POST /Reportes/GetVentasPorPaisTaq responded 200 in 635.3506 ms
2026-08-06 14:15:22.975 -04:00 [INF] HTTP POST /Reportes/GetVentasPorPaisWeb responded 200 in 1013.5334 ms
2026-08-06 14:23:52.561 -04:00 [INF] HTTP GET /Reportes/VentasPorPais responded 200 in 1.4579 ms
2026-08-06 14:23:53.625 -04:00 [INF] HTTP POST /Reportes/GetVentasPorPaisTaq responded 200 in 933.3649 ms
2026-08-06 14:27:16.405 -04:00 [INF] HTTP GET /Reportes/VentasPorPais responded 200 in 384.3773 ms
2026-08-06 14:27:17.487 -04:00 [INF] HTTP GET /favicon.ico responded 404 in 0.2380 ms
2026-08-06 14:27:23.169 -04:00 [INF] HTTP GET /Reportes/TicketsEnJuego responded 200 in 14.5642 ms
2026-08-06 14:27:23.928 -04:00 [INF] HTTP POST /Reportes/GetListAgencias responded 200 in 550.4378 ms
2026-08-06 14:27:27.340 -04:00 [INF] HTTP GET /Reportes/VentasPorPais responded 200 in 1.2961 ms
2026-08-06 14:27:37.548 -04:00 [INF] HTTP POST /Reportes/GetVentasPorPaisTaq responded 200 in 585.1458 ms
2026-08-06 14:27:48.253 -04:00 [INF] HTTP POST /Reportes/GetVentasPorPaisTaq responded 200 in 636.1665 ms
2026-08-06 14:27:57.151 -04:00 [INF] HTTP POST /Reportes/GetVentasPorPaisWeb responded 200 in 1007.8669 ms
2026-08-06 14:28:03.771 -04:00 [INF] HTTP GET /Reportes/VentasPorPais responded 200 in 0.7947 ms
2026-08-06 14:28:04.746 -04:00 [INF] HTTP GET /favicon.ico responded 404 in 0.1203 ms
2026-08-06 14:28:20.114 -04:00 [INF] HTTP GET /Reportes/CasinoMaquinitas responded 200 in 24.5685 ms
2026-08-06 14:28:20.747 -04:00 [INF] HTTP POST /Reportes/GetListAgencias responded 200 in 487.2812 ms
2026-08-06 14:28:36.634 -04:00 [ERR] Error GET+QS api/Reportes/CasinoMaquinitas
System.Text.Json.JsonException: The JSON value could not be converted to System.Collections.Generic.List`1[ReportePrematch.Web.Models.ApiReportes.CasinoDto]. Path: $ | LineNumber: 0 | BytePositionInLine: 1.
   at System.Text.Json.ThrowHelper.ThrowJsonException_DeserializeUnableToConvertValue(Type propertyType)
   at System.Text.Json.Serialization.JsonCollectionConverter`2.OnTryRead(Utf8JsonReader& reader, Type typeToConvert, JsonSerializerOptions options, ReadStack& state, TCollection& value)
   at System.Text.Json.Serialization.JsonConverter`1.ReadCore(Utf8JsonReader& reader, T& value, JsonSerializerOptions options, ReadStack& state)
   at System.Text.Json.Serialization.Metadata.JsonTypeInfo`1.ContinueDeserialize[TReadBufferState,TStream](TReadBufferState& bufferState, JsonReaderState& jsonReaderState, ReadStack& readStack, T& value)
   at System.Text.Json.Serialization.Metadata.JsonTypeInfo`1.DeserializeAsync[TReadBufferState,TStream](TStream utf8Json, TReadBufferState bufferState, CancellationToken cancellationToken)
   at System.Net.Http.Json.HttpContentJsonExtensions.ReadFromJsonAsyncCore[T](HttpContent content, JsonSerializerOptions options, CancellationToken cancellationToken)
   at ReportePrematch.Web.Services.Clients.ApiClient.GetQueryAsync[T](String endpoint, Dictionary`2 query, CancellationToken ct) in D:\GITHUB\ReportePrematch.Web\ReportePrematch.Web\Services\Clients\ApiClient.cs:line 48
2026-08-06 14:39:19.182 -04:00 [INF] Iniciando ReportePrematch.Web...
2026-08-06 14:39:20.310 -04:00 [INF] HTTP GET / responded 200 in 222.7166 ms
2026-08-06 14:39:30.516 -04:00 [INF] Login exitoso: vlapenta [Usuario suAdmin]
2026-08-06 14:39:30.522 -04:00 [INF] HTTP POST / responded 302 in 669.1938 ms
2026-08-06 14:39:30.638 -04:00 [INF] HTTP GET /Reportes/VentasPorAgente responded 200 in 108.6570 ms
2026-08-06 14:39:32.212 -04:00 [INF] HTTP POST /Reportes/GetListAgencias responded 200 in 1331.7586 ms
2026-08-06 14:40:04.627 -04:00 [INF] HTTP GET /Reportes/CasinoSlotGrecia responded 200 in 25.6004 ms
2026-08-06 14:40:05.250 -04:00 [INF] HTTP POST /Reportes/GetListAgencias responded 200 in 501.5470 ms
2026-08-06 14:40:22.966 -04:00 [ERR] Error GET+QS api/Reportes/CasinoSlotGrecia
System.Text.Json.JsonException: The JSON value could not be converted to System.Collections.Generic.List`1[ReportePrematch.Web.Models.ApiReportes.CasinoDto]. Path: $ | LineNumber: 0 | BytePositionInLine: 1.
   at System.Text.Json.ThrowHelper.ThrowJsonException_DeserializeUnableToConvertValue(Type propertyType)
   at System.Text.Json.Serialization.JsonCollectionConverter`2.OnTryRead(Utf8JsonReader& reader, Type typeToConvert, JsonSerializerOptions options, ReadStack& state, TCollection& value)
   at System.Text.Json.Serialization.JsonConverter`1.TryRead(Utf8JsonReader& reader, Type typeToConvert, JsonSerializerOptions options, ReadStack& state, T& value, Boolean& isPopulatedValue)
   at System.Text.Json.Serialization.JsonConverter`1.ReadCore(Utf8JsonReader& reader, T& value, JsonSerializerOptions options, ReadStack& state)
   at System.Text.Json.Serialization.Metadata.JsonTypeInfo`1.ContinueDeserialize[TReadBufferState,TStream](TReadBufferState& bufferState, JsonReaderState& jsonReaderState, ReadStack& readStack, T& value)
   at System.Text.Json.Serialization.Metadata.JsonTypeInfo`1.DeserializeAsync[TReadBufferState,TStream](TStream utf8Json, TReadBufferState bufferState, CancellationToken cancellationToken)
   at System.Net.Http.Json.HttpContentJsonExtensions.ReadFromJsonAsyncCore[T](HttpContent content, JsonSerializerOptions options, CancellationToken cancellationToken)
   at ReportePrematch.Web.Services.Clients.ApiClient.GetQueryAsync[T](String endpoint, Dictionary`2 query, CancellationToken ct) in D:\GITHUB\ReportePrematch.Web\ReportePrematch.Web\Services\Clients\ApiClient.cs:line 48
2026-08-06 15:33:45.531 -04:00 [INF] Iniciando ReportePrematch.Web...
2026-08-06 15:33:46.277 -04:00 [INF] HTTP GET / responded 200 in 194.5506 ms
2026-08-06 15:34:07.923 -04:00 [INF] Login exitoso: vlapenta [Usuario suAdmin]
2026-08-06 15:34:07.932 -04:00 [INF] HTTP POST / responded 302 in 723.9634 ms
2026-08-06 15:34:08.054 -04:00 [INF] HTTP GET /Reportes/VentasPorAgente responded 200 in 114.4932 ms
2026-08-06 15:34:09.350 -04:00 [INF] HTTP POST /Reportes/GetListAgencias responded 200 in 1056.8510 ms
2026-08-06 15:34:11.488 -04:00 [INF] HTTP GET /Reportes/IconBet responded 200 in 19.4432 ms
2026-08-06 15:34:12.078 -04:00 [INF] HTTP POST /Reportes/GetListAgencias responded 200 in 463.0392 ms
2026-08-06 15:36:31.695 -04:00 [INF] Iniciando ReportePrematch.Web...
2026-08-06 15:36:32.590 -04:00 [INF] HTTP GET / responded 200 in 197.9938 ms
2026-08-06 15:36:41.982 -04:00 [INF] HTTP POST / responded 200 in 40.7958 ms
2026-08-06 15:36:51.244 -04:00 [INF] Login exitoso: vlapenta [Usuario suAdmin]
2026-08-06 15:36:51.251 -04:00 [INF] HTTP POST / responded 302 in 1615.7438 ms
2026-08-06 15:36:51.358 -04:00 [INF] HTTP GET /Reportes/VentasPorAgente responded 200 in 101.4950 ms
2026-08-06 15:36:52.582 -04:00 [INF] HTTP POST /Reportes/GetListAgencias responded 200 in 982.0438 ms
2026-08-06 15:36:58.989 -04:00 [INF] HTTP GET /Reportes/IconSlot responded 200 in 17.7391 ms
2026-08-06 15:36:59.615 -04:00 [INF] HTTP POST /Reportes/GetListAgencias responded 200 in 508.9643 ms
2026-08-06 16:26:11.059 -04:00 [INF] HTTP GET /Reportes/IconSlot responded 200 in 6.3234 ms
2026-08-06 16:26:12.178 -04:00 [INF] HTTP POST /Reportes/GetListAgencias responded 200 in 859.8825 ms
2026-08-06 16:26:17.653 -04:00 [INF] HTTP GET /Reportes/Poker responded 200 in 17.1891 ms
2026-08-06 16:26:18.336 -04:00 [INF] HTTP POST /Reportes/GetListAgencias responded 200 in 480.6716 ms
2026-08-06 16:26:28.778 -04:00 [ERR] Error GET+QS api/Reportes/Poker
System.Text.Json.JsonException: The JSON value could not be converted to System.Collections.Generic.List`1[ReportePrematch.Web.Models.ApiReportes.CasinoDto]. Path: $ | LineNumber: 0 | BytePositionInLine: 1.
   at System.Text.Json.ThrowHelper.ThrowJsonException_DeserializeUnableToConvertValue(Type propertyType)
   at System.Text.Json.Serialization.JsonCollectionConverter`2.OnTryRead(Utf8JsonReader& reader, Type typeToConvert, JsonSerializerOptions options, ReadStack& state, TCollection& value)
   at System.Text.Json.Serialization.JsonConverter`1.ReadCore(Utf8JsonReader& reader, T& value, JsonSerializerOptions options, ReadStack& state)
   at System.Text.Json.Serialization.Metadata.JsonTypeInfo`1.ContinueDeserialize[TReadBufferState,TStream](TReadBufferState& bufferState, JsonReaderState& jsonReaderState, ReadStack& readStack, T& value)
   at System.Text.Json.Serialization.Metadata.JsonTypeInfo`1.DeserializeAsync[TReadBufferState,TStream](TStream utf8Json, TReadBufferState bufferState, CancellationToken cancellationToken)
   at System.Net.Http.Json.HttpContentJsonExtensions.ReadFromJsonAsyncCore[T](HttpContent content, JsonSerializerOptions options, CancellationToken cancellationToken)
   at ReportePrematch.Web.Services.Clients.ApiClient.GetQueryAsync[T](String endpoint, Dictionary`2 query, CancellationToken ct) in D:\GITHUB\ReportePrematch.Web\ReportePrematch.Web\Services\Clients\ApiClient.cs:line 48
2026-08-06 16:33:07.194 -04:00 [INF] Iniciando ReportePrematch.Web...
2026-08-06 16:33:08.001 -04:00 [INF] HTTP GET / responded 200 in 212.3598 ms
2026-08-06 16:33:16.061 -04:00 [INF] Login exitoso: vlapenta [Usuario suAdmin]
2026-08-06 16:33:16.067 -04:00 [INF] HTTP POST / responded 302 in 640.6794 ms
2026-08-06 16:33:16.186 -04:00 [INF] HTTP GET /Reportes/VentasPorAgente responded 200 in 112.8300 ms
2026-08-06 16:33:17.512 -04:00 [INF] HTTP POST /Reportes/GetListAgencias responded 200 in 1079.5884 ms
2026-08-06 16:33:46.134 -04:00 [INF] HTTP GET /Reportes/Poker responded 200 in 22.6530 ms
2026-08-06 16:33:46.831 -04:00 [INF] HTTP POST /Reportes/GetListAgencias responded 200 in 523.6393 ms
2026-08-06 16:34:20.725 -04:00 [INF] HTTP GET /Reportes/Pragmatic responded 200 in 17.3613 ms
2026-08-06 16:34:21.423 -04:00 [INF] HTTP POST /Reportes/GetListAgencias responded 200 in 583.4140 ms
2026-08-06 16:34:37.727 -04:00 [ERR] Error GET+QS api/Reportes/Pragmatic
System.Text.Json.JsonException: The JSON value could not be converted to System.Collections.Generic.List`1[ReportePrematch.Web.Models.ApiReportes.CasinoDto]. Path: $ | LineNumber: 0 | BytePositionInLine: 1.
   at System.Text.Json.ThrowHelper.ThrowJsonException_DeserializeUnableToConvertValue(Type propertyType)
   at System.Text.Json.Serialization.JsonCollectionConverter`2.OnTryRead(Utf8JsonReader& reader, Type typeToConvert, JsonSerializerOptions options, ReadStack& state, TCollection& value)
   at System.Text.Json.Serialization.JsonConverter`1.TryRead(Utf8JsonReader& reader, Type typeToConvert, JsonSerializerOptions options, ReadStack& state, T& value, Boolean& isPopulatedValue)
   at System.Text.Json.Serialization.JsonConverter`1.ReadCore(Utf8JsonReader& reader, T& value, JsonSerializerOptions options, ReadStack& state)
   at System.Text.Json.Serialization.Metadata.JsonTypeInfo`1.ContinueDeserialize[TReadBufferState,TStream](TReadBufferState& bufferState, JsonReaderState& jsonReaderState, ReadStack& readStack, T& value)
   at System.Text.Json.Serialization.Metadata.JsonTypeInfo`1.DeserializeAsync[TReadBufferState,TStream](TStream utf8Json, TReadBufferState bufferState, CancellationToken cancellationToken)
   at System.Net.Http.Json.HttpContentJsonExtensions.ReadFromJsonAsyncCore[T](HttpContent content, JsonSerializerOptions options, CancellationToken cancellationToken)
   at ReportePrematch.Web.Services.Clients.ApiClient.GetQueryAsync[T](String endpoint, Dictionary`2 query, CancellationToken ct) in D:\GITHUB\ReportePrematch.Web\ReportePrematch.Web\Services\Clients\ApiClient.cs:line 48
2026-08-06 16:59:47.878 -04:00 [INF] Iniciando ReportePrematch.Web...
2026-08-06 16:59:48.669 -04:00 [INF] HTTP GET / responded 200 in 195.0792 ms
2026-08-06 17:00:00.201 -04:00 [INF] Login exitoso: vlapenta [Usuario suAdmin]
2026-08-06 17:00:00.207 -04:00 [INF] HTTP POST / responded 302 in 661.6655 ms
2026-08-06 17:00:00.316 -04:00 [INF] HTTP GET /Reportes/VentasPorAgente responded 200 in 103.3178 ms
2026-08-06 17:00:01.642 -04:00 [INF] HTTP POST /Reportes/GetListAgencias responded 200 in 1106.3949 ms
2026-08-06 17:00:09.720 -04:00 [INF] HTTP GET /Reportes/Pragmatic responded 200 in 26.0926 ms
2026-08-06 17:00:10.313 -04:00 [INF] HTTP POST /Reportes/GetListAgencias responded 200 in 489.3756 ms
2026-08-06 17:02:47.452 -04:00 [INF] HTTP GET /Reportes/VirtualesBR responded 200 in 16.0871 ms
2026-08-06 17:02:48.160 -04:00 [INF] HTTP POST /Reportes/GetListAgencias responded 200 in 520.9483 ms
2026-08-06 17:06:32.421 -04:00 [INF] HTTP GET /Reportes/Pragmatic responded 200 in 1.8308 ms
2026-08-06 17:06:33.587 -04:00 [INF] HTTP POST /Reportes/GetListAgencias responded 200 in 1040.2729 ms
2026-08-06 17:10:47.922 -04:00 [INF] HTTP GET /Reportes/VirtualesBR responded 200 in 1.5085 ms
2026-08-06 17:10:49.073 -04:00 [INF] HTTP POST /Reportes/GetListAgencias responded 200 in 1001.2101 ms
2026-08-06 17:33:33.671 -04:00 [INF] HTTP GET /Reportes/VirtualesCaribe responded 200 in 19.5912 ms
2026-08-06 17:33:34.930 -04:00 [INF] HTTP POST /Reportes/GetListAgencias responded 200 in 1042.1205 ms
2026-08-06 18:32:31.693 -04:00 [INF] HTTP GET /Reportes/Pragmatic responded 200 in 2.3926 ms
2026-08-06 18:32:33.081 -04:00 [INF] HTTP POST /Reportes/GetListAgencias responded 200 in 1030.2105 ms
2026-08-06 18:32:43.740 -04:00 [INF] HTTP POST /Reportes/GetPragmatic responded 200 in 219.4350 ms
2026-08-06 18:35:07.234 -04:00 [INF] HTTP GET /Reportes/Pragmatic responded 200 in 2104.0796 ms
2026-08-06 18:35:08.146 -04:00 [INF] HTTP POST /Reportes/GetListAgencias responded 200 in 527.5081 ms
2026-08-06 18:35:08.318 -04:00 [INF] HTTP GET /favicon.ico responded 404 in 0.7702 ms
2026-08-06 18:35:26.203 -04:00 [INF] HTTP POST /Reportes/GetPragmatic responded 200 in 174.2493 ms
2026-08-06 18:40:31.041 -04:00 [INF] HTTP GET /Reportes/VirtualesCaribe responded 200 in 2.1474 ms
2026-08-06 18:40:32.573 -04:00 [INF] HTTP POST /Reportes/GetListAgencias responded 200 in 1315.5963 ms
2026-08-06 18:41:06.399 -04:00 [INF] HTTP GET /Reportes/Aviatrix responded 200 in 23.2346 ms
2026-08-06 18:41:07.123 -04:00 [INF] HTTP POST /Reportes/GetListAgencias responded 200 in 514.0961 ms
2026-08-06 18:44:01.867 -04:00 [INF] HTTP GET /Reportes/Pragmatic responded 200 in 31.0712 ms
2026-08-06 18:44:02.516 -04:00 [INF] HTTP POST /Reportes/GetListAgencias responded 200 in 537.7276 ms
2026-08-06 18:44:09.227 -04:00 [INF] HTTP POST /Reportes/GetPragmatic responded 200 in 657.3465 ms
2026-08-06 18:46:03.385 -04:00 [INF] HTTP GET /Reportes/Aviatrix responded 200 in 1.2114 ms
2026-08-06 18:46:04.120 -04:00 [INF] HTTP POST /Reportes/GetListAgencias responded 200 in 528.7003 ms
2026-08-06 18:46:24.523 -04:00 [INF] HTTP POST /Reportes/GetAviatrix responded 200 in 163.0413 ms
2026-08-06 18:48:25.398 -04:00 [INF] HTTP GET /Reportes/Aviatrix responded 200 in 338.9949 ms
2026-08-06 18:48:26.333 -04:00 [INF] HTTP POST /Reportes/GetListAgencias responded 200 in 512.7110 ms
2026-08-06 18:48:26.641 -04:00 [INF] HTTP GET /favicon.ico responded 404 in 0.1583 ms
2026-08-06 18:48:44.752 -04:00 [INF] HTTP POST /Reportes/GetAviatrix responded 200 in 164.8754 ms
2026-08-06 18:50:48.703 -04:00 [INF] HTTP GET /Reportes/Hipismo responded 200 in 16.1492 ms
2026-08-06 18:50:49.426 -04:00 [INF] HTTP POST /Reportes/GetListAgencias responded 200 in 522.3865 ms
2026-08-06 18:52:37.055 -04:00 [INF] SOAP ejecutarQuerys db=2 sql[682]=SELECT h.Agente, c.Usuario,
  (SELECT SUM(th.Monto) FROM TransaccionHipismo AS th
   WHERE th.idCliente=h.idCliente AND …
2026-08-06 18:52:37.945 -04:00 [ERR] Error SOAP ejecutarQuerys db=2
System.Net.Http.HttpRequestException: Response status code does not indicate success: 500 (Internal Server Error).
   at System.Net.Http.HttpResponseMessage.EnsureSuccessStatusCode()
   at ReportePrematch.Web.Services.Clients.ReportesService.EjecutarQuerysAsync(String sql, Int32 db) in D:\GITHUB\ReportePrematch.Web\ReportePrematch.Web\Services\Clients\ReportesService.cs:line 98
2026-08-06 18:52:38.053 -04:00 [ERR] HTTP POST /Reportes/GetHipismo responded 500 in 1026.3148 ms
System.Net.Http.HttpRequestException: Response status code does not indicate success: 500 (Internal Server Error).
   at System.Net.Http.HttpResponseMessage.EnsureSuccessStatusCode()
   at ReportePrematch.Web.Services.Clients.ReportesService.EjecutarQuerysAsync(String sql, Int32 db) in D:\GITHUB\ReportePrematch.Web\ReportePrematch.Web\Services\Clients\ReportesService.cs:line 98
   at ReportePrematch.Web.Services.Clients.ReportesService.GetHipismoAsync(String fechaD, String fechaH, String agente, String pais, String role) in D:\GITHUB\ReportePrematch.Web\ReportePrematch.Web\Services\Clients\ReportesService.cs:line 842
   at ReportePrematch.Web.Controllers.ReportesController.GetHipismo(String fechaD, String fechaH, String agente) in D:\GITHUB\ReportePrematch.Web\ReportePrematch.Web\Controllers\ReportesController.cs:line 558
   at Microsoft.AspNetCore.Mvc.Infrastructure.ActionMethodExecutor.TaskOfIActionResultExecutor.Execute(ActionContext actionContext, IActionResultTypeMapper mapper, ObjectMethodExecutor executor, Object controller, Object[] arguments)
   at Microsoft.AspNetCore.Mvc.Infrastructure.ControllerActionInvoker.<InvokeActionMethodAsync>g__Awaited|12_0(ControllerActionInvoker invoker, ValueTask`1 actionResultValueTask)
   at Microsoft.AspNetCore.Mvc.Infrastructure.ControllerActionInvoker.<InvokeNextActionFilterAsync>g__Awaited|10_0(ControllerActionInvoker invoker, Task lastTask, State next, Scope scope, Object state, Boolean isCompleted)
   at Microsoft.AspNetCore.Mvc.Infrastructure.ControllerActionInvoker.Rethrow(ActionExecutedContextSealed context)
   at Microsoft.AspNetCore.Mvc.Infrastructure.ControllerActionInvoker.Next(State& next, Scope& scope, Object& state, Boolean& isCompleted)
   at Microsoft.AspNetCore.Mvc.Infrastructure.ControllerActionInvoker.<InvokeInnerFilterAsync>g__Awaited|13_0(ControllerActionInvoker invoker, Task lastTask, State next, Scope scope, Object state, Boolean isCompleted)
   at Microsoft.AspNetCore.Mvc.Infrastructure.ResourceInvoker.<InvokeNextResourceFilter>g__Awaited|25_0(ResourceInvoker invoker, Task lastTask, State next, Scope scope, Object state, Boolean isCompleted)
   at Microsoft.AspNetCore.Mvc.Infrastructure.ResourceInvoker.Rethrow(ResourceExecutedContextSealed context)
   at Microsoft.AspNetCore.Mvc.Infrastructure.ResourceInvoker.Next(State& next, Scope& scope, Object& state, Boolean& isCompleted)
   at Microsoft.AspNetCore.Mvc.Infrastructure.ResourceInvoker.<InvokeFilterPipelineAsync>g__Awaited|20_0(ResourceInvoker invoker, Task lastTask, State next, Scope scope, Object state, Boolean isCompleted)
   at Microsoft.AspNetCore.Mvc.Infrastructure.ResourceInvoker.<InvokeAsync>g__Awaited|17_0(ResourceInvoker invoker, Task task, IDisposable scope)
   at Microsoft.AspNetCore.Mvc.Infrastructure.ResourceInvoker.<InvokeAsync>g__Awaited|17_0(ResourceInvoker invoker, Task task, IDisposable scope)
   at Microsoft.AspNetCore.Authorization.AuthorizationMiddleware.Invoke(HttpContext context)
   at Microsoft.AspNetCore.Session.SessionMiddleware.Invoke(HttpContext context)
   at Microsoft.AspNetCore.Session.SessionMiddleware.Invoke(HttpContext context)
   at Serilog.AspNetCore.RequestLoggingMiddleware.Invoke(HttpContext httpContext)
2026-08-06 18:52:38.071 -04:00 [ERR] An unhandled exception has occurred while executing the request.
System.Net.Http.HttpRequestException: Response status code does not indicate success: 500 (Internal Server Error).
   at System.Net.Http.HttpResponseMessage.EnsureSuccessStatusCode()
   at ReportePrematch.Web.Services.Clients.ReportesService.EjecutarQuerysAsync(String sql, Int32 db) in D:\GITHUB\ReportePrematch.Web\ReportePrematch.Web\Services\Clients\ReportesService.cs:line 98
   at ReportePrematch.Web.Services.Clients.ReportesService.GetHipismoAsync(String fechaD, String fechaH, String agente, String pais, String role) in D:\GITHUB\ReportePrematch.Web\ReportePrematch.Web\Services\Clients\ReportesService.cs:line 842
   at ReportePrematch.Web.Controllers.ReportesController.GetHipismo(String fechaD, String fechaH, String agente) in D:\GITHUB\ReportePrematch.Web\ReportePrematch.Web\Controllers\ReportesController.cs:line 558
   at Microsoft.AspNetCore.Mvc.Infrastructure.ActionMethodExecutor.TaskOfIActionResultExecutor.Execute(ActionContext actionContext, IActionResultTypeMapper mapper, ObjectMethodExecutor executor, Object controller, Object[] arguments)
   at Microsoft.AspNetCore.Mvc.Infrastructure.ControllerActionInvoker.<InvokeActionMethodAsync>g__Awaited|12_0(ControllerActionInvoker invoker, ValueTask`1 actionResultValueTask)
   at Microsoft.AspNetCore.Mvc.Infrastructure.ControllerActionInvoker.<InvokeNextActionFilterAsync>g__Awaited|10_0(ControllerActionInvoker invoker, Task lastTask, State next, Scope scope, Object state, Boolean isCompleted)
   at Microsoft.AspNetCore.Mvc.Infrastructure.ControllerActionInvoker.Rethrow(ActionExecutedContextSealed context)
   at Microsoft.AspNetCore.Mvc.Infrastructure.ControllerActionInvoker.Next(State& next, Scope& scope, Object& state, Boolean& isCompleted)
   at Microsoft.AspNetCore.Mvc.Infrastructure.ControllerActionInvoker.<InvokeInnerFilterAsync>g__Awaited|13_0(ControllerActionInvoker invoker, Task lastTask, State next, Scope scope, Object state, Boolean isCompleted)
   at Microsoft.AspNetCore.Mvc.Infrastructure.ResourceInvoker.<InvokeNextResourceFilter>g__Awaited|25_0(ResourceInvoker invoker, Task lastTask, State next, Scope scope, Object state, Boolean isCompleted)
   at Microsoft.AspNetCore.Mvc.Infrastructure.ResourceInvoker.Rethrow(ResourceExecutedContextSealed context)
   at Microsoft.AspNetCore.Mvc.Infrastructure.ResourceInvoker.Next(State& next, Scope& scope, Object& state, Boolean& isCompleted)
   at Microsoft.AspNetCore.Mvc.Infrastructure.ResourceInvoker.<InvokeFilterPipelineAsync>g__Awaited|20_0(ResourceInvoker invoker, Task lastTask, State next, Scope scope, Object state, Boolean isCompleted)
   at Microsoft.AspNetCore.Mvc.Infrastructure.ResourceInvoker.<InvokeAsync>g__Awaited|17_0(ResourceInvoker invoker, Task task, IDisposable scope)
   at Microsoft.AspNetCore.Mvc.Infrastructure.ResourceInvoker.<InvokeAsync>g__Awaited|17_0(ResourceInvoker invoker, Task task, IDisposable scope)
   at Microsoft.AspNetCore.Authorization.AuthorizationMiddleware.Invoke(HttpContext context)
   at Microsoft.AspNetCore.Session.SessionMiddleware.Invoke(HttpContext context)
   at Microsoft.AspNetCore.Session.SessionMiddleware.Invoke(HttpContext context)
   at Serilog.AspNetCore.RequestLoggingMiddleware.Invoke(HttpContext httpContext)
   at Microsoft.AspNetCore.Authentication.AuthenticationMiddleware.Invoke(HttpContext context)
   at Microsoft.AspNetCore.Diagnostics.DeveloperExceptionPageMiddlewareImpl.Invoke(HttpContext context)
2026-08-06 19:19:15.228 -04:00 [INF] HTTP GET /Reportes/CasinoSlotGrecia responded 200 in 17.2399 ms
2026-08-06 19:19:16.483 -04:00 [INF] HTTP POST /Reportes/GetListAgencias responded 200 in 986.2137 ms
2026-08-06 19:19:19.925 -04:00 [INF] HTTP GET /Reportes/CasinoSlotRusia responded 200 in 14.2295 ms
2026-08-06 19:19:20.509 -04:00 [INF] HTTP POST /Reportes/GetListAgencias responded 200 in 450.6284 ms
2026-08-06 19:23:49.768 -04:00 [INF] Iniciando ReportePrematch.Web...
2026-08-06 19:23:50.486 -04:00 [INF] HTTP GET / responded 200 in 197.4194 ms
2026-08-06 19:24:22.133 -04:00 [INF] Login exitoso: vlapenta [Usuario suAdmin]
2026-08-06 19:24:22.141 -04:00 [INF] HTTP POST / responded 302 in 1382.3967 ms
2026-08-06 19:24:22.288 -04:00 [INF] HTTP GET /Reportes/VentasPorAgente responded 200 in 139.3459 ms
2026-08-06 19:24:23.705 -04:00 [INF] HTTP POST /Reportes/GetListAgencias responded 200 in 1160.7363 ms
2026-08-06 19:24:26.090 -04:00 [INF] HTTP GET /Reportes/Hipismo responded 200 in 22.9231 ms
2026-08-06 19:24:27.043 -04:00 [INF] HTTP POST /Reportes/GetListAgencias responded 200 in 771.0872 ms
2026-08-06 19:24:49.199 -04:00 [INF] HTTP POST /Reportes/GetHipismo responded 200 in 2237.5422 ms
2026-08-06 19:25:05.868 -04:00 [INF] HTTP POST /Reportes/GetHipismo responded 200 in 2063.4322 ms
2026-08-06 19:25:15.432 -04:00 [INF] HTTP POST /Reportes/GetHipismo responded 200 in 2220.9659 ms
2026-08-06 19:25:26.789 -04:00 [INF] HTTP POST /Reportes/GetHipismo responded 200 in 2065.1932 ms
2026-08-06 19:25:35.900 -04:00 [INF] HTTP POST /Reportes/GetHipismo responded 200 in 2214.8263 ms
2026-08-06 19:25:44.389 -04:00 [INF] HTTP POST /Reportes/GetHipismo responded 200 in 2210.4882 ms
2026-08-06 19:25:51.098 -04:00 [INF] HTTP POST /Reportes/GetHipismo responded 200 in 2156.7389 ms
2026-08-06 19:26:00.743 -04:00 [INF] HTTP POST /Reportes/GetHipismo responded 200 in 2211.6734 ms
2026-08-06 19:26:07.242 -04:00 [INF] HTTP POST /Reportes/GetHipismo responded 200 in 2182.3455 ms
2026-08-06 19:26:13.987 -04:00 [INF] HTTP POST /Reportes/GetDetallesHipismo responded 200 in 1374.5947 ms
2026-08-06 19:28:05.696 -04:00 [INF] HTTP GET /Reportes/Hipismo responded 200 in 2104.4248 ms
2026-08-06 19:28:06.871 -04:00 [INF] HTTP GET /favicon.ico responded 404 in 0.8350 ms
2026-08-06 19:28:07.276 -04:00 [INF] HTTP POST /Reportes/GetListAgencias responded 200 in 1113.7923 ms
2026-08-06 19:28:22.003 -04:00 [INF] HTTP POST /Reportes/GetHipismo responded 200 in 2187.3511 ms
2026-08-06 19:28:29.533 -04:00 [INF] HTTP POST /Reportes/GetDetallesHipismo responded 200 in 889.2569 ms
2026-08-06 19:37:14.817 -04:00 [INF] HTTP GET /Reportes/Hipismo responded 200 in 384.8932 ms
2026-08-06 19:37:16.031 -04:00 [INF] HTTP GET /favicon.ico responded 404 in 0.2109 ms
2026-08-06 19:37:16.358 -04:00 [INF] HTTP POST /Reportes/GetListAgencias responded 200 in 1006.4151 ms
2026-08-06 19:37:33.633 -04:00 [INF] HTTP POST /Reportes/GetHipismo responded 200 in 1912.2156 ms
2026-08-06 19:37:36.463 -04:00 [INF] HTTP POST /Reportes/GetDetallesHipismo responded 200 in 1264.3171 ms
2026-08-06 19:38:43.206 -04:00 [INF] HTTP GET /Reportes/VirtualesBR responded 200 in 23.8681 ms
2026-08-06 19:38:43.888 -04:00 [INF] HTTP POST /Reportes/GetListAgencias responded 200 in 520.6396 ms
2026-08-06 19:38:59.670 -04:00 [INF] HTTP POST /Reportes/GetVirtualesBR responded 200 in 800.5411 ms
2026-08-06 19:44:35.166 -04:00 [INF] HTTP GET /Reportes/VirtualesBR responded 200 in 490.0318 ms
2026-08-06 19:44:36.725 -04:00 [INF] HTTP GET /favicon.ico responded 404 in 0.2145 ms
2026-08-06 19:44:36.936 -04:00 [INF] HTTP POST /Reportes/GetListAgencias responded 200 in 1002.6686 ms
2026-08-06 19:44:50.104 -04:00 [INF] HTTP POST /Reportes/GetVirtualesBR responded 200 in 1268.3774 ms
2026-08-06 19:46:34.213 -04:00 [INF] HTTP GET /Reportes/VirtualesBR responded 200 in 390.6103 ms
2026-08-06 19:46:35.058 -04:00 [INF] HTTP POST /Reportes/GetListAgencias responded 200 in 550.7293 ms
2026-08-06 19:46:35.256 -04:00 [INF] HTTP GET /favicon.ico responded 404 in 0.0850 ms
2026-08-06 19:49:09.596 -04:00 [INF] HTTP GET /Reportes/CasinoSlotGrecia responded 200 in 19.1186 ms
2026-08-06 19:49:10.330 -04:00 [INF] HTTP POST /Reportes/GetListAgencias responded 200 in 539.7430 ms
2026-08-06 19:52:29.425 -04:00 [INF] HTTP GET /Reportes/CasinoSlotGrecia responded 200 in 1.5374 ms
2026-08-06 19:52:30.036 -04:00 [INF] HTTP POST /Reportes/GetListAgencias responded 200 in 493.9304 ms
2026-08-06 20:02:57.873 -04:00 [INF] HTTP GET /Reportes/CasinoSlotRusia responded 200 in 209.6544 ms
2026-08-06 20:02:59.136 -04:00 [INF] HTTP POST /Reportes/GetListAgencias responded 200 in 1011.9718 ms
2026-08-06 20:07:16.843 -04:00 [INF] HTTP GET /Reportes/IconSlot responded 200 in 17.6591 ms
2026-08-06 20:07:17.608 -04:00 [INF] HTTP POST /Reportes/GetListAgencias responded 200 in 476.7661 ms
2026-08-06 20:08:54.707 -04:00 [INF] HTTP GET /Reportes/IconBet responded 200 in 15.0345 ms
2026-08-06 20:08:55.338 -04:00 [INF] HTTP POST /Reportes/GetListAgencias responded 200 in 508.3470 ms
2026-08-06 20:11:14.434 -04:00 [INF] HTTP GET /Reportes/IconBet responded 200 in 1.4837 ms
2026-08-06 20:11:15.086 -04:00 [INF] HTTP POST /Reportes/GetListAgencias responded 200 in 528.3601 ms
2026-08-06 20:19:03.412 -04:00 [INF] HTTP GET /Home/Dashboard responded 200 in 32.4405 ms
2026-08-06 20:19:06.820 -04:00 [ERR] Error GET+QS api/Reportes/VentasPorAgenteTaq
System.Net.Http.HttpRequestException: An error occurred while sending the request.
 ---> System.IO.IOException: Unable to read data from the transport connection: Se ha forzado la interrupción de una conexión existente por el host remoto..
 ---> System.Net.Sockets.SocketException (10054): Se ha forzado la interrupción de una conexión existente por el host remoto.
   --- End of inner exception stack trace ---
   at System.Net.Sockets.Socket.AwaitableSocketAsyncEventArgs.System.Threading.Tasks.Sources.IValueTaskSource<System.Int32>.GetResult(Int16 token)
   at System.Net.Security.SslStream.EnsureFullTlsFrameAsync[TIOAdapter](CancellationToken cancellationToken, Int32 estimatedSize)
   at System.Runtime.CompilerServices.PoolingAsyncValueTaskMethodBuilder`1.StateMachineBox`1.System.Threading.Tasks.Sources.IValueTaskSource<TResult>.GetResult(Int16 token)
   at System.Net.Security.SslStream.ReadAsyncInternal[TIOAdapter](Memory`1 buffer, CancellationToken cancellationToken)
   at System.Runtime.CompilerServices.PoolingAsyncValueTaskMethodBuilder`1.StateMachineBox`1.System.Threading.Tasks.Sources.IValueTaskSource<TResult>.GetResult(Int16 token)
   at System.Net.Http.HttpConnection.InitialFillAsync(Boolean async)
   at System.Net.Http.HttpConnection.SendAsync(HttpRequestMessage request, Boolean async, CancellationToken cancellationToken)
   --- End of inner exception stack trace ---
   at System.Net.Http.HttpConnection.SendAsync(HttpRequestMessage request, Boolean async, CancellationToken cancellationToken)
   at System.Net.Http.HttpConnectionPool.SendWithVersionDetectionAndRetryAsync(HttpRequestMessage request, Boolean async, Boolean doRequestAuth, CancellationToken cancellationToken)
   at System.Net.Http.DiagnosticsHandler.SendAsyncCore(HttpRequestMessage request, Boolean async, CancellationToken cancellationToken)
   at System.Net.Http.RedirectHandler.SendAsync(HttpRequestMessage request, Boolean async, CancellationToken cancellationToken)
   at Microsoft.Extensions.Http.Logging.LoggingHttpMessageHandler.<SendCoreAsync>g__Core|4_0(HttpRequestMessage request, Boolean useAsync, CancellationToken cancellationToken)
   at Microsoft.Extensions.Http.Logging.LoggingScopeHttpMessageHandler.<SendCoreAsync>g__Core|4_0(HttpRequestMessage request, Boolean useAsync, CancellationToken cancellationToken)
   at System.Net.Http.HttpClient.<SendAsync>g__Core|83_0(HttpRequestMessage request, HttpCompletionOption completionOption, CancellationTokenSource cts, Boolean disposeCts, CancellationTokenSource pendingRequestsCts, CancellationToken originalCancellationToken)
   at ReportePrematch.Web.Services.Clients.ApiClient.GetQueryAsync[T](String endpoint, Dictionary`2 query, CancellationToken ct) in D:\GITHUB\ReportePrematch.Web\ReportePrematch.Web\Services\Clients\ApiClient.cs:line 46
2026-08-06 20:19:06.820 -04:00 [ERR] Error GET+QS api/Reportes/VentasPorAgenteWeb
System.Net.Http.HttpRequestException: An error occurred while sending the request.
 ---> System.IO.IOException: Unable to read data from the transport connection: Se ha forzado la interrupción de una conexión existente por el host remoto..
 ---> System.Net.Sockets.SocketException (10054): Se ha forzado la interrupción de una conexión existente por el host remoto.
   --- End of inner exception stack trace ---
   at System.Net.Sockets.Socket.AwaitableSocketAsyncEventArgs.System.Threading.Tasks.Sources.IValueTaskSource<System.Int32>.GetResult(Int16 token)
   at System.Net.Security.SslStream.EnsureFullTlsFrameAsync[TIOAdapter](CancellationToken cancellationToken, Int32 estimatedSize)
   at System.Runtime.CompilerServices.PoolingAsyncValueTaskMethodBuilder`1.StateMachineBox`1.System.Threading.Tasks.Sources.IValueTaskSource<TResult>.GetResult(Int16 token)
   at System.Net.Security.SslStream.ReadAsyncInternal[TIOAdapter](Memory`1 buffer, CancellationToken cancellationToken)
   at System.Runtime.CompilerServices.PoolingAsyncValueTaskMethodBuilder`1.StateMachineBox`1.System.Threading.Tasks.Sources.IValueTaskSource<TResult>.GetResult(Int16 token)
   at System.Net.Http.HttpConnection.InitialFillAsync(Boolean async)
   at System.Net.Http.HttpConnection.SendAsync(HttpRequestMessage request, Boolean async, CancellationToken cancellationToken)
   --- End of inner exception stack trace ---
   at System.Net.Http.HttpConnection.SendAsync(HttpRequestMessage request, Boolean async, CancellationToken cancellationToken)
   at System.Net.Http.HttpConnectionPool.SendWithVersionDetectionAndRetryAsync(HttpRequestMessage request, Boolean async, Boolean doRequestAuth, CancellationToken cancellationToken)
   at System.Net.Http.DiagnosticsHandler.SendAsyncCore(HttpRequestMessage request, Boolean async, CancellationToken cancellationToken)
   at System.Net.Http.RedirectHandler.SendAsync(HttpRequestMessage request, Boolean async, CancellationToken cancellationToken)
   at System.Net.Http.SocketsHttpHandler.<SendAsync>g__CreateHandlerAndSendAsync|115_0(HttpRequestMessage request, CancellationToken cancellationToken)
   at Microsoft.Extensions.Http.Logging.LoggingHttpMessageHandler.<SendCoreAsync>g__Core|4_0(HttpRequestMessage request, Boolean useAsync, CancellationToken cancellationToken)
   at Microsoft.Extensions.Http.Logging.LoggingScopeHttpMessageHandler.<SendCoreAsync>g__Core|4_0(HttpRequestMessage request, Boolean useAsync, CancellationToken cancellationToken)
   at System.Net.Http.HttpClient.<SendAsync>g__Core|83_0(HttpRequestMessage request, HttpCompletionOption completionOption, CancellationTokenSource cts, Boolean disposeCts, CancellationTokenSource pendingRequestsCts, CancellationToken originalCancellationToken)
   at ReportePrematch.Web.Services.Clients.ApiClient.GetQueryAsync[T](String endpoint, Dictionary`2 query, CancellationToken ct) in D:\GITHUB\ReportePrematch.Web\ReportePrematch.Web\Services\Clients\ApiClient.cs:line 46
2026-08-06 20:19:07.030 -04:00 [ERR] HTTP POST /Reportes/GetVentasPorAgenteTaq responded 500 in 3400.8500 ms
System.Net.Http.HttpRequestException: An error occurred while sending the request.
 ---> System.IO.IOException: Unable to read data from the transport connection: Se ha forzado la interrupción de una conexión existente por el host remoto..
 ---> System.Net.Sockets.SocketException (10054): Se ha forzado la interrupción de una conexión existente por el host remoto.
   --- End of inner exception stack trace ---
   at System.Net.Sockets.Socket.AwaitableSocketAsyncEventArgs.System.Threading.Tasks.Sources.IValueTaskSource<System.Int32>.GetResult(Int16 token)
   at System.Net.Security.SslStream.EnsureFullTlsFrameAsync[TIOAdapter](CancellationToken cancellationToken, Int32 estimatedSize)
   at System.Runtime.CompilerServices.PoolingAsyncValueTaskMethodBuilder`1.StateMachineBox`1.System.Threading.Tasks.Sources.IValueTaskSource<TResult>.GetResult(Int16 token)
   at System.Net.Security.SslStream.ReadAsyncInternal[TIOAdapter](Memory`1 buffer, CancellationToken cancellationToken)
   at System.Runtime.CompilerServices.PoolingAsyncValueTaskMethodBuilder`1.StateMachineBox`1.System.Threading.Tasks.Sources.IValueTaskSource<TResult>.GetResult(Int16 token)
   at System.Net.Http.HttpConnection.InitialFillAsync(Boolean async)
   at System.Net.Http.HttpConnection.SendAsync(HttpRequestMessage request, Boolean async, CancellationToken cancellationToken)
   --- End of inner exception stack trace ---
   at System.Net.Http.HttpConnection.SendAsync(HttpRequestMessage request, Boolean async, CancellationToken cancellationToken)
   at System.Net.Http.HttpConnectionPool.SendWithVersionDetectionAndRetryAsync(HttpRequestMessage request, Boolean async, Boolean doRequestAuth, CancellationToken cancellationToken)
   at System.Net.Http.DiagnosticsHandler.SendAsyncCore(HttpRequestMessage request, Boolean async, CancellationToken cancellationToken)
   at System.Net.Http.RedirectHandler.SendAsync(HttpRequestMessage request, Boolean async, CancellationToken cancellationToken)
   at Microsoft.Extensions.Http.Logging.LoggingHttpMessageHandler.<SendCoreAsync>g__Core|4_0(HttpRequestMessage request, Boolean useAsync, CancellationToken cancellationToken)
   at Microsoft.Extensions.Http.Logging.LoggingScopeHttpMessageHandler.<SendCoreAsync>g__Core|4_0(HttpRequestMessage request, Boolean useAsync, CancellationToken cancellationToken)
   at System.Net.Http.HttpClient.<SendAsync>g__Core|83_0(HttpRequestMessage request, HttpCompletionOption completionOption, CancellationTokenSource cts, Boolean disposeCts, CancellationTokenSource pendingRequestsCts, CancellationToken originalCancellationToken)
   at ReportePrematch.Web.Services.Clients.ApiClient.GetQueryAsync[T](String endpoint, Dictionary`2 query, CancellationToken ct) in D:\GITHUB\ReportePrematch.Web\ReportePrematch.Web\Services\Clients\ApiClient.cs:line 46
   at ReportePrematch.Web.Services.Clients.ReportesService.GetVentasPorAgenteTaqAsync(String fechaD, String fechaH, String agente, String local, String pais, String role) in D:\GITHUB\ReportePrematch.Web\ReportePrematch.Web\Services\Clients\ReportesService.cs:line 928
   at ReportePrematch.Web.Controllers.ReportesController.GetVentasPorAgenteTaq(String fechaD, String fechaH, String agente) in D:\GITHUB\ReportePrematch.Web\ReportePrematch.Web\Controllers\ReportesController.cs:line 75
   at Microsoft.AspNetCore.Mvc.Infrastructure.ActionMethodExecutor.TaskOfIActionResultExecutor.Execute(ActionContext actionContext, IActionResultTypeMapper mapper, ObjectMethodExecutor executor, Object controller, Object[] arguments)
   at Microsoft.AspNetCore.Mvc.Infrastructure.ControllerActionInvoker.<InvokeActionMethodAsync>g__Awaited|12_0(ControllerActionInvoker invoker, ValueTask`1 actionResultValueTask)
   at Microsoft.AspNetCore.Mvc.Infrastructure.ControllerActionInvoker.<InvokeNextActionFilterAsync>g__Awaited|10_0(ControllerActionInvoker invoker, Task lastTask, State next, Scope scope, Object state, Boolean isCompleted)
   at Microsoft.AspNetCore.Mvc.Infrastructure.ControllerActionInvoker.Rethrow(ActionExecutedContextSealed context)
   at Microsoft.AspNetCore.Mvc.Infrastructure.ControllerActionInvoker.Next(State& next, Scope& scope, Object& state, Boolean& isCompleted)
   at Microsoft.AspNetCore.Mvc.Infrastructure.ControllerActionInvoker.<InvokeInnerFilterAsync>g__Awaited|13_0(ControllerActionInvoker invoker, Task lastTask, State next, Scope scope, Object state, Boolean isCompleted)
   at Microsoft.AspNetCore.Mvc.Infrastructure.ResourceInvoker.<InvokeNextResourceFilter>g__Awaited|25_0(ResourceInvoker invoker, Task lastTask, State next, Scope scope, Object state, Boolean isCompleted)
   at Microsoft.AspNetCore.Mvc.Infrastructure.ResourceInvoker.Rethrow(ResourceExecutedContextSealed context)
   at Microsoft.AspNetCore.Mvc.Infrastructure.ResourceInvoker.Next(State& next, Scope& scope, Object& state, Boolean& isCompleted)
   at Microsoft.AspNetCore.Mvc.Infrastructure.ResourceInvoker.<InvokeFilterPipelineAsync>g__Awaited|20_0(ResourceInvoker invoker, Task lastTask, State next, Scope scope, Object state, Boolean isCompleted)
   at Microsoft.AspNetCore.Mvc.Infrastructure.ResourceInvoker.<InvokeAsync>g__Awaited|17_0(ResourceInvoker invoker, Task task, IDisposable scope)
   at Microsoft.AspNetCore.Mvc.Infrastructure.ResourceInvoker.<InvokeAsync>g__Awaited|17_0(ResourceInvoker invoker, Task task, IDisposable scope)
   at Microsoft.AspNetCore.Authorization.AuthorizationMiddleware.Invoke(HttpContext context)
   at Microsoft.AspNetCore.Session.SessionMiddleware.Invoke(HttpContext context)
   at Microsoft.AspNetCore.Session.SessionMiddleware.Invoke(HttpContext context)
   at Serilog.AspNetCore.RequestLoggingMiddleware.Invoke(HttpContext httpContext)
2026-08-06 20:19:07.125 -04:00 [ERR] HTTP POST /Reportes/GetVentasPorAgenteWeb responded 500 in 3495.5511 ms
System.Net.Http.HttpRequestException: An error occurred while sending the request.
 ---> System.IO.IOException: Unable to read data from the transport connection: Se ha forzado la interrupción de una conexión existente por el host remoto..
 ---> System.Net.Sockets.SocketException (10054): Se ha forzado la interrupción de una conexión existente por el host remoto.
   --- End of inner exception stack trace ---
   at System.Net.Sockets.Socket.AwaitableSocketAsyncEventArgs.System.Threading.Tasks.Sources.IValueTaskSource<System.Int32>.GetResult(Int16 token)
   at System.Net.Security.SslStream.EnsureFullTlsFrameAsync[TIOAdapter](CancellationToken cancellationToken, Int32 estimatedSize)
   at System.Runtime.CompilerServices.PoolingAsyncValueTaskMethodBuilder`1.StateMachineBox`1.System.Threading.Tasks.Sources.IValueTaskSource<TResult>.GetResult(Int16 token)
   at System.Net.Security.SslStream.ReadAsyncInternal[TIOAdapter](Memory`1 buffer, CancellationToken cancellationToken)
   at System.Runtime.CompilerServices.PoolingAsyncValueTaskMethodBuilder`1.StateMachineBox`1.System.Threading.Tasks.Sources.IValueTaskSource<TResult>.GetResult(Int16 token)
   at System.Net.Http.HttpConnection.InitialFillAsync(Boolean async)
   at System.Net.Http.HttpConnection.SendAsync(HttpRequestMessage request, Boolean async, CancellationToken cancellationToken)
   --- End of inner exception stack trace ---
   at System.Net.Http.HttpConnection.SendAsync(HttpRequestMessage request, Boolean async, CancellationToken cancellationToken)
   at System.Net.Http.HttpConnectionPool.SendWithVersionDetectionAndRetryAsync(HttpRequestMessage request, Boolean async, Boolean doRequestAuth, CancellationToken cancellationToken)
   at System.Net.Http.DiagnosticsHandler.SendAsyncCore(HttpRequestMessage request, Boolean async, CancellationToken cancellationToken)
   at System.Net.Http.RedirectHandler.SendAsync(HttpRequestMessage request, Boolean async, CancellationToken cancellationToken)
   at System.Net.Http.SocketsHttpHandler.<SendAsync>g__CreateHandlerAndSendAsync|115_0(HttpRequestMessage request, CancellationToken cancellationToken)
   at Microsoft.Extensions.Http.Logging.LoggingHttpMessageHandler.<SendCoreAsync>g__Core|4_0(HttpRequestMessage request, Boolean useAsync, CancellationToken cancellationToken)
   at Microsoft.Extensions.Http.Logging.LoggingScopeHttpMessageHandler.<SendCoreAsync>g__Core|4_0(HttpRequestMessage request, Boolean useAsync, CancellationToken cancellationToken)
   at System.Net.Http.HttpClient.<SendAsync>g__Core|83_0(HttpRequestMessage request, HttpCompletionOption completionOption, CancellationTokenSource cts, Boolean disposeCts, CancellationTokenSource pendingRequestsCts, CancellationToken originalCancellationToken)
   at ReportePrematch.Web.Services.Clients.ApiClient.GetQueryAsync[T](String endpoint, Dictionary`2 query, CancellationToken ct) in D:\GITHUB\ReportePrematch.Web\ReportePrematch.Web\Services\Clients\ApiClient.cs:line 46
   at ReportePrematch.Web.Services.Clients.ReportesService.GetVentasPorAgenteWebAsync(String fechaD, String fechaH, String agente, String pais, String role) in D:\GITHUB\ReportePrematch.Web\ReportePrematch.Web\Services\Clients\ReportesService.cs:line 912
   at ReportePrematch.Web.Controllers.ReportesController.GetVentasPorAgenteWeb(String fechaD, String fechaH, String agente) in D:\GITHUB\ReportePrematch.Web\ReportePrematch.Web\Controllers\ReportesController.cs:line 64
   at Microsoft.AspNetCore.Mvc.Infrastructure.ActionMethodExecutor.TaskOfIActionResultExecutor.Execute(ActionContext actionContext, IActionResultTypeMapper mapper, ObjectMethodExecutor executor, Object controller, Object[] arguments)
   at Microsoft.AspNetCore.Mvc.Infrastructure.ControllerActionInvoker.<InvokeActionMethodAsync>g__Awaited|12_0(ControllerActionInvoker invoker, ValueTask`1 actionResultValueTask)
   at Microsoft.AspNetCore.Mvc.Infrastructure.ControllerActionInvoker.<InvokeNextActionFilterAsync>g__Awaited|10_0(ControllerActionInvoker invoker, Task lastTask, State next, Scope scope, Object state, Boolean isCompleted)
   at Microsoft.AspNetCore.Mvc.Infrastructure.ControllerActionInvoker.Rethrow(ActionExecutedContextSealed context)
   at Microsoft.AspNetCore.Mvc.Infrastructure.ControllerActionInvoker.Next(State& next, Scope& scope, Object& state, Boolean& isCompleted)
   at Microsoft.AspNetCore.Mvc.Infrastructure.ControllerActionInvoker.<InvokeInnerFilterAsync>g__Awaited|13_0(ControllerActionInvoker invoker, Task lastTask, State next, Scope scope, Object state, Boolean isCompleted)
   at Microsoft.AspNetCore.Mvc.Infrastructure.ResourceInvoker.<InvokeNextResourceFilter>g__Awaited|25_0(ResourceInvoker invoker, Task lastTask, State next, Scope scope, Object state, Boolean isCompleted)
   at Microsoft.AspNetCore.Mvc.Infrastructure.ResourceInvoker.Rethrow(ResourceExecutedContextSealed context)
   at Microsoft.AspNetCore.Mvc.Infrastructure.ResourceInvoker.Next(State& next, Scope& scope, Object& state, Boolean& isCompleted)
   at Microsoft.AspNetCore.Mvc.Infrastructure.ResourceInvoker.<InvokeFilterPipelineAsync>g__Awaited|20_0(ResourceInvoker invoker, Task lastTask, State next, Scope scope, Object state, Boolean isCompleted)
   at Microsoft.AspNetCore.Mvc.Infrastructure.ResourceInvoker.<InvokeAsync>g__Awaited|17_0(ResourceInvoker invoker, Task task, IDisposable scope)
   at Microsoft.AspNetCore.Mvc.Infrastructure.ResourceInvoker.<InvokeAsync>g__Awaited|17_0(ResourceInvoker invoker, Task task, IDisposable scope)
   at Microsoft.AspNetCore.Authorization.AuthorizationMiddleware.Invoke(HttpContext context)
   at Microsoft.AspNetCore.Session.SessionMiddleware.Invoke(HttpContext context)
   at Microsoft.AspNetCore.Session.SessionMiddleware.Invoke(HttpContext context)
   at Serilog.AspNetCore.RequestLoggingMiddleware.Invoke(HttpContext httpContext)
2026-08-06 20:19:07.136 -04:00 [ERR] An unhandled exception has occurred while executing the request.
System.Net.Http.HttpRequestException: An error occurred while sending the request.
 ---> System.IO.IOException: Unable to read data from the transport connection: Se ha forzado la interrupción de una conexión existente por el host remoto..
 ---> System.Net.Sockets.SocketException (10054): Se ha forzado la interrupción de una conexión existente por el host remoto.
   --- End of inner exception stack trace ---
   at System.Net.Sockets.Socket.AwaitableSocketAsyncEventArgs.System.Threading.Tasks.Sources.IValueTaskSource<System.Int32>.GetResult(Int16 token)
   at System.Net.Security.SslStream.EnsureFullTlsFrameAsync[TIOAdapter](CancellationToken cancellationToken, Int32 estimatedSize)
   at System.Runtime.CompilerServices.PoolingAsyncValueTaskMethodBuilder`1.StateMachineBox`1.System.Threading.Tasks.Sources.IValueTaskSource<TResult>.GetResult(Int16 token)
   at System.Net.Security.SslStream.ReadAsyncInternal[TIOAdapter](Memory`1 buffer, CancellationToken cancellationToken)
   at System.Runtime.CompilerServices.PoolingAsyncValueTaskMethodBuilder`1.StateMachineBox`1.System.Threading.Tasks.Sources.IValueTaskSource<TResult>.GetResult(Int16 token)
   at System.Net.Http.HttpConnection.InitialFillAsync(Boolean async)
   at System.Net.Http.HttpConnection.SendAsync(HttpRequestMessage request, Boolean async, CancellationToken cancellationToken)
   --- End of inner exception stack trace ---
   at System.Net.Http.HttpConnection.SendAsync(HttpRequestMessage request, Boolean async, CancellationToken cancellationToken)
   at System.Net.Http.HttpConnectionPool.SendWithVersionDetectionAndRetryAsync(HttpRequestMessage request, Boolean async, Boolean doRequestAuth, CancellationToken cancellationToken)
   at System.Net.Http.DiagnosticsHandler.SendAsyncCore(HttpRequestMessage request, Boolean async, CancellationToken cancellationToken)
   at System.Net.Http.RedirectHandler.SendAsync(HttpRequestMessage request, Boolean async, CancellationToken cancellationToken)
   at Microsoft.Extensions.Http.Logging.LoggingHttpMessageHandler.<SendCoreAsync>g__Core|4_0(HttpRequestMessage request, Boolean useAsync, CancellationToken cancellationToken)
   at Microsoft.Extensions.Http.Logging.LoggingScopeHttpMessageHandler.<SendCoreAsync>g__Core|4_0(HttpRequestMessage request, Boolean useAsync, CancellationToken cancellationToken)
   at System.Net.Http.HttpClient.<SendAsync>g__Core|83_0(HttpRequestMessage request, HttpCompletionOption completionOption, CancellationTokenSource cts, Boolean disposeCts, CancellationTokenSource pendingRequestsCts, CancellationToken originalCancellationToken)
   at ReportePrematch.Web.Services.Clients.ApiClient.GetQueryAsync[T](String endpoint, Dictionary`2 query, CancellationToken ct) in D:\GITHUB\ReportePrematch.Web\ReportePrematch.Web\Services\Clients\ApiClient.cs:line 46
   at ReportePrematch.Web.Services.Clients.ReportesService.GetVentasPorAgenteTaqAsync(String fechaD, String fechaH, String agente, String local, String pais, String role) in D:\GITHUB\ReportePrematch.Web\ReportePrematch.Web\Services\Clients\ReportesService.cs:line 928
   at ReportePrematch.Web.Controllers.ReportesController.GetVentasPorAgenteTaq(String fechaD, String fechaH, String agente) in D:\GITHUB\ReportePrematch.Web\ReportePrematch.Web\Controllers\ReportesController.cs:line 75
   at Microsoft.AspNetCore.Mvc.Infrastructure.ActionMethodExecutor.TaskOfIActionResultExecutor.Execute(ActionContext actionContext, IActionResultTypeMapper mapper, ObjectMethodExecutor executor, Object controller, Object[] arguments)
   at Microsoft.AspNetCore.Mvc.Infrastructure.ControllerActionInvoker.<InvokeActionMethodAsync>g__Awaited|12_0(ControllerActionInvoker invoker, ValueTask`1 actionResultValueTask)
   at Microsoft.AspNetCore.Mvc.Infrastructure.ControllerActionInvoker.<InvokeNextActionFilterAsync>g__Awaited|10_0(ControllerActionInvoker invoker, Task lastTask, State next, Scope scope, Object state, Boolean isCompleted)
   at Microsoft.AspNetCore.Mvc.Infrastructure.ControllerActionInvoker.Rethrow(ActionExecutedContextSealed context)
   at Microsoft.AspNetCore.Mvc.Infrastructure.ControllerActionInvoker.Next(State& next, Scope& scope, Object& state, Boolean& isCompleted)
   at Microsoft.AspNetCore.Mvc.Infrastructure.ControllerActionInvoker.<InvokeInnerFilterAsync>g__Awaited|13_0(ControllerActionInvoker invoker, Task lastTask, State next, Scope scope, Object state, Boolean isCompleted)
   at Microsoft.AspNetCore.Mvc.Infrastructure.ResourceInvoker.<InvokeNextResourceFilter>g__Awaited|25_0(ResourceInvoker invoker, Task lastTask, State next, Scope scope, Object state, Boolean isCompleted)
   at Microsoft.AspNetCore.Mvc.Infrastructure.ResourceInvoker.Rethrow(ResourceExecutedContextSealed context)
   at Microsoft.AspNetCore.Mvc.Infrastructure.ResourceInvoker.Next(State& next, Scope& scope, Object& state, Boolean& isCompleted)
   at Microsoft.AspNetCore.Mvc.Infrastructure.ResourceInvoker.<InvokeFilterPipelineAsync>g__Awaited|20_0(ResourceInvoker invoker, Task lastTask, State next, Scope scope, Object state, Boolean isCompleted)
   at Microsoft.AspNetCore.Mvc.Infrastructure.ResourceInvoker.<InvokeAsync>g__Awaited|17_0(ResourceInvoker invoker, Task task, IDisposable scope)
   at Microsoft.AspNetCore.Mvc.Infrastructure.ResourceInvoker.<InvokeAsync>g__Awaited|17_0(ResourceInvoker invoker, Task task, IDisposable scope)
   at Microsoft.AspNetCore.Authorization.AuthorizationMiddleware.Invoke(HttpContext context)
   at Microsoft.AspNetCore.Session.SessionMiddleware.Invoke(HttpContext context)
   at Microsoft.AspNetCore.Session.SessionMiddleware.Invoke(HttpContext context)
   at Serilog.AspNetCore.RequestLoggingMiddleware.Invoke(HttpContext httpContext)
   at Microsoft.AspNetCore.Authentication.AuthenticationMiddleware.Invoke(HttpContext context)
   at Microsoft.AspNetCore.Diagnostics.DeveloperExceptionPageMiddlewareImpl.Invoke(HttpContext context)
2026-08-06 20:19:07.143 -04:00 [ERR] An unhandled exception has occurred while executing the request.
System.Net.Http.HttpRequestException: An error occurred while sending the request.
 ---> System.IO.IOException: Unable to read data from the transport connection: Se ha forzado la interrupción de una conexión existente por el host remoto..
 ---> System.Net.Sockets.SocketException (10054): Se ha forzado la interrupción de una conexión existente por el host remoto.
   --- End of inner exception stack trace ---
   at System.Net.Sockets.Socket.AwaitableSocketAsyncEventArgs.System.Threading.Tasks.Sources.IValueTaskSource<System.Int32>.GetResult(Int16 token)
   at System.Net.Security.SslStream.EnsureFullTlsFrameAsync[TIOAdapter](CancellationToken cancellationToken, Int32 estimatedSize)
   at System.Runtime.CompilerServices.PoolingAsyncValueTaskMethodBuilder`1.StateMachineBox`1.System.Threading.Tasks.Sources.IValueTaskSource<TResult>.GetResult(Int16 token)
   at System.Net.Security.SslStream.ReadAsyncInternal[TIOAdapter](Memory`1 buffer, CancellationToken cancellationToken)
   at System.Runtime.CompilerServices.PoolingAsyncValueTaskMethodBuilder`1.StateMachineBox`1.System.Threading.Tasks.Sources.IValueTaskSource<TResult>.GetResult(Int16 token)
   at System.Net.Http.HttpConnection.InitialFillAsync(Boolean async)
   at System.Net.Http.HttpConnection.SendAsync(HttpRequestMessage request, Boolean async, CancellationToken cancellationToken)
   --- End of inner exception stack trace ---
   at System.Net.Http.HttpConnection.SendAsync(HttpRequestMessage request, Boolean async, CancellationToken cancellationToken)
   at System.Net.Http.HttpConnectionPool.SendWithVersionDetectionAndRetryAsync(HttpRequestMessage request, Boolean async, Boolean doRequestAuth, CancellationToken cancellationToken)
   at System.Net.Http.DiagnosticsHandler.SendAsyncCore(HttpRequestMessage request, Boolean async, CancellationToken cancellationToken)
   at System.Net.Http.RedirectHandler.SendAsync(HttpRequestMessage request, Boolean async, CancellationToken cancellationToken)
   at System.Net.Http.SocketsHttpHandler.<SendAsync>g__CreateHandlerAndSendAsync|115_0(HttpRequestMessage request, CancellationToken cancellationToken)
   at Microsoft.Extensions.Http.Logging.LoggingHttpMessageHandler.<SendCoreAsync>g__Core|4_0(HttpRequestMessage request, Boolean useAsync, CancellationToken cancellationToken)
   at Microsoft.Extensions.Http.Logging.LoggingScopeHttpMessageHandler.<SendCoreAsync>g__Core|4_0(HttpRequestMessage request, Boolean useAsync, CancellationToken cancellationToken)
   at System.Net.Http.HttpClient.<SendAsync>g__Core|83_0(HttpRequestMessage request, HttpCompletionOption completionOption, CancellationTokenSource cts, Boolean disposeCts, CancellationTokenSource pendingRequestsCts, CancellationToken originalCancellationToken)
   at ReportePrematch.Web.Services.Clients.ApiClient.GetQueryAsync[T](String endpoint, Dictionary`2 query, CancellationToken ct) in D:\GITHUB\ReportePrematch.Web\ReportePrematch.Web\Services\Clients\ApiClient.cs:line 46
   at ReportePrematch.Web.Services.Clients.ReportesService.GetVentasPorAgenteWebAsync(String fechaD, String fechaH, String agente, String pais, String role) in D:\GITHUB\ReportePrematch.Web\ReportePrematch.Web\Services\Clients\ReportesService.cs:line 912
   at ReportePrematch.Web.Controllers.ReportesController.GetVentasPorAgenteWeb(String fechaD, String fechaH, String agente) in D:\GITHUB\ReportePrematch.Web\ReportePrematch.Web\Controllers\ReportesController.cs:line 64
   at Microsoft.AspNetCore.Mvc.Infrastructure.ActionMethodExecutor.TaskOfIActionResultExecutor.Execute(ActionContext actionContext, IActionResultTypeMapper mapper, ObjectMethodExecutor executor, Object controller, Object[] arguments)
   at Microsoft.AspNetCore.Mvc.Infrastructure.ControllerActionInvoker.<InvokeActionMethodAsync>g__Awaited|12_0(ControllerActionInvoker invoker, ValueTask`1 actionResultValueTask)
   at Microsoft.AspNetCore.Mvc.Infrastructure.ControllerActionInvoker.<InvokeNextActionFilterAsync>g__Awaited|10_0(ControllerActionInvoker invoker, Task lastTask, State next, Scope scope, Object state, Boolean isCompleted)
   at Microsoft.AspNetCore.Mvc.Infrastructure.ControllerActionInvoker.Rethrow(ActionExecutedContextSealed context)
   at Microsoft.AspNetCore.Mvc.Infrastructure.ControllerActionInvoker.Next(State& next, Scope& scope, Object& state, Boolean& isCompleted)
   at Microsoft.AspNetCore.Mvc.Infrastructure.ControllerActionInvoker.<InvokeInnerFilterAsync>g__Awaited|13_0(ControllerActionInvoker invoker, Task lastTask, State next, Scope scope, Object state, Boolean isCompleted)
   at Microsoft.AspNetCore.Mvc.Infrastructure.ResourceInvoker.<InvokeNextResourceFilter>g__Awaited|25_0(ResourceInvoker invoker, Task lastTask, State next, Scope scope, Object state, Boolean isCompleted)
   at Microsoft.AspNetCore.Mvc.Infrastructure.ResourceInvoker.Rethrow(ResourceExecutedContextSealed context)
   at Microsoft.AspNetCore.Mvc.Infrastructure.ResourceInvoker.Next(State& next, Scope& scope, Object& state, Boolean& isCompleted)
   at Microsoft.AspNetCore.Mvc.Infrastructure.ResourceInvoker.<InvokeFilterPipelineAsync>g__Awaited|20_0(ResourceInvoker invoker, Task lastTask, State next, Scope scope, Object state, Boolean isCompleted)
   at Microsoft.AspNetCore.Mvc.Infrastructure.ResourceInvoker.<InvokeAsync>g__Awaited|17_0(ResourceInvoker invoker, Task task, IDisposable scope)
   at Microsoft.AspNetCore.Mvc.Infrastructure.ResourceInvoker.<InvokeAsync>g__Awaited|17_0(ResourceInvoker invoker, Task task, IDisposable scope)
   at Microsoft.AspNetCore.Authorization.AuthorizationMiddleware.Invoke(HttpContext context)
   at Microsoft.AspNetCore.Session.SessionMiddleware.Invoke(HttpContext context)
   at Microsoft.AspNetCore.Session.SessionMiddleware.Invoke(HttpContext context)
   at Serilog.AspNetCore.RequestLoggingMiddleware.Invoke(HttpContext httpContext)
   at Microsoft.AspNetCore.Authentication.AuthenticationMiddleware.Invoke(HttpContext context)
   at Microsoft.AspNetCore.Diagnostics.DeveloperExceptionPageMiddlewareImpl.Invoke(HttpContext context)
2026-08-06 20:20:23.013 -04:00 [INF] HTTP GET /Reportes/CasinoSlotRusia responded 200 in 1.9253 ms
2026-08-06 20:20:24.580 -04:00 [INF] HTTP POST /Reportes/GetListAgencias responded 200 in 1360.0734 ms
2026-08-06 20:21:25.366 -04:00 [INF] HTTP GET /Reportes/CasinoSlotRusia responded 200 in 204.3217 ms
2026-08-06 20:21:26.353 -04:00 [INF] HTTP POST /Reportes/GetListAgencias responded 200 in 546.6975 ms
2026-08-06 20:21:26.510 -04:00 [INF] HTTP GET /favicon.ico responded 404 in 0.0992 ms
2026-08-06 20:23:19.995 -04:00 [INF] HTTP GET /Reportes/CasinoSlotRusia responded 200 in 180.0898 ms
2026-08-06 20:23:20.797 -04:00 [INF] HTTP POST /Reportes/GetListAgencias responded 200 in 487.9989 ms
2026-08-06 20:23:20.991 -04:00 [INF] HTTP GET /favicon.ico responded 404 in 0.1018 ms
2026-08-06 20:23:29.691 -04:00 [INF] HTTP GET /Reportes/IconSlot responded 200 in 1.2300 ms
2026-08-06 20:23:30.466 -04:00 [INF] HTTP POST /Reportes/GetListAgencias responded 200 in 542.2084 ms
2026-08-06 20:35:25.550 -04:00 [INF] HTTP GET /Reportes/IconSlot responded 200 in 2.3516 ms
2026-08-06 20:35:26.773 -04:00 [INF] HTTP POST /Reportes/GetListAgencias responded 200 in 1080.5237 ms
2026-08-06 20:35:36.648 -04:00 [INF] HTTP GET /.well-known/appspecific/com.chrome.devtools.json responded 404 in 0.4930 ms
2026-08-06 20:37:43.303 -04:00 [INF] HTTP GET /Reportes/IconSlot responded 200 in 191.7040 ms
2026-08-06 20:37:43.432 -04:00 [INF] HTTP GET /.well-known/appspecific/com.chrome.devtools.json responded 404 in 0.1136 ms
2026-08-06 20:37:44.422 -04:00 [INF] HTTP POST /Reportes/GetListAgencias responded 200 in 542.5291 ms
2026-08-06 20:37:44.574 -04:00 [INF] HTTP GET /favicon.ico responded 404 in 0.1508 ms
2026-08-06 20:37:47.955 -04:00 [INF] HTTP GET /Reportes/IconSlot responded 200 in 1.3936 ms
2026-08-06 20:37:48.113 -04:00 [INF] HTTP GET /.well-known/appspecific/com.chrome.devtools.json responded 404 in 0.0808 ms
2026-08-06 20:37:48.720 -04:00 [INF] HTTP POST /Reportes/GetListAgencias responded 200 in 504.1883 ms
