2026-08-04 19:32:06.435 -04:00 [INF] Iniciando ReportePrematch.Web...
2026-08-04 19:32:10.439 -04:00 [INF] HTTP GET / responded 200 in 697.0381 ms
2026-08-04 19:32:13.600 -04:00 [INF] HTTP GET /favicon.ico responded 404 in 8.5924 ms
2026-08-04 19:33:27.437 -04:00 [INF] Login exitoso: vlapenta [Usuario suAdmin]
2026-08-04 19:33:27.448 -04:00 [INF] HTTP POST / responded 302 in 1431.6718 ms
2026-08-04 19:33:27.735 -04:00 [INF] HTTP GET /Reportes/VentasPorAgenteTaq responded 200 in 276.7681 ms
2026-08-04 19:33:31.004 -04:00 [INF] HTTP POST /Reportes/GetListAgencias responded 200 in 2205.0294 ms
2026-08-04 19:33:42.078 -04:00 [INF] HTTP GET /Reportes/EstadisticasTaq responded 200 in 68.9575 ms
2026-08-04 19:33:43.196 -04:00 [INF] HTTP POST /Reportes/GetListAgencias responded 200 in 752.7083 ms
2026-08-04 19:33:47.892 -04:00 [INF] HTTP GET /Reportes/EstadisticasWeb responded 200 in 29.3402 ms
2026-08-04 19:33:48.751 -04:00 [INF] HTTP POST /Reportes/GetListAgencias responded 200 in 647.4908 ms
2026-08-04 19:33:59.417 -04:00 [INF] HTTP GET /Reportes/EstadisticasWeb responded 200 in 1.9155 ms
2026-08-04 19:34:00.182 -04:00 [INF] HTTP POST /Reportes/GetListAgencias responded 200 in 553.1035 ms
2026-08-04 19:34:05.482 -04:00 [INF] HTTP GET /Reportes/EstadisticasTaq responded 200 in 1.7998 ms
2026-08-04 19:34:06.200 -04:00 [INF] HTTP POST /Reportes/GetListAgencias responded 200 in 505.6448 ms
2026-08-04 19:41:17.655 -04:00 [INF] SOAP ejecutarQuerys db=2 sql[796]=SELECT
    UPPER(LTRIM(RTRIM(c.deporte)))                            AS Categoria,
    COUNT(DISTINCT a.ticket)         …
2026-08-04 19:41:19.007 -04:00 [ERR] Error SOAP ejecutarQuerys db=2
System.Net.Http.HttpRequestException: Response status code does not indicate success: 500 (Internal Server Error).
   at System.Net.Http.HttpResponseMessage.EnsureSuccessStatusCode()
   at ReportePrematch.Web.Services.Clients.ReportesService.EjecutarQuerysAsync(String sql, Int32 db) in D:\GITHUB\ReportePrematch.Web\ReportePrematch.Web\Services\Clients\ReportesService.cs:line 98
2026-08-04 19:41:19.330 -04:00 [ERR] HTTP POST /Reportes/GetEstadisticasTaq responded 500 in 1712.5181 ms
System.Net.Http.HttpRequestException: Response status code does not indicate success: 500 (Internal Server Error).
   at System.Net.Http.HttpResponseMessage.EnsureSuccessStatusCode()
   at ReportePrematch.Web.Services.Clients.ReportesService.EjecutarQuerysAsync(String sql, Int32 db) in D:\GITHUB\ReportePrematch.Web\ReportePrematch.Web\Services\Clients\ReportesService.cs:line 98
   at ReportePrematch.Web.Services.Clients.ReportesService.GetEstadisticasTaqAsync(String fechaD, String fechaH, String agente, String local, String pais, String role) in D:\GITHUB\ReportePrematch.Web\ReportePrematch.Web\Services\Clients\ReportesService.cs:line 795
   at ReportePrematch.Web.Controllers.ReportesController.GetEstadisticasTaq(String fechaD, String fechaH, String agente) in D:\GITHUB\ReportePrematch.Web\ReportePrematch.Web\Controllers\ReportesController.cs:line 476
   at Microsoft.AspNetCore.Mvc.Infrastructure.ActionMethodExecutor.TaskOfIActionResultExecutor.Execute(ActionContext actionContext, IActionResultTypeMapper mapper, ObjectMethodExecutor executor, Object controller, Object[] arguments)
   at Microsoft.AspNetCore.Mvc.Infrastructure.ControllerActionInvoker.<InvokeActionMethodAsync>g__Awaited|12_0(ControllerActionInvoker invoker, ValueTask`1 actionResultValueTask)
   at Microsoft.AspNetCore.Mvc.Infrastructure.ControllerActionInvoker.<InvokeNextActionFilterAsync>g__Awaited|10_0(ControllerActionInvoker invoker, Task lastTask, State next, Scope scope, Object state, Boolean isCompleted)
   at Microsoft.AspNetCore.Mvc.Infrastructure.ControllerActionInvoker.Rethrow(ActionExecutedContextSealed context)
   at Microsoft.AspNetCore.Mvc.Infrastructure.ControllerActionInvoker.Next(State& next, Scope& scope, Object& state, Boolean& isCompleted)
   at Microsoft.AspNetCore.Mvc.Infrastructure.ControllerActionInvoker.<InvokeInnerFilterAsync>g__Awaited|13_0(ControllerActionInvoker invoker, Task lastTask, State next, Scope scope, Object state, Boolean isCompleted)
   at Microsoft.AspNetCore.Mvc.Infrastructure.ResourceInvoker.<InvokeNextResourceFilter>g__Awaited|25_0(ResourceInvoker invoker, Task lastTask, State next, Scope scope, Object state, Boolean isCompleted)
   at Microsoft.AspNetCore.Mvc.Infrastructure.ResourceInvoker.Rethrow(ResourceExecutedContextSealed context)
   at Microsoft.AspNetCore.Mvc.Infrastructure.ResourceInvoker.Next(State& next, Scope& scope, Object& state, Boolean& isCompleted)
   at Microsoft.AspNetCore.Mvc.Infrastructure.ResourceInvoker.<InvokeFilterPipelineAsync>g__Awaited|20_0(ResourceInvoker invoker, Task lastTask, State next, Scope scope, Object state, Boolean isCompleted)
   at Microsoft.AspNetCore.Mvc.Infrastructure.ResourceInvoker.<InvokeAsync>g__Awaited|17_0(ResourceInvoker invoker, Task task, IDisposable scope)
   at Microsoft.AspNetCore.Mvc.Infrastructure.ResourceInvoker.<InvokeAsync>g__Awaited|17_0(ResourceInvoker invoker, Task task, IDisposable scope)
   at Microsoft.AspNetCore.Authorization.AuthorizationMiddleware.Invoke(HttpContext context)
   at Microsoft.AspNetCore.Session.SessionMiddleware.Invoke(HttpContext context)
   at Microsoft.AspNetCore.Session.SessionMiddleware.Invoke(HttpContext context)
   at Serilog.AspNetCore.RequestLoggingMiddleware.Invoke(HttpContext httpContext)
2026-08-04 19:41:19.353 -04:00 [ERR] An unhandled exception has occurred while executing the request.
System.Net.Http.HttpRequestException: Response status code does not indicate success: 500 (Internal Server Error).
   at System.Net.Http.HttpResponseMessage.EnsureSuccessStatusCode()
   at ReportePrematch.Web.Services.Clients.ReportesService.EjecutarQuerysAsync(String sql, Int32 db) in D:\GITHUB\ReportePrematch.Web\ReportePrematch.Web\Services\Clients\ReportesService.cs:line 98
   at ReportePrematch.Web.Services.Clients.ReportesService.GetEstadisticasTaqAsync(String fechaD, String fechaH, String agente, String local, String pais, String role) in D:\GITHUB\ReportePrematch.Web\ReportePrematch.Web\Services\Clients\ReportesService.cs:line 795
   at ReportePrematch.Web.Controllers.ReportesController.GetEstadisticasTaq(String fechaD, String fechaH, String agente) in D:\GITHUB\ReportePrematch.Web\ReportePrematch.Web\Controllers\ReportesController.cs:line 476
   at Microsoft.AspNetCore.Mvc.Infrastructure.ActionMethodExecutor.TaskOfIActionResultExecutor.Execute(ActionContext actionContext, IActionResultTypeMapper mapper, ObjectMethodExecutor executor, Object controller, Object[] arguments)
   at Microsoft.AspNetCore.Mvc.Infrastructure.ControllerActionInvoker.<InvokeActionMethodAsync>g__Awaited|12_0(ControllerActionInvoker invoker, ValueTask`1 actionResultValueTask)
   at Microsoft.AspNetCore.Mvc.Infrastructure.ControllerActionInvoker.<InvokeNextActionFilterAsync>g__Awaited|10_0(ControllerActionInvoker invoker, Task lastTask, State next, Scope scope, Object state, Boolean isCompleted)
   at Microsoft.AspNetCore.Mvc.Infrastructure.ControllerActionInvoker.Rethrow(ActionExecutedContextSealed context)
   at Microsoft.AspNetCore.Mvc.Infrastructure.ControllerActionInvoker.Next(State& next, Scope& scope, Object& state, Boolean& isCompleted)
   at Microsoft.AspNetCore.Mvc.Infrastructure.ControllerActionInvoker.<InvokeInnerFilterAsync>g__Awaited|13_0(ControllerActionInvoker invoker, Task lastTask, State next, Scope scope, Object state, Boolean isCompleted)
   at Microsoft.AspNetCore.Mvc.Infrastructure.ResourceInvoker.<InvokeNextResourceFilter>g__Awaited|25_0(ResourceInvoker invoker, Task lastTask, State next, Scope scope, Object state, Boolean isCompleted)
   at Microsoft.AspNetCore.Mvc.Infrastructure.ResourceInvoker.Rethrow(ResourceExecutedContextSealed context)
   at Microsoft.AspNetCore.Mvc.Infrastructure.ResourceInvoker.Next(State& next, Scope& scope, Object& state, Boolean& isCompleted)
   at Microsoft.AspNetCore.Mvc.Infrastructure.ResourceInvoker.<InvokeFilterPipelineAsync>g__Awaited|20_0(ResourceInvoker invoker, Task lastTask, State next, Scope scope, Object state, Boolean isCompleted)
   at Microsoft.AspNetCore.Mvc.Infrastructure.ResourceInvoker.<InvokeAsync>g__Awaited|17_0(ResourceInvoker invoker, Task task, IDisposable scope)
   at Microsoft.AspNetCore.Mvc.Infrastructure.ResourceInvoker.<InvokeAsync>g__Awaited|17_0(ResourceInvoker invoker, Task task, IDisposable scope)
   at Microsoft.AspNetCore.Authorization.AuthorizationMiddleware.Invoke(HttpContext context)
   at Microsoft.AspNetCore.Session.SessionMiddleware.Invoke(HttpContext context)
   at Microsoft.AspNetCore.Session.SessionMiddleware.Invoke(HttpContext context)
   at Serilog.AspNetCore.RequestLoggingMiddleware.Invoke(HttpContext httpContext)
   at Microsoft.AspNetCore.Authentication.AuthenticationMiddleware.Invoke(HttpContext context)
   at Microsoft.AspNetCore.Diagnostics.DeveloperExceptionPageMiddlewareImpl.Invoke(HttpContext context)
2026-08-04 19:53:40.285 -04:00 [INF] HTTP GET /Reportes/EstadisticasTaq responded 200 in 29.7290 ms
2026-08-04 19:53:45.630 -04:00 [INF] HTTP GET /favicon.ico responded 404 in 1.4379 ms
2026-08-04 19:53:49.386 -04:00 [INF] HTTP POST /Reportes/GetListAgencias responded 200 in 5899.8004 ms
2026-08-04 19:54:02.423 -04:00 [INF] SOAP ejecutarQuerys db=2 sql[796]=SELECT
    UPPER(LTRIM(RTRIM(c.deporte)))                            AS Categoria,
    COUNT(DISTINCT a.ticket)         …
2026-08-04 19:54:03.470 -04:00 [ERR] Error SOAP ejecutarQuerys db=2
System.Net.Http.HttpRequestException: Response status code does not indicate success: 500 (Internal Server Error).
   at System.Net.Http.HttpResponseMessage.EnsureSuccessStatusCode()
   at ReportePrematch.Web.Services.Clients.ReportesService.EjecutarQuerysAsync(String sql, Int32 db) in D:\GITHUB\ReportePrematch.Web\ReportePrematch.Web\Services\Clients\ReportesService.cs:line 98
2026-08-04 19:54:03.587 -04:00 [ERR] HTTP POST /Reportes/GetEstadisticasTaq responded 500 in 1164.6115 ms
System.Net.Http.HttpRequestException: Response status code does not indicate success: 500 (Internal Server Error).
   at System.Net.Http.HttpResponseMessage.EnsureSuccessStatusCode()
   at ReportePrematch.Web.Services.Clients.ReportesService.EjecutarQuerysAsync(String sql, Int32 db) in D:\GITHUB\ReportePrematch.Web\ReportePrematch.Web\Services\Clients\ReportesService.cs:line 98
   at ReportePrematch.Web.Services.Clients.ReportesService.GetEstadisticasTaqAsync(String fechaD, String fechaH, String agente, String local, String pais, String role) in D:\GITHUB\ReportePrematch.Web\ReportePrematch.Web\Services\Clients\ReportesService.cs:line 795
   at ReportePrematch.Web.Controllers.ReportesController.GetEstadisticasTaq(String fechaD, String fechaH, String agente) in D:\GITHUB\ReportePrematch.Web\ReportePrematch.Web\Controllers\ReportesController.cs:line 476
   at Microsoft.AspNetCore.Mvc.Infrastructure.ActionMethodExecutor.TaskOfIActionResultExecutor.Execute(ActionContext actionContext, IActionResultTypeMapper mapper, ObjectMethodExecutor executor, Object controller, Object[] arguments)
   at Microsoft.AspNetCore.Mvc.Infrastructure.ControllerActionInvoker.<InvokeActionMethodAsync>g__Awaited|12_0(ControllerActionInvoker invoker, ValueTask`1 actionResultValueTask)
   at Microsoft.AspNetCore.Mvc.Infrastructure.ControllerActionInvoker.<InvokeNextActionFilterAsync>g__Awaited|10_0(ControllerActionInvoker invoker, Task lastTask, State next, Scope scope, Object state, Boolean isCompleted)
   at Microsoft.AspNetCore.Mvc.Infrastructure.ControllerActionInvoker.Rethrow(ActionExecutedContextSealed context)
   at Microsoft.AspNetCore.Mvc.Infrastructure.ControllerActionInvoker.Next(State& next, Scope& scope, Object& state, Boolean& isCompleted)
   at Microsoft.AspNetCore.Mvc.Infrastructure.ControllerActionInvoker.<InvokeInnerFilterAsync>g__Awaited|13_0(ControllerActionInvoker invoker, Task lastTask, State next, Scope scope, Object state, Boolean isCompleted)
   at Microsoft.AspNetCore.Mvc.Infrastructure.ResourceInvoker.<InvokeNextResourceFilter>g__Awaited|25_0(ResourceInvoker invoker, Task lastTask, State next, Scope scope, Object state, Boolean isCompleted)
   at Microsoft.AspNetCore.Mvc.Infrastructure.ResourceInvoker.Rethrow(ResourceExecutedContextSealed context)
   at Microsoft.AspNetCore.Mvc.Infrastructure.ResourceInvoker.Next(State& next, Scope& scope, Object& state, Boolean& isCompleted)
   at Microsoft.AspNetCore.Mvc.Infrastructure.ResourceInvoker.<InvokeFilterPipelineAsync>g__Awaited|20_0(ResourceInvoker invoker, Task lastTask, State next, Scope scope, Object state, Boolean isCompleted)
   at Microsoft.AspNetCore.Mvc.Infrastructure.ResourceInvoker.<InvokeAsync>g__Awaited|17_0(ResourceInvoker invoker, Task task, IDisposable scope)
   at Microsoft.AspNetCore.Mvc.Infrastructure.ResourceInvoker.<InvokeAsync>g__Awaited|17_0(ResourceInvoker invoker, Task task, IDisposable scope)
   at Microsoft.AspNetCore.Authorization.AuthorizationMiddleware.Invoke(HttpContext context)
   at Microsoft.AspNetCore.Session.SessionMiddleware.Invoke(HttpContext context)
   at Microsoft.AspNetCore.Session.SessionMiddleware.Invoke(HttpContext context)
   at Serilog.AspNetCore.RequestLoggingMiddleware.Invoke(HttpContext httpContext)
2026-08-04 19:54:03.605 -04:00 [ERR] An unhandled exception has occurred while executing the request.
System.Net.Http.HttpRequestException: Response status code does not indicate success: 500 (Internal Server Error).
   at System.Net.Http.HttpResponseMessage.EnsureSuccessStatusCode()
   at ReportePrematch.Web.Services.Clients.ReportesService.EjecutarQuerysAsync(String sql, Int32 db) in D:\GITHUB\ReportePrematch.Web\ReportePrematch.Web\Services\Clients\ReportesService.cs:line 98
   at ReportePrematch.Web.Services.Clients.ReportesService.GetEstadisticasTaqAsync(String fechaD, String fechaH, String agente, String local, String pais, String role) in D:\GITHUB\ReportePrematch.Web\ReportePrematch.Web\Services\Clients\ReportesService.cs:line 795
   at ReportePrematch.Web.Controllers.ReportesController.GetEstadisticasTaq(String fechaD, String fechaH, String agente) in D:\GITHUB\ReportePrematch.Web\ReportePrematch.Web\Controllers\ReportesController.cs:line 476
   at Microsoft.AspNetCore.Mvc.Infrastructure.ActionMethodExecutor.TaskOfIActionResultExecutor.Execute(ActionContext actionContext, IActionResultTypeMapper mapper, ObjectMethodExecutor executor, Object controller, Object[] arguments)
   at Microsoft.AspNetCore.Mvc.Infrastructure.ControllerActionInvoker.<InvokeActionMethodAsync>g__Awaited|12_0(ControllerActionInvoker invoker, ValueTask`1 actionResultValueTask)
   at Microsoft.AspNetCore.Mvc.Infrastructure.ControllerActionInvoker.<InvokeNextActionFilterAsync>g__Awaited|10_0(ControllerActionInvoker invoker, Task lastTask, State next, Scope scope, Object state, Boolean isCompleted)
   at Microsoft.AspNetCore.Mvc.Infrastructure.ControllerActionInvoker.Rethrow(ActionExecutedContextSealed context)
   at Microsoft.AspNetCore.Mvc.Infrastructure.ControllerActionInvoker.Next(State& next, Scope& scope, Object& state, Boolean& isCompleted)
   at Microsoft.AspNetCore.Mvc.Infrastructure.ControllerActionInvoker.<InvokeInnerFilterAsync>g__Awaited|13_0(ControllerActionInvoker invoker, Task lastTask, State next, Scope scope, Object state, Boolean isCompleted)
   at Microsoft.AspNetCore.Mvc.Infrastructure.ResourceInvoker.<InvokeNextResourceFilter>g__Awaited|25_0(ResourceInvoker invoker, Task lastTask, State next, Scope scope, Object state, Boolean isCompleted)
   at Microsoft.AspNetCore.Mvc.Infrastructure.ResourceInvoker.Rethrow(ResourceExecutedContextSealed context)
   at Microsoft.AspNetCore.Mvc.Infrastructure.ResourceInvoker.Next(State& next, Scope& scope, Object& state, Boolean& isCompleted)
   at Microsoft.AspNetCore.Mvc.Infrastructure.ResourceInvoker.<InvokeFilterPipelineAsync>g__Awaited|20_0(ResourceInvoker invoker, Task lastTask, State next, Scope scope, Object state, Boolean isCompleted)
   at Microsoft.AspNetCore.Mvc.Infrastructure.ResourceInvoker.<InvokeAsync>g__Awaited|17_0(ResourceInvoker invoker, Task task, IDisposable scope)
   at Microsoft.AspNetCore.Mvc.Infrastructure.ResourceInvoker.<InvokeAsync>g__Awaited|17_0(ResourceInvoker invoker, Task task, IDisposable scope)
   at Microsoft.AspNetCore.Authorization.AuthorizationMiddleware.Invoke(HttpContext context)
   at Microsoft.AspNetCore.Session.SessionMiddleware.Invoke(HttpContext context)
   at Microsoft.AspNetCore.Session.SessionMiddleware.Invoke(HttpContext context)
   at Serilog.AspNetCore.RequestLoggingMiddleware.Invoke(HttpContext httpContext)
   at Microsoft.AspNetCore.Authentication.AuthenticationMiddleware.Invoke(HttpContext context)
   at Microsoft.AspNetCore.Diagnostics.DeveloperExceptionPageMiddlewareImpl.Invoke(HttpContext context)
2026-08-04 19:54:25.703 -04:00 [INF] SOAP ejecutarQuerys db=2 sql[796]=SELECT
    UPPER(LTRIM(RTRIM(c.deporte)))                            AS Categoria,
    COUNT(DISTINCT a.ticket)         …
2026-08-04 19:54:26.775 -04:00 [ERR] Error SOAP ejecutarQuerys db=2
System.Net.Http.HttpRequestException: Response status code does not indicate success: 500 (Internal Server Error).
   at System.Net.Http.HttpResponseMessage.EnsureSuccessStatusCode()
   at ReportePrematch.Web.Services.Clients.ReportesService.EjecutarQuerysAsync(String sql, Int32 db) in D:\GITHUB\ReportePrematch.Web\ReportePrematch.Web\Services\Clients\ReportesService.cs:line 98
2026-08-04 19:54:26.913 -04:00 [ERR] HTTP POST /Reportes/GetEstadisticasTaq responded 500 in 1211.2246 ms
System.Net.Http.HttpRequestException: Response status code does not indicate success: 500 (Internal Server Error).
   at System.Net.Http.HttpResponseMessage.EnsureSuccessStatusCode()
   at ReportePrematch.Web.Services.Clients.ReportesService.EjecutarQuerysAsync(String sql, Int32 db) in D:\GITHUB\ReportePrematch.Web\ReportePrematch.Web\Services\Clients\ReportesService.cs:line 98
   at ReportePrematch.Web.Services.Clients.ReportesService.GetEstadisticasTaqAsync(String fechaD, String fechaH, String agente, String local, String pais, String role) in D:\GITHUB\ReportePrematch.Web\ReportePrematch.Web\Services\Clients\ReportesService.cs:line 795
   at ReportePrematch.Web.Controllers.ReportesController.GetEstadisticasTaq(String fechaD, String fechaH, String agente) in D:\GITHUB\ReportePrematch.Web\ReportePrematch.Web\Controllers\ReportesController.cs:line 476
   at Microsoft.AspNetCore.Mvc.Infrastructure.ActionMethodExecutor.TaskOfIActionResultExecutor.Execute(ActionContext actionContext, IActionResultTypeMapper mapper, ObjectMethodExecutor executor, Object controller, Object[] arguments)
   at Microsoft.AspNetCore.Mvc.Infrastructure.ControllerActionInvoker.<InvokeActionMethodAsync>g__Awaited|12_0(ControllerActionInvoker invoker, ValueTask`1 actionResultValueTask)
   at Microsoft.AspNetCore.Mvc.Infrastructure.ControllerActionInvoker.<InvokeNextActionFilterAsync>g__Awaited|10_0(ControllerActionInvoker invoker, Task lastTask, State next, Scope scope, Object state, Boolean isCompleted)
   at Microsoft.AspNetCore.Mvc.Infrastructure.ControllerActionInvoker.Rethrow(ActionExecutedContextSealed context)
   at Microsoft.AspNetCore.Mvc.Infrastructure.ControllerActionInvoker.Next(State& next, Scope& scope, Object& state, Boolean& isCompleted)
   at Microsoft.AspNetCore.Mvc.Infrastructure.ControllerActionInvoker.<InvokeInnerFilterAsync>g__Awaited|13_0(ControllerActionInvoker invoker, Task lastTask, State next, Scope scope, Object state, Boolean isCompleted)
   at Microsoft.AspNetCore.Mvc.Infrastructure.ResourceInvoker.<InvokeNextResourceFilter>g__Awaited|25_0(ResourceInvoker invoker, Task lastTask, State next, Scope scope, Object state, Boolean isCompleted)
   at Microsoft.AspNetCore.Mvc.Infrastructure.ResourceInvoker.Rethrow(ResourceExecutedContextSealed context)
   at Microsoft.AspNetCore.Mvc.Infrastructure.ResourceInvoker.Next(State& next, Scope& scope, Object& state, Boolean& isCompleted)
   at Microsoft.AspNetCore.Mvc.Infrastructure.ResourceInvoker.<InvokeFilterPipelineAsync>g__Awaited|20_0(ResourceInvoker invoker, Task lastTask, State next, Scope scope, Object state, Boolean isCompleted)
   at Microsoft.AspNetCore.Mvc.Infrastructure.ResourceInvoker.<InvokeAsync>g__Awaited|17_0(ResourceInvoker invoker, Task task, IDisposable scope)
   at Microsoft.AspNetCore.Mvc.Infrastructure.ResourceInvoker.<InvokeAsync>g__Awaited|17_0(ResourceInvoker invoker, Task task, IDisposable scope)
   at Microsoft.AspNetCore.Authorization.AuthorizationMiddleware.Invoke(HttpContext context)
   at Microsoft.AspNetCore.Session.SessionMiddleware.Invoke(HttpContext context)
   at Microsoft.AspNetCore.Session.SessionMiddleware.Invoke(HttpContext context)
   at Serilog.AspNetCore.RequestLoggingMiddleware.Invoke(HttpContext httpContext)
2026-08-04 19:54:26.929 -04:00 [ERR] An unhandled exception has occurred while executing the request.
System.Net.Http.HttpRequestException: Response status code does not indicate success: 500 (Internal Server Error).
   at System.Net.Http.HttpResponseMessage.EnsureSuccessStatusCode()
   at ReportePrematch.Web.Services.Clients.ReportesService.EjecutarQuerysAsync(String sql, Int32 db) in D:\GITHUB\ReportePrematch.Web\ReportePrematch.Web\Services\Clients\ReportesService.cs:line 98
   at ReportePrematch.Web.Services.Clients.ReportesService.GetEstadisticasTaqAsync(String fechaD, String fechaH, String agente, String local, String pais, String role) in D:\GITHUB\ReportePrematch.Web\ReportePrematch.Web\Services\Clients\ReportesService.cs:line 795
   at ReportePrematch.Web.Controllers.ReportesController.GetEstadisticasTaq(String fechaD, String fechaH, String agente) in D:\GITHUB\ReportePrematch.Web\ReportePrematch.Web\Controllers\ReportesController.cs:line 476
   at Microsoft.AspNetCore.Mvc.Infrastructure.ActionMethodExecutor.TaskOfIActionResultExecutor.Execute(ActionContext actionContext, IActionResultTypeMapper mapper, ObjectMethodExecutor executor, Object controller, Object[] arguments)
   at Microsoft.AspNetCore.Mvc.Infrastructure.ControllerActionInvoker.<InvokeActionMethodAsync>g__Awaited|12_0(ControllerActionInvoker invoker, ValueTask`1 actionResultValueTask)
   at Microsoft.AspNetCore.Mvc.Infrastructure.ControllerActionInvoker.<InvokeNextActionFilterAsync>g__Awaited|10_0(ControllerActionInvoker invoker, Task lastTask, State next, Scope scope, Object state, Boolean isCompleted)
   at Microsoft.AspNetCore.Mvc.Infrastructure.ControllerActionInvoker.Rethrow(ActionExecutedContextSealed context)
   at Microsoft.AspNetCore.Mvc.Infrastructure.ControllerActionInvoker.Next(State& next, Scope& scope, Object& state, Boolean& isCompleted)
   at Microsoft.AspNetCore.Mvc.Infrastructure.ControllerActionInvoker.<InvokeInnerFilterAsync>g__Awaited|13_0(ControllerActionInvoker invoker, Task lastTask, State next, Scope scope, Object state, Boolean isCompleted)
   at Microsoft.AspNetCore.Mvc.Infrastructure.ResourceInvoker.<InvokeNextResourceFilter>g__Awaited|25_0(ResourceInvoker invoker, Task lastTask, State next, Scope scope, Object state, Boolean isCompleted)
   at Microsoft.AspNetCore.Mvc.Infrastructure.ResourceInvoker.Rethrow(ResourceExecutedContextSealed context)
   at Microsoft.AspNetCore.Mvc.Infrastructure.ResourceInvoker.Next(State& next, Scope& scope, Object& state, Boolean& isCompleted)
   at Microsoft.AspNetCore.Mvc.Infrastructure.ResourceInvoker.<InvokeFilterPipelineAsync>g__Awaited|20_0(ResourceInvoker invoker, Task lastTask, State next, Scope scope, Object state, Boolean isCompleted)
   at Microsoft.AspNetCore.Mvc.Infrastructure.ResourceInvoker.<InvokeAsync>g__Awaited|17_0(ResourceInvoker invoker, Task task, IDisposable scope)
   at Microsoft.AspNetCore.Mvc.Infrastructure.ResourceInvoker.<InvokeAsync>g__Awaited|17_0(ResourceInvoker invoker, Task task, IDisposable scope)
   at Microsoft.AspNetCore.Authorization.AuthorizationMiddleware.Invoke(HttpContext context)
   at Microsoft.AspNetCore.Session.SessionMiddleware.Invoke(HttpContext context)
   at Microsoft.AspNetCore.Session.SessionMiddleware.Invoke(HttpContext context)
   at Serilog.AspNetCore.RequestLoggingMiddleware.Invoke(HttpContext httpContext)
   at Microsoft.AspNetCore.Authentication.AuthenticationMiddleware.Invoke(HttpContext context)
   at Microsoft.AspNetCore.Diagnostics.DeveloperExceptionPageMiddlewareImpl.Invoke(HttpContext context)
2026-08-04 19:55:29.501 -04:00 [INF] SOAP ejecutarQuerys db=2 sql[796]=SELECT
    UPPER(LTRIM(RTRIM(c.deporte)))                            AS Categoria,
    COUNT(DISTINCT a.ticket)         …
2026-08-04 19:55:30.561 -04:00 [ERR] Error SOAP ejecutarQuerys db=2
System.Net.Http.HttpRequestException: Response status code does not indicate success: 500 (Internal Server Error).
   at System.Net.Http.HttpResponseMessage.EnsureSuccessStatusCode()
   at ReportePrematch.Web.Services.Clients.ReportesService.EjecutarQuerysAsync(String sql, Int32 db) in D:\GITHUB\ReportePrematch.Web\ReportePrematch.Web\Services\Clients\ReportesService.cs:line 98
2026-08-04 19:55:30.690 -04:00 [ERR] HTTP POST /Reportes/GetEstadisticasTaq responded 500 in 1190.4541 ms
System.Net.Http.HttpRequestException: Response status code does not indicate success: 500 (Internal Server Error).
   at System.Net.Http.HttpResponseMessage.EnsureSuccessStatusCode()
   at ReportePrematch.Web.Services.Clients.ReportesService.EjecutarQuerysAsync(String sql, Int32 db) in D:\GITHUB\ReportePrematch.Web\ReportePrematch.Web\Services\Clients\ReportesService.cs:line 98
   at ReportePrematch.Web.Services.Clients.ReportesService.GetEstadisticasTaqAsync(String fechaD, String fechaH, String agente, String local, String pais, String role) in D:\GITHUB\ReportePrematch.Web\ReportePrematch.Web\Services\Clients\ReportesService.cs:line 795
   at ReportePrematch.Web.Controllers.ReportesController.GetEstadisticasTaq(String fechaD, String fechaH, String agente) in D:\GITHUB\ReportePrematch.Web\ReportePrematch.Web\Controllers\ReportesController.cs:line 476
   at Microsoft.AspNetCore.Mvc.Infrastructure.ActionMethodExecutor.TaskOfIActionResultExecutor.Execute(ActionContext actionContext, IActionResultTypeMapper mapper, ObjectMethodExecutor executor, Object controller, Object[] arguments)
   at Microsoft.AspNetCore.Mvc.Infrastructure.ControllerActionInvoker.<InvokeActionMethodAsync>g__Awaited|12_0(ControllerActionInvoker invoker, ValueTask`1 actionResultValueTask)
   at Microsoft.AspNetCore.Mvc.Infrastructure.ControllerActionInvoker.<InvokeNextActionFilterAsync>g__Awaited|10_0(ControllerActionInvoker invoker, Task lastTask, State next, Scope scope, Object state, Boolean isCompleted)
   at Microsoft.AspNetCore.Mvc.Infrastructure.ControllerActionInvoker.Rethrow(ActionExecutedContextSealed context)
   at Microsoft.AspNetCore.Mvc.Infrastructure.ControllerActionInvoker.Next(State& next, Scope& scope, Object& state, Boolean& isCompleted)
   at Microsoft.AspNetCore.Mvc.Infrastructure.ControllerActionInvoker.<InvokeInnerFilterAsync>g__Awaited|13_0(ControllerActionInvoker invoker, Task lastTask, State next, Scope scope, Object state, Boolean isCompleted)
   at Microsoft.AspNetCore.Mvc.Infrastructure.ResourceInvoker.<InvokeNextResourceFilter>g__Awaited|25_0(ResourceInvoker invoker, Task lastTask, State next, Scope scope, Object state, Boolean isCompleted)
   at Microsoft.AspNetCore.Mvc.Infrastructure.ResourceInvoker.Rethrow(ResourceExecutedContextSealed context)
   at Microsoft.AspNetCore.Mvc.Infrastructure.ResourceInvoker.Next(State& next, Scope& scope, Object& state, Boolean& isCompleted)
   at Microsoft.AspNetCore.Mvc.Infrastructure.ResourceInvoker.<InvokeFilterPipelineAsync>g__Awaited|20_0(ResourceInvoker invoker, Task lastTask, State next, Scope scope, Object state, Boolean isCompleted)
   at Microsoft.AspNetCore.Mvc.Infrastructure.ResourceInvoker.<InvokeAsync>g__Awaited|17_0(ResourceInvoker invoker, Task task, IDisposable scope)
   at Microsoft.AspNetCore.Mvc.Infrastructure.ResourceInvoker.<InvokeAsync>g__Awaited|17_0(ResourceInvoker invoker, Task task, IDisposable scope)
   at Microsoft.AspNetCore.Authorization.AuthorizationMiddleware.Invoke(HttpContext context)
   at Microsoft.AspNetCore.Session.SessionMiddleware.Invoke(HttpContext context)
   at Microsoft.AspNetCore.Session.SessionMiddleware.Invoke(HttpContext context)
   at Serilog.AspNetCore.RequestLoggingMiddleware.Invoke(HttpContext httpContext)
2026-08-04 19:55:30.706 -04:00 [ERR] An unhandled exception has occurred while executing the request.
System.Net.Http.HttpRequestException: Response status code does not indicate success: 500 (Internal Server Error).
   at System.Net.Http.HttpResponseMessage.EnsureSuccessStatusCode()
   at ReportePrematch.Web.Services.Clients.ReportesService.EjecutarQuerysAsync(String sql, Int32 db) in D:\GITHUB\ReportePrematch.Web\ReportePrematch.Web\Services\Clients\ReportesService.cs:line 98
   at ReportePrematch.Web.Services.Clients.ReportesService.GetEstadisticasTaqAsync(String fechaD, String fechaH, String agente, String local, String pais, String role) in D:\GITHUB\ReportePrematch.Web\ReportePrematch.Web\Services\Clients\ReportesService.cs:line 795
   at ReportePrematch.Web.Controllers.ReportesController.GetEstadisticasTaq(String fechaD, String fechaH, String agente) in D:\GITHUB\ReportePrematch.Web\ReportePrematch.Web\Controllers\ReportesController.cs:line 476
   at Microsoft.AspNetCore.Mvc.Infrastructure.ActionMethodExecutor.TaskOfIActionResultExecutor.Execute(ActionContext actionContext, IActionResultTypeMapper mapper, ObjectMethodExecutor executor, Object controller, Object[] arguments)
   at Microsoft.AspNetCore.Mvc.Infrastructure.ControllerActionInvoker.<InvokeActionMethodAsync>g__Awaited|12_0(ControllerActionInvoker invoker, ValueTask`1 actionResultValueTask)
   at Microsoft.AspNetCore.Mvc.Infrastructure.ControllerActionInvoker.<InvokeNextActionFilterAsync>g__Awaited|10_0(ControllerActionInvoker invoker, Task lastTask, State next, Scope scope, Object state, Boolean isCompleted)
   at Microsoft.AspNetCore.Mvc.Infrastructure.ControllerActionInvoker.Rethrow(ActionExecutedContextSealed context)
   at Microsoft.AspNetCore.Mvc.Infrastructure.ControllerActionInvoker.Next(State& next, Scope& scope, Object& state, Boolean& isCompleted)
   at Microsoft.AspNetCore.Mvc.Infrastructure.ControllerActionInvoker.<InvokeInnerFilterAsync>g__Awaited|13_0(ControllerActionInvoker invoker, Task lastTask, State next, Scope scope, Object state, Boolean isCompleted)
   at Microsoft.AspNetCore.Mvc.Infrastructure.ResourceInvoker.<InvokeNextResourceFilter>g__Awaited|25_0(ResourceInvoker invoker, Task lastTask, State next, Scope scope, Object state, Boolean isCompleted)
   at Microsoft.AspNetCore.Mvc.Infrastructure.ResourceInvoker.Rethrow(ResourceExecutedContextSealed context)
   at Microsoft.AspNetCore.Mvc.Infrastructure.ResourceInvoker.Next(State& next, Scope& scope, Object& state, Boolean& isCompleted)
   at Microsoft.AspNetCore.Mvc.Infrastructure.ResourceInvoker.<InvokeFilterPipelineAsync>g__Awaited|20_0(ResourceInvoker invoker, Task lastTask, State next, Scope scope, Object state, Boolean isCompleted)
   at Microsoft.AspNetCore.Mvc.Infrastructure.ResourceInvoker.<InvokeAsync>g__Awaited|17_0(ResourceInvoker invoker, Task task, IDisposable scope)
   at Microsoft.AspNetCore.Mvc.Infrastructure.ResourceInvoker.<InvokeAsync>g__Awaited|17_0(ResourceInvoker invoker, Task task, IDisposable scope)
   at Microsoft.AspNetCore.Authorization.AuthorizationMiddleware.Invoke(HttpContext context)
   at Microsoft.AspNetCore.Session.SessionMiddleware.Invoke(HttpContext context)
   at Microsoft.AspNetCore.Session.SessionMiddleware.Invoke(HttpContext context)
   at Serilog.AspNetCore.RequestLoggingMiddleware.Invoke(HttpContext httpContext)
   at Microsoft.AspNetCore.Authentication.AuthenticationMiddleware.Invoke(HttpContext context)
   at Microsoft.AspNetCore.Diagnostics.DeveloperExceptionPageMiddlewareImpl.Invoke(HttpContext context)
2026-08-04 19:56:38.066 -04:00 [INF] SOAP ejecutarQuerys db=2 sql[796]=SELECT
    UPPER(LTRIM(RTRIM(c.deporte)))                            AS Categoria,
    COUNT(DISTINCT a.ticket)         …
2026-08-04 19:56:39.138 -04:00 [ERR] Error SOAP ejecutarQuerys db=2
System.Net.Http.HttpRequestException: Response status code does not indicate success: 500 (Internal Server Error).
   at System.Net.Http.HttpResponseMessage.EnsureSuccessStatusCode()
   at ReportePrematch.Web.Services.Clients.ReportesService.EjecutarQuerysAsync(String sql, Int32 db) in D:\GITHUB\ReportePrematch.Web\ReportePrematch.Web\Services\Clients\ReportesService.cs:line 98
2026-08-04 19:56:39.285 -04:00 [ERR] HTTP POST /Reportes/GetEstadisticasTaq responded 500 in 1220.1861 ms
System.Net.Http.HttpRequestException: Response status code does not indicate success: 500 (Internal Server Error).
   at System.Net.Http.HttpResponseMessage.EnsureSuccessStatusCode()
   at ReportePrematch.Web.Services.Clients.ReportesService.EjecutarQuerysAsync(String sql, Int32 db) in D:\GITHUB\ReportePrematch.Web\ReportePrematch.Web\Services\Clients\ReportesService.cs:line 98
   at ReportePrematch.Web.Services.Clients.ReportesService.GetEstadisticasTaqAsync(String fechaD, String fechaH, String agente, String local, String pais, String role) in D:\GITHUB\ReportePrematch.Web\ReportePrematch.Web\Services\Clients\ReportesService.cs:line 795
   at ReportePrematch.Web.Controllers.ReportesController.GetEstadisticasTaq(String fechaD, String fechaH, String agente) in D:\GITHUB\ReportePrematch.Web\ReportePrematch.Web\Controllers\ReportesController.cs:line 476
   at Microsoft.AspNetCore.Mvc.Infrastructure.ActionMethodExecutor.TaskOfIActionResultExecutor.Execute(ActionContext actionContext, IActionResultTypeMapper mapper, ObjectMethodExecutor executor, Object controller, Object[] arguments)
   at Microsoft.AspNetCore.Mvc.Infrastructure.ControllerActionInvoker.<InvokeActionMethodAsync>g__Awaited|12_0(ControllerActionInvoker invoker, ValueTask`1 actionResultValueTask)
   at Microsoft.AspNetCore.Mvc.Infrastructure.ControllerActionInvoker.<InvokeNextActionFilterAsync>g__Awaited|10_0(ControllerActionInvoker invoker, Task lastTask, State next, Scope scope, Object state, Boolean isCompleted)
   at Microsoft.AspNetCore.Mvc.Infrastructure.ControllerActionInvoker.Rethrow(ActionExecutedContextSealed context)
   at Microsoft.AspNetCore.Mvc.Infrastructure.ControllerActionInvoker.Next(State& next, Scope& scope, Object& state, Boolean& isCompleted)
   at Microsoft.AspNetCore.Mvc.Infrastructure.ControllerActionInvoker.<InvokeInnerFilterAsync>g__Awaited|13_0(ControllerActionInvoker invoker, Task lastTask, State next, Scope scope, Object state, Boolean isCompleted)
   at Microsoft.AspNetCore.Mvc.Infrastructure.ResourceInvoker.<InvokeNextResourceFilter>g__Awaited|25_0(ResourceInvoker invoker, Task lastTask, State next, Scope scope, Object state, Boolean isCompleted)
   at Microsoft.AspNetCore.Mvc.Infrastructure.ResourceInvoker.Rethrow(ResourceExecutedContextSealed context)
   at Microsoft.AspNetCore.Mvc.Infrastructure.ResourceInvoker.Next(State& next, Scope& scope, Object& state, Boolean& isCompleted)
   at Microsoft.AspNetCore.Mvc.Infrastructure.ResourceInvoker.<InvokeFilterPipelineAsync>g__Awaited|20_0(ResourceInvoker invoker, Task lastTask, State next, Scope scope, Object state, Boolean isCompleted)
   at Microsoft.AspNetCore.Mvc.Infrastructure.ResourceInvoker.<InvokeAsync>g__Awaited|17_0(ResourceInvoker invoker, Task task, IDisposable scope)
   at Microsoft.AspNetCore.Mvc.Infrastructure.ResourceInvoker.<InvokeAsync>g__Awaited|17_0(ResourceInvoker invoker, Task task, IDisposable scope)
   at Microsoft.AspNetCore.Authorization.AuthorizationMiddleware.Invoke(HttpContext context)
   at Microsoft.AspNetCore.Session.SessionMiddleware.Invoke(HttpContext context)
   at Microsoft.AspNetCore.Session.SessionMiddleware.Invoke(HttpContext context)
   at Serilog.AspNetCore.RequestLoggingMiddleware.Invoke(HttpContext httpContext)
2026-08-04 19:56:39.299 -04:00 [ERR] An unhandled exception has occurred while executing the request.
System.Net.Http.HttpRequestException: Response status code does not indicate success: 500 (Internal Server Error).
   at System.Net.Http.HttpResponseMessage.EnsureSuccessStatusCode()
   at ReportePrematch.Web.Services.Clients.ReportesService.EjecutarQuerysAsync(String sql, Int32 db) in D:\GITHUB\ReportePrematch.Web\ReportePrematch.Web\Services\Clients\ReportesService.cs:line 98
   at ReportePrematch.Web.Services.Clients.ReportesService.GetEstadisticasTaqAsync(String fechaD, String fechaH, String agente, String local, String pais, String role) in D:\GITHUB\ReportePrematch.Web\ReportePrematch.Web\Services\Clients\ReportesService.cs:line 795
   at ReportePrematch.Web.Controllers.ReportesController.GetEstadisticasTaq(String fechaD, String fechaH, String agente) in D:\GITHUB\ReportePrematch.Web\ReportePrematch.Web\Controllers\ReportesController.cs:line 476
   at Microsoft.AspNetCore.Mvc.Infrastructure.ActionMethodExecutor.TaskOfIActionResultExecutor.Execute(ActionContext actionContext, IActionResultTypeMapper mapper, ObjectMethodExecutor executor, Object controller, Object[] arguments)
   at Microsoft.AspNetCore.Mvc.Infrastructure.ControllerActionInvoker.<InvokeActionMethodAsync>g__Awaited|12_0(ControllerActionInvoker invoker, ValueTask`1 actionResultValueTask)
   at Microsoft.AspNetCore.Mvc.Infrastructure.ControllerActionInvoker.<InvokeNextActionFilterAsync>g__Awaited|10_0(ControllerActionInvoker invoker, Task lastTask, State next, Scope scope, Object state, Boolean isCompleted)
   at Microsoft.AspNetCore.Mvc.Infrastructure.ControllerActionInvoker.Rethrow(ActionExecutedContextSealed context)
   at Microsoft.AspNetCore.Mvc.Infrastructure.ControllerActionInvoker.Next(State& next, Scope& scope, Object& state, Boolean& isCompleted)
   at Microsoft.AspNetCore.Mvc.Infrastructure.ControllerActionInvoker.<InvokeInnerFilterAsync>g__Awaited|13_0(ControllerActionInvoker invoker, Task lastTask, State next, Scope scope, Object state, Boolean isCompleted)
   at Microsoft.AspNetCore.Mvc.Infrastructure.ResourceInvoker.<InvokeNextResourceFilter>g__Awaited|25_0(ResourceInvoker invoker, Task lastTask, State next, Scope scope, Object state, Boolean isCompleted)
   at Microsoft.AspNetCore.Mvc.Infrastructure.ResourceInvoker.Rethrow(ResourceExecutedContextSealed context)
   at Microsoft.AspNetCore.Mvc.Infrastructure.ResourceInvoker.Next(State& next, Scope& scope, Object& state, Boolean& isCompleted)
   at Microsoft.AspNetCore.Mvc.Infrastructure.ResourceInvoker.<InvokeFilterPipelineAsync>g__Awaited|20_0(ResourceInvoker invoker, Task lastTask, State next, Scope scope, Object state, Boolean isCompleted)
   at Microsoft.AspNetCore.Mvc.Infrastructure.ResourceInvoker.<InvokeAsync>g__Awaited|17_0(ResourceInvoker invoker, Task task, IDisposable scope)
   at Microsoft.AspNetCore.Mvc.Infrastructure.ResourceInvoker.<InvokeAsync>g__Awaited|17_0(ResourceInvoker invoker, Task task, IDisposable scope)
   at Microsoft.AspNetCore.Authorization.AuthorizationMiddleware.Invoke(HttpContext context)
   at Microsoft.AspNetCore.Session.SessionMiddleware.Invoke(HttpContext context)
   at Microsoft.AspNetCore.Session.SessionMiddleware.Invoke(HttpContext context)
   at Serilog.AspNetCore.RequestLoggingMiddleware.Invoke(HttpContext httpContext)
   at Microsoft.AspNetCore.Authentication.AuthenticationMiddleware.Invoke(HttpContext context)
   at Microsoft.AspNetCore.Diagnostics.DeveloperExceptionPageMiddlewareImpl.Invoke(HttpContext context)
2026-08-04 19:57:14.197 -04:00 [INF] Iniciando ReportePrematch.Web...
2026-08-04 19:57:16.652 -04:00 [INF] HTTP GET / responded 200 in 519.7667 ms
2026-08-04 19:57:35.988 -04:00 [WRN] ADWS Login: credenciales inválidas (Mensaje=-1) para vlapenta
2026-08-04 19:57:35.992 -04:00 [WRN] Login fallido para usuario vlapenta
2026-08-04 19:57:36.003 -04:00 [INF] HTTP POST / responded 200 in 3506.5406 ms
2026-08-04 19:57:36.490 -04:00 [WRN] ADWS Login: credenciales inválidas (Mensaje=-1) para vlapenta
2026-08-04 19:57:36.492 -04:00 [WRN] Login fallido para usuario vlapenta
2026-08-04 19:57:36.495 -04:00 [INF] HTTP POST / responded 200 in 1668.3676 ms
2026-08-04 19:57:51.805 -04:00 [WRN] ADWS Login: credenciales inválidas (Mensaje=-1) para vlapenta
2026-08-04 19:57:51.806 -04:00 [WRN] Login fallido para usuario vlapenta
2026-08-04 19:57:51.808 -04:00 [INF] HTTP POST / responded 200 in 1048.2134 ms
2026-08-04 19:58:33.928 -04:00 [WRN] ADWS Login: credenciales inválidas (Mensaje=-1) para vlapenta
2026-08-04 19:58:33.930 -04:00 [WRN] Login fallido para usuario vlapenta
2026-08-04 19:58:33.933 -04:00 [INF] HTTP POST / responded 200 in 1048.7301 ms
2026-08-04 19:59:13.030 -04:00 [INF] Login exitoso: vlapenta [Usuario suAdmin]
2026-08-04 19:59:13.034 -04:00 [INF] HTTP POST / responded 302 in 801.7152 ms
2026-08-04 19:59:13.213 -04:00 [INF] HTTP GET /Reportes/VentasPorAgenteTaq responded 200 in 169.1481 ms
2026-08-04 19:59:17.073 -04:00 [INF] HTTP POST /Reportes/GetListAgencias responded 200 in 3079.0982 ms
2026-08-04 19:59:31.531 -04:00 [INF] HTTP POST /Reportes/GetVentasPorAgenteTaq responded 200 in 740.0517 ms
2026-08-04 19:59:42.890 -04:00 [INF] HTTP GET /Reportes/EstadisticasTaq responded 200 in 34.1223 ms
2026-08-04 19:59:46.525 -04:00 [INF] HTTP POST /Reportes/GetListAgencias responded 200 in 3322.0205 ms
2026-08-04 20:00:00.007 -04:00 [INF] SOAP ejecutarQuerys db=2 sql[796]=SELECT
    UPPER(LTRIM(RTRIM(c.deporte)))                            AS Categoria,
    COUNT(DISTINCT a.ticket)         …
2026-08-04 20:00:01.318 -04:00 [ERR] Error SOAP ejecutarQuerys db=2
System.Net.Http.HttpRequestException: Response status code does not indicate success: 500 (Internal Server Error).
   at System.Net.Http.HttpResponseMessage.EnsureSuccessStatusCode()
   at ReportePrematch.Web.Services.Clients.ReportesService.EjecutarQuerysAsync(String sql, Int32 db) in D:\GITHUB\ReportePrematch.Web\ReportePrematch.Web\Services\Clients\ReportesService.cs:line 98
2026-08-04 20:00:01.519 -04:00 [ERR] HTTP POST /Reportes/GetEstadisticasTaq responded 500 in 1545.6500 ms
System.Net.Http.HttpRequestException: Response status code does not indicate success: 500 (Internal Server Error).
   at System.Net.Http.HttpResponseMessage.EnsureSuccessStatusCode()
   at ReportePrematch.Web.Services.Clients.ReportesService.EjecutarQuerysAsync(String sql, Int32 db) in D:\GITHUB\ReportePrematch.Web\ReportePrematch.Web\Services\Clients\ReportesService.cs:line 98
   at ReportePrematch.Web.Services.Clients.ReportesService.GetEstadisticasTaqAsync(String fechaD, String fechaH, String agente, String local, String pais, String role) in D:\GITHUB\ReportePrematch.Web\ReportePrematch.Web\Services\Clients\ReportesService.cs:line 795
   at ReportePrematch.Web.Controllers.ReportesController.GetEstadisticasTaq(String fechaD, String fechaH, String agente) in D:\GITHUB\ReportePrematch.Web\ReportePrematch.Web\Controllers\ReportesController.cs:line 476
   at Microsoft.AspNetCore.Mvc.Infrastructure.ActionMethodExecutor.TaskOfIActionResultExecutor.Execute(ActionContext actionContext, IActionResultTypeMapper mapper, ObjectMethodExecutor executor, Object controller, Object[] arguments)
   at Microsoft.AspNetCore.Mvc.Infrastructure.ControllerActionInvoker.<InvokeActionMethodAsync>g__Awaited|12_0(ControllerActionInvoker invoker, ValueTask`1 actionResultValueTask)
   at Microsoft.AspNetCore.Mvc.Infrastructure.ControllerActionInvoker.<InvokeNextActionFilterAsync>g__Awaited|10_0(ControllerActionInvoker invoker, Task lastTask, State next, Scope scope, Object state, Boolean isCompleted)
   at Microsoft.AspNetCore.Mvc.Infrastructure.ControllerActionInvoker.Rethrow(ActionExecutedContextSealed context)
   at Microsoft.AspNetCore.Mvc.Infrastructure.ControllerActionInvoker.Next(State& next, Scope& scope, Object& state, Boolean& isCompleted)
   at Microsoft.AspNetCore.Mvc.Infrastructure.ControllerActionInvoker.<InvokeInnerFilterAsync>g__Awaited|13_0(ControllerActionInvoker invoker, Task lastTask, State next, Scope scope, Object state, Boolean isCompleted)
   at Microsoft.AspNetCore.Mvc.Infrastructure.ResourceInvoker.<InvokeNextResourceFilter>g__Awaited|25_0(ResourceInvoker invoker, Task lastTask, State next, Scope scope, Object state, Boolean isCompleted)
   at Microsoft.AspNetCore.Mvc.Infrastructure.ResourceInvoker.Rethrow(ResourceExecutedContextSealed context)
   at Microsoft.AspNetCore.Mvc.Infrastructure.ResourceInvoker.Next(State& next, Scope& scope, Object& state, Boolean& isCompleted)
   at Microsoft.AspNetCore.Mvc.Infrastructure.ResourceInvoker.<InvokeFilterPipelineAsync>g__Awaited|20_0(ResourceInvoker invoker, Task lastTask, State next, Scope scope, Object state, Boolean isCompleted)
   at Microsoft.AspNetCore.Mvc.Infrastructure.ResourceInvoker.<InvokeAsync>g__Awaited|17_0(ResourceInvoker invoker, Task task, IDisposable scope)
   at Microsoft.AspNetCore.Mvc.Infrastructure.ResourceInvoker.<InvokeAsync>g__Awaited|17_0(ResourceInvoker invoker, Task task, IDisposable scope)
   at Microsoft.AspNetCore.Authorization.AuthorizationMiddleware.Invoke(HttpContext context)
   at Microsoft.AspNetCore.Session.SessionMiddleware.Invoke(HttpContext context)
   at Microsoft.AspNetCore.Session.SessionMiddleware.Invoke(HttpContext context)
   at Serilog.AspNetCore.RequestLoggingMiddleware.Invoke(HttpContext httpContext)
2026-08-04 20:00:01.539 -04:00 [ERR] An unhandled exception has occurred while executing the request.
System.Net.Http.HttpRequestException: Response status code does not indicate success: 500 (Internal Server Error).
   at System.Net.Http.HttpResponseMessage.EnsureSuccessStatusCode()
   at ReportePrematch.Web.Services.Clients.ReportesService.EjecutarQuerysAsync(String sql, Int32 db) in D:\GITHUB\ReportePrematch.Web\ReportePrematch.Web\Services\Clients\ReportesService.cs:line 98
   at ReportePrematch.Web.Services.Clients.ReportesService.GetEstadisticasTaqAsync(String fechaD, String fechaH, String agente, String local, String pais, String role) in D:\GITHUB\ReportePrematch.Web\ReportePrematch.Web\Services\Clients\ReportesService.cs:line 795
   at ReportePrematch.Web.Controllers.ReportesController.GetEstadisticasTaq(String fechaD, String fechaH, String agente) in D:\GITHUB\ReportePrematch.Web\ReportePrematch.Web\Controllers\ReportesController.cs:line 476
   at Microsoft.AspNetCore.Mvc.Infrastructure.ActionMethodExecutor.TaskOfIActionResultExecutor.Execute(ActionContext actionContext, IActionResultTypeMapper mapper, ObjectMethodExecutor executor, Object controller, Object[] arguments)
   at Microsoft.AspNetCore.Mvc.Infrastructure.ControllerActionInvoker.<InvokeActionMethodAsync>g__Awaited|12_0(ControllerActionInvoker invoker, ValueTask`1 actionResultValueTask)
   at Microsoft.AspNetCore.Mvc.Infrastructure.ControllerActionInvoker.<InvokeNextActionFilterAsync>g__Awaited|10_0(ControllerActionInvoker invoker, Task lastTask, State next, Scope scope, Object state, Boolean isCompleted)
   at Microsoft.AspNetCore.Mvc.Infrastructure.ControllerActionInvoker.Rethrow(ActionExecutedContextSealed context)
   at Microsoft.AspNetCore.Mvc.Infrastructure.ControllerActionInvoker.Next(State& next, Scope& scope, Object& state, Boolean& isCompleted)
   at Microsoft.AspNetCore.Mvc.Infrastructure.ControllerActionInvoker.<InvokeInnerFilterAsync>g__Awaited|13_0(ControllerActionInvoker invoker, Task lastTask, State next, Scope scope, Object state, Boolean isCompleted)
   at Microsoft.AspNetCore.Mvc.Infrastructure.ResourceInvoker.<InvokeNextResourceFilter>g__Awaited|25_0(ResourceInvoker invoker, Task lastTask, State next, Scope scope, Object state, Boolean isCompleted)
   at Microsoft.AspNetCore.Mvc.Infrastructure.ResourceInvoker.Rethrow(ResourceExecutedContextSealed context)
   at Microsoft.AspNetCore.Mvc.Infrastructure.ResourceInvoker.Next(State& next, Scope& scope, Object& state, Boolean& isCompleted)
   at Microsoft.AspNetCore.Mvc.Infrastructure.ResourceInvoker.<InvokeFilterPipelineAsync>g__Awaited|20_0(ResourceInvoker invoker, Task lastTask, State next, Scope scope, Object state, Boolean isCompleted)
   at Microsoft.AspNetCore.Mvc.Infrastructure.ResourceInvoker.<InvokeAsync>g__Awaited|17_0(ResourceInvoker invoker, Task task, IDisposable scope)
   at Microsoft.AspNetCore.Mvc.Infrastructure.ResourceInvoker.<InvokeAsync>g__Awaited|17_0(ResourceInvoker invoker, Task task, IDisposable scope)
   at Microsoft.AspNetCore.Authorization.AuthorizationMiddleware.Invoke(HttpContext context)
   at Microsoft.AspNetCore.Session.SessionMiddleware.Invoke(HttpContext context)
   at Microsoft.AspNetCore.Session.SessionMiddleware.Invoke(HttpContext context)
   at Serilog.AspNetCore.RequestLoggingMiddleware.Invoke(HttpContext httpContext)
   at Microsoft.AspNetCore.Authentication.AuthenticationMiddleware.Invoke(HttpContext context)
   at Microsoft.AspNetCore.Diagnostics.DeveloperExceptionPageMiddlewareImpl.Invoke(HttpContext context)
2026-08-04 20:00:17.583 -04:00 [INF] HTTP GET /.well-known/appspecific/com.chrome.devtools.json responded 404 in 0.9816 ms
2026-08-04 20:00:23.054 -04:00 [INF] HTTP GET /Reportes/GetEstadisticasTaq responded 405 in 0.3501 ms
2026-08-04 20:03:46.438 -04:00 [INF] SOAP ejecutarQuerys db=2 sql[796]=SELECT
    UPPER(LTRIM(RTRIM(c.deporte)))                            AS Categoria,
    COUNT(DISTINCT a.ticket)         …
2026-08-04 20:03:47.465 -04:00 [ERR] Error SOAP ejecutarQuerys db=2
System.Net.Http.HttpRequestException: Response status code does not indicate success: 500 (Internal Server Error).
   at System.Net.Http.HttpResponseMessage.EnsureSuccessStatusCode()
   at ReportePrematch.Web.Services.Clients.ReportesService.EjecutarQuerysAsync(String sql, Int32 db) in D:\GITHUB\ReportePrematch.Web\ReportePrematch.Web\Services\Clients\ReportesService.cs:line 98
2026-08-04 20:03:47.625 -04:00 [ERR] HTTP POST /Reportes/GetEstadisticasTaq responded 500 in 1188.4674 ms
System.Net.Http.HttpRequestException: Response status code does not indicate success: 500 (Internal Server Error).
   at System.Net.Http.HttpResponseMessage.EnsureSuccessStatusCode()
   at ReportePrematch.Web.Services.Clients.ReportesService.EjecutarQuerysAsync(String sql, Int32 db) in D:\GITHUB\ReportePrematch.Web\ReportePrematch.Web\Services\Clients\ReportesService.cs:line 98
   at ReportePrematch.Web.Services.Clients.ReportesService.GetEstadisticasTaqAsync(String fechaD, String fechaH, String agente, String local, String pais, String role) in D:\GITHUB\ReportePrematch.Web\ReportePrematch.Web\Services\Clients\ReportesService.cs:line 795
   at ReportePrematch.Web.Controllers.ReportesController.GetEstadisticasTaq(String fechaD, String fechaH, String agente) in D:\GITHUB\ReportePrematch.Web\ReportePrematch.Web\Controllers\ReportesController.cs:line 476
   at Microsoft.AspNetCore.Mvc.Infrastructure.ActionMethodExecutor.TaskOfIActionResultExecutor.Execute(ActionContext actionContext, IActionResultTypeMapper mapper, ObjectMethodExecutor executor, Object controller, Object[] arguments)
   at Microsoft.AspNetCore.Mvc.Infrastructure.ControllerActionInvoker.<InvokeActionMethodAsync>g__Awaited|12_0(ControllerActionInvoker invoker, ValueTask`1 actionResultValueTask)
   at Microsoft.AspNetCore.Mvc.Infrastructure.ControllerActionInvoker.<InvokeNextActionFilterAsync>g__Awaited|10_0(ControllerActionInvoker invoker, Task lastTask, State next, Scope scope, Object state, Boolean isCompleted)
   at Microsoft.AspNetCore.Mvc.Infrastructure.ControllerActionInvoker.Rethrow(ActionExecutedContextSealed context)
   at Microsoft.AspNetCore.Mvc.Infrastructure.ControllerActionInvoker.Next(State& next, Scope& scope, Object& state, Boolean& isCompleted)
   at Microsoft.AspNetCore.Mvc.Infrastructure.ControllerActionInvoker.<InvokeInnerFilterAsync>g__Awaited|13_0(ControllerActionInvoker invoker, Task lastTask, State next, Scope scope, Object state, Boolean isCompleted)
   at Microsoft.AspNetCore.Mvc.Infrastructure.ResourceInvoker.<InvokeNextResourceFilter>g__Awaited|25_0(ResourceInvoker invoker, Task lastTask, State next, Scope scope, Object state, Boolean isCompleted)
   at Microsoft.AspNetCore.Mvc.Infrastructure.ResourceInvoker.Rethrow(ResourceExecutedContextSealed context)
   at Microsoft.AspNetCore.Mvc.Infrastructure.ResourceInvoker.Next(State& next, Scope& scope, Object& state, Boolean& isCompleted)
   at Microsoft.AspNetCore.Mvc.Infrastructure.ResourceInvoker.<InvokeFilterPipelineAsync>g__Awaited|20_0(ResourceInvoker invoker, Task lastTask, State next, Scope scope, Object state, Boolean isCompleted)
   at Microsoft.AspNetCore.Mvc.Infrastructure.ResourceInvoker.<InvokeAsync>g__Awaited|17_0(ResourceInvoker invoker, Task task, IDisposable scope)
   at Microsoft.AspNetCore.Mvc.Infrastructure.ResourceInvoker.<InvokeAsync>g__Awaited|17_0(ResourceInvoker invoker, Task task, IDisposable scope)
   at Microsoft.AspNetCore.Authorization.AuthorizationMiddleware.Invoke(HttpContext context)
   at Microsoft.AspNetCore.Session.SessionMiddleware.Invoke(HttpContext context)
   at Microsoft.AspNetCore.Session.SessionMiddleware.Invoke(HttpContext context)
   at Serilog.AspNetCore.RequestLoggingMiddleware.Invoke(HttpContext httpContext)
2026-08-04 20:03:47.665 -04:00 [ERR] An unhandled exception has occurred while executing the request.
System.Net.Http.HttpRequestException: Response status code does not indicate success: 500 (Internal Server Error).
   at System.Net.Http.HttpResponseMessage.EnsureSuccessStatusCode()
   at ReportePrematch.Web.Services.Clients.ReportesService.EjecutarQuerysAsync(String sql, Int32 db) in D:\GITHUB\ReportePrematch.Web\ReportePrematch.Web\Services\Clients\ReportesService.cs:line 98
   at ReportePrematch.Web.Services.Clients.ReportesService.GetEstadisticasTaqAsync(String fechaD, String fechaH, String agente, String local, String pais, String role) in D:\GITHUB\ReportePrematch.Web\ReportePrematch.Web\Services\Clients\ReportesService.cs:line 795
   at ReportePrematch.Web.Controllers.ReportesController.GetEstadisticasTaq(String fechaD, String fechaH, String agente) in D:\GITHUB\ReportePrematch.Web\ReportePrematch.Web\Controllers\ReportesController.cs:line 476
   at Microsoft.AspNetCore.Mvc.Infrastructure.ActionMethodExecutor.TaskOfIActionResultExecutor.Execute(ActionContext actionContext, IActionResultTypeMapper mapper, ObjectMethodExecutor executor, Object controller, Object[] arguments)
   at Microsoft.AspNetCore.Mvc.Infrastructure.ControllerActionInvoker.<InvokeActionMethodAsync>g__Awaited|12_0(ControllerActionInvoker invoker, ValueTask`1 actionResultValueTask)
   at Microsoft.AspNetCore.Mvc.Infrastructure.ControllerActionInvoker.<InvokeNextActionFilterAsync>g__Awaited|10_0(ControllerActionInvoker invoker, Task lastTask, State next, Scope scope, Object state, Boolean isCompleted)
   at Microsoft.AspNetCore.Mvc.Infrastructure.ControllerActionInvoker.Rethrow(ActionExecutedContextSealed context)
   at Microsoft.AspNetCore.Mvc.Infrastructure.ControllerActionInvoker.Next(State& next, Scope& scope, Object& state, Boolean& isCompleted)
   at Microsoft.AspNetCore.Mvc.Infrastructure.ControllerActionInvoker.<InvokeInnerFilterAsync>g__Awaited|13_0(ControllerActionInvoker invoker, Task lastTask, State next, Scope scope, Object state, Boolean isCompleted)
   at Microsoft.AspNetCore.Mvc.Infrastructure.ResourceInvoker.<InvokeNextResourceFilter>g__Awaited|25_0(ResourceInvoker invoker, Task lastTask, State next, Scope scope, Object state, Boolean isCompleted)
   at Microsoft.AspNetCore.Mvc.Infrastructure.ResourceInvoker.Rethrow(ResourceExecutedContextSealed context)
   at Microsoft.AspNetCore.Mvc.Infrastructure.ResourceInvoker.Next(State& next, Scope& scope, Object& state, Boolean& isCompleted)
   at Microsoft.AspNetCore.Mvc.Infrastructure.ResourceInvoker.<InvokeFilterPipelineAsync>g__Awaited|20_0(ResourceInvoker invoker, Task lastTask, State next, Scope scope, Object state, Boolean isCompleted)
   at Microsoft.AspNetCore.Mvc.Infrastructure.ResourceInvoker.<InvokeAsync>g__Awaited|17_0(ResourceInvoker invoker, Task task, IDisposable scope)
   at Microsoft.AspNetCore.Mvc.Infrastructure.ResourceInvoker.<InvokeAsync>g__Awaited|17_0(ResourceInvoker invoker, Task task, IDisposable scope)
   at Microsoft.AspNetCore.Authorization.AuthorizationMiddleware.Invoke(HttpContext context)
   at Microsoft.AspNetCore.Session.SessionMiddleware.Invoke(HttpContext context)
   at Microsoft.AspNetCore.Session.SessionMiddleware.Invoke(HttpContext context)
   at Serilog.AspNetCore.RequestLoggingMiddleware.Invoke(HttpContext httpContext)
   at Microsoft.AspNetCore.Authentication.AuthenticationMiddleware.Invoke(HttpContext context)
   at Microsoft.AspNetCore.Diagnostics.DeveloperExceptionPageMiddlewareImpl.Invoke(HttpContext context)
2026-08-04 20:07:14.702 -04:00 [INF] HTTP GET /Reportes/EstadisticasTaq responded 200 in 3.7216 ms
2026-08-04 20:07:14.921 -04:00 [INF] HTTP GET /.well-known/appspecific/com.chrome.devtools.json responded 404 in 0.1913 ms
2026-08-04 20:07:23.688 -04:00 [INF] HTTP POST /Reportes/GetListAgencias responded 200 in 7685.8401 ms
2026-08-04 20:07:34.225 -04:00 [INF] SOAP ejecutarQuerys db=2 sql[796]=SELECT
    UPPER(LTRIM(RTRIM(c.deporte)))                            AS Categoria,
    COUNT(DISTINCT a.ticket)         …
2026-08-04 20:07:35.252 -04:00 [ERR] Error SOAP ejecutarQuerys db=2
System.Net.Http.HttpRequestException: Response status code does not indicate success: 500 (Internal Server Error).
   at System.Net.Http.HttpResponseMessage.EnsureSuccessStatusCode()
   at ReportePrematch.Web.Services.Clients.ReportesService.EjecutarQuerysAsync(String sql, Int32 db) in D:\GITHUB\ReportePrematch.Web\ReportePrematch.Web\Services\Clients\ReportesService.cs:line 98
2026-08-04 20:07:35.406 -04:00 [ERR] HTTP POST /Reportes/GetEstadisticasTaq responded 500 in 1181.9882 ms
System.Net.Http.HttpRequestException: Response status code does not indicate success: 500 (Internal Server Error).
   at System.Net.Http.HttpResponseMessage.EnsureSuccessStatusCode()
   at ReportePrematch.Web.Services.Clients.ReportesService.EjecutarQuerysAsync(String sql, Int32 db) in D:\GITHUB\ReportePrematch.Web\ReportePrematch.Web\Services\Clients\ReportesService.cs:line 98
   at ReportePrematch.Web.Services.Clients.ReportesService.GetEstadisticasTaqAsync(String fechaD, String fechaH, String agente, String local, String pais, String role) in D:\GITHUB\ReportePrematch.Web\ReportePrematch.Web\Services\Clients\ReportesService.cs:line 795
   at ReportePrematch.Web.Controllers.ReportesController.GetEstadisticasTaq(String fechaD, String fechaH, String agente) in D:\GITHUB\ReportePrematch.Web\ReportePrematch.Web\Controllers\ReportesController.cs:line 476
   at Microsoft.AspNetCore.Mvc.Infrastructure.ActionMethodExecutor.TaskOfIActionResultExecutor.Execute(ActionContext actionContext, IActionResultTypeMapper mapper, ObjectMethodExecutor executor, Object controller, Object[] arguments)
   at Microsoft.AspNetCore.Mvc.Infrastructure.ControllerActionInvoker.<InvokeActionMethodAsync>g__Awaited|12_0(ControllerActionInvoker invoker, ValueTask`1 actionResultValueTask)
   at Microsoft.AspNetCore.Mvc.Infrastructure.ControllerActionInvoker.<InvokeNextActionFilterAsync>g__Awaited|10_0(ControllerActionInvoker invoker, Task lastTask, State next, Scope scope, Object state, Boolean isCompleted)
   at Microsoft.AspNetCore.Mvc.Infrastructure.ControllerActionInvoker.Rethrow(ActionExecutedContextSealed context)
   at Microsoft.AspNetCore.Mvc.Infrastructure.ControllerActionInvoker.Next(State& next, Scope& scope, Object& state, Boolean& isCompleted)
   at Microsoft.AspNetCore.Mvc.Infrastructure.ControllerActionInvoker.<InvokeInnerFilterAsync>g__Awaited|13_0(ControllerActionInvoker invoker, Task lastTask, State next, Scope scope, Object state, Boolean isCompleted)
   at Microsoft.AspNetCore.Mvc.Infrastructure.ResourceInvoker.<InvokeNextResourceFilter>g__Awaited|25_0(ResourceInvoker invoker, Task lastTask, State next, Scope scope, Object state, Boolean isCompleted)
   at Microsoft.AspNetCore.Mvc.Infrastructure.ResourceInvoker.Rethrow(ResourceExecutedContextSealed context)
   at Microsoft.AspNetCore.Mvc.Infrastructure.ResourceInvoker.Next(State& next, Scope& scope, Object& state, Boolean& isCompleted)
   at Microsoft.AspNetCore.Mvc.Infrastructure.ResourceInvoker.<InvokeFilterPipelineAsync>g__Awaited|20_0(ResourceInvoker invoker, Task lastTask, State next, Scope scope, Object state, Boolean isCompleted)
   at Microsoft.AspNetCore.Mvc.Infrastructure.ResourceInvoker.<InvokeAsync>g__Awaited|17_0(ResourceInvoker invoker, Task task, IDisposable scope)
   at Microsoft.AspNetCore.Mvc.Infrastructure.ResourceInvoker.<InvokeAsync>g__Awaited|17_0(ResourceInvoker invoker, Task task, IDisposable scope)
   at Microsoft.AspNetCore.Authorization.AuthorizationMiddleware.Invoke(HttpContext context)
   at Microsoft.AspNetCore.Session.SessionMiddleware.Invoke(HttpContext context)
   at Microsoft.AspNetCore.Session.SessionMiddleware.Invoke(HttpContext context)
   at Serilog.AspNetCore.RequestLoggingMiddleware.Invoke(HttpContext httpContext)
2026-08-04 20:07:35.433 -04:00 [ERR] An unhandled exception has occurred while executing the request.
System.Net.Http.HttpRequestException: Response status code does not indicate success: 500 (Internal Server Error).
   at System.Net.Http.HttpResponseMessage.EnsureSuccessStatusCode()
   at ReportePrematch.Web.Services.Clients.ReportesService.EjecutarQuerysAsync(String sql, Int32 db) in D:\GITHUB\ReportePrematch.Web\ReportePrematch.Web\Services\Clients\ReportesService.cs:line 98
   at ReportePrematch.Web.Services.Clients.ReportesService.GetEstadisticasTaqAsync(String fechaD, String fechaH, String agente, String local, String pais, String role) in D:\GITHUB\ReportePrematch.Web\ReportePrematch.Web\Services\Clients\ReportesService.cs:line 795
   at ReportePrematch.Web.Controllers.ReportesController.GetEstadisticasTaq(String fechaD, String fechaH, String agente) in D:\GITHUB\ReportePrematch.Web\ReportePrematch.Web\Controllers\ReportesController.cs:line 476
   at Microsoft.AspNetCore.Mvc.Infrastructure.ActionMethodExecutor.TaskOfIActionResultExecutor.Execute(ActionContext actionContext, IActionResultTypeMapper mapper, ObjectMethodExecutor executor, Object controller, Object[] arguments)
   at Microsoft.AspNetCore.Mvc.Infrastructure.ControllerActionInvoker.<InvokeActionMethodAsync>g__Awaited|12_0(ControllerActionInvoker invoker, ValueTask`1 actionResultValueTask)
   at Microsoft.AspNetCore.Mvc.Infrastructure.ControllerActionInvoker.<InvokeNextActionFilterAsync>g__Awaited|10_0(ControllerActionInvoker invoker, Task lastTask, State next, Scope scope, Object state, Boolean isCompleted)
   at Microsoft.AspNetCore.Mvc.Infrastructure.ControllerActionInvoker.Rethrow(ActionExecutedContextSealed context)
   at Microsoft.AspNetCore.Mvc.Infrastructure.ControllerActionInvoker.Next(State& next, Scope& scope, Object& state, Boolean& isCompleted)
   at Microsoft.AspNetCore.Mvc.Infrastructure.ControllerActionInvoker.<InvokeInnerFilterAsync>g__Awaited|13_0(ControllerActionInvoker invoker, Task lastTask, State next, Scope scope, Object state, Boolean isCompleted)
   at Microsoft.AspNetCore.Mvc.Infrastructure.ResourceInvoker.<InvokeNextResourceFilter>g__Awaited|25_0(ResourceInvoker invoker, Task lastTask, State next, Scope scope, Object state, Boolean isCompleted)
   at Microsoft.AspNetCore.Mvc.Infrastructure.ResourceInvoker.Rethrow(ResourceExecutedContextSealed context)
   at Microsoft.AspNetCore.Mvc.Infrastructure.ResourceInvoker.Next(State& next, Scope& scope, Object& state, Boolean& isCompleted)
   at Microsoft.AspNetCore.Mvc.Infrastructure.ResourceInvoker.<InvokeFilterPipelineAsync>g__Awaited|20_0(ResourceInvoker invoker, Task lastTask, State next, Scope scope, Object state, Boolean isCompleted)
   at Microsoft.AspNetCore.Mvc.Infrastructure.ResourceInvoker.<InvokeAsync>g__Awaited|17_0(ResourceInvoker invoker, Task task, IDisposable scope)
   at Microsoft.AspNetCore.Mvc.Infrastructure.ResourceInvoker.<InvokeAsync>g__Awaited|17_0(ResourceInvoker invoker, Task task, IDisposable scope)
   at Microsoft.AspNetCore.Authorization.AuthorizationMiddleware.Invoke(HttpContext context)
   at Microsoft.AspNetCore.Session.SessionMiddleware.Invoke(HttpContext context)
   at Microsoft.AspNetCore.Session.SessionMiddleware.Invoke(HttpContext context)
   at Serilog.AspNetCore.RequestLoggingMiddleware.Invoke(HttpContext httpContext)
   at Microsoft.AspNetCore.Authentication.AuthenticationMiddleware.Invoke(HttpContext context)
   at Microsoft.AspNetCore.Diagnostics.DeveloperExceptionPageMiddlewareImpl.Invoke(HttpContext context)
2026-08-04 20:07:44.008 -04:00 [INF] Iniciando ReportePrematch.Web...
2026-08-04 20:07:46.089 -04:00 [INF] HTTP GET / responded 200 in 572.7121 ms
2026-08-04 20:07:59.819 -04:00 [INF] Login exitoso: vlapenta [Usuario suAdmin]
2026-08-04 20:07:59.828 -04:00 [INF] HTTP POST / responded 302 in 3496.2783 ms
2026-08-04 20:08:00.011 -04:00 [INF] HTTP GET /Reportes/VentasPorAgenteTaq responded 200 in 173.4649 ms
2026-08-04 20:08:03.721 -04:00 [INF] HTTP POST /Reportes/GetListAgencias responded 200 in 3226.8762 ms
2026-08-04 20:08:24.014 -04:00 [INF] HTTP POST /Reportes/GetVentasPorAgenteTaq responded 200 in 644.7395 ms
2026-08-04 20:08:29.324 -04:00 [INF] HTTP GET /Reportes/EstadisticasTaq responded 200 in 72.9490 ms
2026-08-04 20:08:32.556 -04:00 [INF] HTTP POST /Reportes/GetListAgencias responded 200 in 2967.0276 ms
2026-08-04 20:08:44.604 -04:00 [INF] SOAP ejecutarQuerys db=2 sql[796]=SELECT
    UPPER(LTRIM(RTRIM(c.deporte)))                            AS Categoria,
    COUNT(DISTINCT a.ticket)         …
2026-08-04 20:08:45.664 -04:00 [ERR] Error SOAP ejecutarQuerys db=2
System.Net.Http.HttpRequestException: Response status code does not indicate success: 500 (Internal Server Error).
   at System.Net.Http.HttpResponseMessage.EnsureSuccessStatusCode()
   at ReportePrematch.Web.Services.Clients.ReportesService.EjecutarQuerysAsync(String sql, Int32 db) in D:\GITHUB\ReportePrematch.Web\ReportePrematch.Web\Services\Clients\ReportesService.cs:line 98
2026-08-04 20:08:45.912 -04:00 [ERR] HTTP POST /Reportes/GetEstadisticasTaq responded 500 in 1342.4098 ms
System.Net.Http.HttpRequestException: Response status code does not indicate success: 500 (Internal Server Error).
   at System.Net.Http.HttpResponseMessage.EnsureSuccessStatusCode()
   at ReportePrematch.Web.Services.Clients.ReportesService.EjecutarQuerysAsync(String sql, Int32 db) in D:\GITHUB\ReportePrematch.Web\ReportePrematch.Web\Services\Clients\ReportesService.cs:line 98
   at ReportePrematch.Web.Services.Clients.ReportesService.GetEstadisticasTaqAsync(String fechaD, String fechaH, String agente, String local, String pais, String role) in D:\GITHUB\ReportePrematch.Web\ReportePrematch.Web\Services\Clients\ReportesService.cs:line 795
   at ReportePrematch.Web.Controllers.ReportesController.GetEstadisticasTaq(String fechaD, String fechaH, String agente) in D:\GITHUB\ReportePrematch.Web\ReportePrematch.Web\Controllers\ReportesController.cs:line 476
   at Microsoft.AspNetCore.Mvc.Infrastructure.ActionMethodExecutor.TaskOfIActionResultExecutor.Execute(ActionContext actionContext, IActionResultTypeMapper mapper, ObjectMethodExecutor executor, Object controller, Object[] arguments)
   at Microsoft.AspNetCore.Mvc.Infrastructure.ControllerActionInvoker.<InvokeActionMethodAsync>g__Awaited|12_0(ControllerActionInvoker invoker, ValueTask`1 actionResultValueTask)
   at Microsoft.AspNetCore.Mvc.Infrastructure.ControllerActionInvoker.<InvokeNextActionFilterAsync>g__Awaited|10_0(ControllerActionInvoker invoker, Task lastTask, State next, Scope scope, Object state, Boolean isCompleted)
   at Microsoft.AspNetCore.Mvc.Infrastructure.ControllerActionInvoker.Rethrow(ActionExecutedContextSealed context)
   at Microsoft.AspNetCore.Mvc.Infrastructure.ControllerActionInvoker.Next(State& next, Scope& scope, Object& state, Boolean& isCompleted)
   at Microsoft.AspNetCore.Mvc.Infrastructure.ControllerActionInvoker.<InvokeInnerFilterAsync>g__Awaited|13_0(ControllerActionInvoker invoker, Task lastTask, State next, Scope scope, Object state, Boolean isCompleted)
   at Microsoft.AspNetCore.Mvc.Infrastructure.ResourceInvoker.<InvokeNextResourceFilter>g__Awaited|25_0(ResourceInvoker invoker, Task lastTask, State next, Scope scope, Object state, Boolean isCompleted)
   at Microsoft.AspNetCore.Mvc.Infrastructure.ResourceInvoker.Rethrow(ResourceExecutedContextSealed context)
   at Microsoft.AspNetCore.Mvc.Infrastructure.ResourceInvoker.Next(State& next, Scope& scope, Object& state, Boolean& isCompleted)
   at Microsoft.AspNetCore.Mvc.Infrastructure.ResourceInvoker.<InvokeFilterPipelineAsync>g__Awaited|20_0(ResourceInvoker invoker, Task lastTask, State next, Scope scope, Object state, Boolean isCompleted)
   at Microsoft.AspNetCore.Mvc.Infrastructure.ResourceInvoker.<InvokeAsync>g__Awaited|17_0(ResourceInvoker invoker, Task task, IDisposable scope)
   at Microsoft.AspNetCore.Mvc.Infrastructure.ResourceInvoker.<InvokeAsync>g__Awaited|17_0(ResourceInvoker invoker, Task task, IDisposable scope)
   at Microsoft.AspNetCore.Authorization.AuthorizationMiddleware.Invoke(HttpContext context)
   at Microsoft.AspNetCore.Session.SessionMiddleware.Invoke(HttpContext context)
   at Microsoft.AspNetCore.Session.SessionMiddleware.Invoke(HttpContext context)
   at Serilog.AspNetCore.RequestLoggingMiddleware.Invoke(HttpContext httpContext)
2026-08-04 20:08:45.928 -04:00 [ERR] An unhandled exception has occurred while executing the request.
System.Net.Http.HttpRequestException: Response status code does not indicate success: 500 (Internal Server Error).
   at System.Net.Http.HttpResponseMessage.EnsureSuccessStatusCode()
   at ReportePrematch.Web.Services.Clients.ReportesService.EjecutarQuerysAsync(String sql, Int32 db) in D:\GITHUB\ReportePrematch.Web\ReportePrematch.Web\Services\Clients\ReportesService.cs:line 98
   at ReportePrematch.Web.Services.Clients.ReportesService.GetEstadisticasTaqAsync(String fechaD, String fechaH, String agente, String local, String pais, String role) in D:\GITHUB\ReportePrematch.Web\ReportePrematch.Web\Services\Clients\ReportesService.cs:line 795
   at ReportePrematch.Web.Controllers.ReportesController.GetEstadisticasTaq(String fechaD, String fechaH, String agente) in D:\GITHUB\ReportePrematch.Web\ReportePrematch.Web\Controllers\ReportesController.cs:line 476
   at Microsoft.AspNetCore.Mvc.Infrastructure.ActionMethodExecutor.TaskOfIActionResultExecutor.Execute(ActionContext actionContext, IActionResultTypeMapper mapper, ObjectMethodExecutor executor, Object controller, Object[] arguments)
   at Microsoft.AspNetCore.Mvc.Infrastructure.ControllerActionInvoker.<InvokeActionMethodAsync>g__Awaited|12_0(ControllerActionInvoker invoker, ValueTask`1 actionResultValueTask)
   at Microsoft.AspNetCore.Mvc.Infrastructure.ControllerActionInvoker.<InvokeNextActionFilterAsync>g__Awaited|10_0(ControllerActionInvoker invoker, Task lastTask, State next, Scope scope, Object state, Boolean isCompleted)
   at Microsoft.AspNetCore.Mvc.Infrastructure.ControllerActionInvoker.Rethrow(ActionExecutedContextSealed context)
   at Microsoft.AspNetCore.Mvc.Infrastructure.ControllerActionInvoker.Next(State& next, Scope& scope, Object& state, Boolean& isCompleted)
   at Microsoft.AspNetCore.Mvc.Infrastructure.ControllerActionInvoker.<InvokeInnerFilterAsync>g__Awaited|13_0(ControllerActionInvoker invoker, Task lastTask, State next, Scope scope, Object state, Boolean isCompleted)
   at Microsoft.AspNetCore.Mvc.Infrastructure.ResourceInvoker.<InvokeNextResourceFilter>g__Awaited|25_0(ResourceInvoker invoker, Task lastTask, State next, Scope scope, Object state, Boolean isCompleted)
   at Microsoft.AspNetCore.Mvc.Infrastructure.ResourceInvoker.Rethrow(ResourceExecutedContextSealed context)
   at Microsoft.AspNetCore.Mvc.Infrastructure.ResourceInvoker.Next(State& next, Scope& scope, Object& state, Boolean& isCompleted)
   at Microsoft.AspNetCore.Mvc.Infrastructure.ResourceInvoker.<InvokeFilterPipelineAsync>g__Awaited|20_0(ResourceInvoker invoker, Task lastTask, State next, Scope scope, Object state, Boolean isCompleted)
   at Microsoft.AspNetCore.Mvc.Infrastructure.ResourceInvoker.<InvokeAsync>g__Awaited|17_0(ResourceInvoker invoker, Task task, IDisposable scope)
   at Microsoft.AspNetCore.Mvc.Infrastructure.ResourceInvoker.<InvokeAsync>g__Awaited|17_0(ResourceInvoker invoker, Task task, IDisposable scope)
   at Microsoft.AspNetCore.Authorization.AuthorizationMiddleware.Invoke(HttpContext context)
   at Microsoft.AspNetCore.Session.SessionMiddleware.Invoke(HttpContext context)
   at Microsoft.AspNetCore.Session.SessionMiddleware.Invoke(HttpContext context)
   at Serilog.AspNetCore.RequestLoggingMiddleware.Invoke(HttpContext httpContext)
   at Microsoft.AspNetCore.Authentication.AuthenticationMiddleware.Invoke(HttpContext context)
   at Microsoft.AspNetCore.Diagnostics.DeveloperExceptionPageMiddlewareImpl.Invoke(HttpContext context)
2026-08-04 21:00:01.250 -04:00 [INF] SOAP ejecutarQuerys db=2 sql[796]=SELECT
    UPPER(LTRIM(RTRIM(c.deporte)))                            AS Categoria,
    COUNT(DISTINCT a.ticket)         …
2026-08-04 21:00:02.277 -04:00 [ERR] Error SOAP ejecutarQuerys db=2
System.Net.Http.HttpRequestException: Response status code does not indicate success: 500 (Internal Server Error).
   at System.Net.Http.HttpResponseMessage.EnsureSuccessStatusCode()
   at ReportePrematch.Web.Services.Clients.ReportesService.EjecutarQuerysAsync(String sql, Int32 db) in D:\GITHUB\ReportePrematch.Web\ReportePrematch.Web\Services\Clients\ReportesService.cs:line 98
2026-08-04 21:00:02.405 -04:00 [ERR] HTTP POST /Reportes/GetEstadisticasTaq responded 500 in 1157.0562 ms
System.Net.Http.HttpRequestException: Response status code does not indicate success: 500 (Internal Server Error).
   at System.Net.Http.HttpResponseMessage.EnsureSuccessStatusCode()
   at ReportePrematch.Web.Services.Clients.ReportesService.EjecutarQuerysAsync(String sql, Int32 db) in D:\GITHUB\ReportePrematch.Web\ReportePrematch.Web\Services\Clients\ReportesService.cs:line 98
   at ReportePrematch.Web.Services.Clients.ReportesService.GetEstadisticasTaqAsync(String fechaD, String fechaH, String agente, String local, String pais, String role) in D:\GITHUB\ReportePrematch.Web\ReportePrematch.Web\Services\Clients\ReportesService.cs:line 795
   at ReportePrematch.Web.Controllers.ReportesController.GetEstadisticasTaq(String fechaD, String fechaH, String agente) in D:\GITHUB\ReportePrematch.Web\ReportePrematch.Web\Controllers\ReportesController.cs:line 476
   at Microsoft.AspNetCore.Mvc.Infrastructure.ActionMethodExecutor.TaskOfIActionResultExecutor.Execute(ActionContext actionContext, IActionResultTypeMapper mapper, ObjectMethodExecutor executor, Object controller, Object[] arguments)
   at Microsoft.AspNetCore.Mvc.Infrastructure.ControllerActionInvoker.<InvokeActionMethodAsync>g__Awaited|12_0(ControllerActionInvoker invoker, ValueTask`1 actionResultValueTask)
   at Microsoft.AspNetCore.Mvc.Infrastructure.ControllerActionInvoker.<InvokeNextActionFilterAsync>g__Awaited|10_0(ControllerActionInvoker invoker, Task lastTask, State next, Scope scope, Object state, Boolean isCompleted)
   at Microsoft.AspNetCore.Mvc.Infrastructure.ControllerActionInvoker.Rethrow(ActionExecutedContextSealed context)
   at Microsoft.AspNetCore.Mvc.Infrastructure.ControllerActionInvoker.Next(State& next, Scope& scope, Object& state, Boolean& isCompleted)
   at Microsoft.AspNetCore.Mvc.Infrastructure.ControllerActionInvoker.<InvokeInnerFilterAsync>g__Awaited|13_0(ControllerActionInvoker invoker, Task lastTask, State next, Scope scope, Object state, Boolean isCompleted)
   at Microsoft.AspNetCore.Mvc.Infrastructure.ResourceInvoker.<InvokeNextResourceFilter>g__Awaited|25_0(ResourceInvoker invoker, Task lastTask, State next, Scope scope, Object state, Boolean isCompleted)
   at Microsoft.AspNetCore.Mvc.Infrastructure.ResourceInvoker.Rethrow(ResourceExecutedContextSealed context)
   at Microsoft.AspNetCore.Mvc.Infrastructure.ResourceInvoker.Next(State& next, Scope& scope, Object& state, Boolean& isCompleted)
   at Microsoft.AspNetCore.Mvc.Infrastructure.ResourceInvoker.<InvokeFilterPipelineAsync>g__Awaited|20_0(ResourceInvoker invoker, Task lastTask, State next, Scope scope, Object state, Boolean isCompleted)
   at Microsoft.AspNetCore.Mvc.Infrastructure.ResourceInvoker.<InvokeAsync>g__Awaited|17_0(ResourceInvoker invoker, Task task, IDisposable scope)
   at Microsoft.AspNetCore.Mvc.Infrastructure.ResourceInvoker.<InvokeAsync>g__Awaited|17_0(ResourceInvoker invoker, Task task, IDisposable scope)
   at Microsoft.AspNetCore.Authorization.AuthorizationMiddleware.Invoke(HttpContext context)
   at Microsoft.AspNetCore.Session.SessionMiddleware.Invoke(HttpContext context)
   at Microsoft.AspNetCore.Session.SessionMiddleware.Invoke(HttpContext context)
   at Serilog.AspNetCore.RequestLoggingMiddleware.Invoke(HttpContext httpContext)
2026-08-04 21:00:02.423 -04:00 [ERR] An unhandled exception has occurred while executing the request.
System.Net.Http.HttpRequestException: Response status code does not indicate success: 500 (Internal Server Error).
   at System.Net.Http.HttpResponseMessage.EnsureSuccessStatusCode()
   at ReportePrematch.Web.Services.Clients.ReportesService.EjecutarQuerysAsync(String sql, Int32 db) in D:\GITHUB\ReportePrematch.Web\ReportePrematch.Web\Services\Clients\ReportesService.cs:line 98
   at ReportePrematch.Web.Services.Clients.ReportesService.GetEstadisticasTaqAsync(String fechaD, String fechaH, String agente, String local, String pais, String role) in D:\GITHUB\ReportePrematch.Web\ReportePrematch.Web\Services\Clients\ReportesService.cs:line 795
   at ReportePrematch.Web.Controllers.ReportesController.GetEstadisticasTaq(String fechaD, String fechaH, String agente) in D:\GITHUB\ReportePrematch.Web\ReportePrematch.Web\Controllers\ReportesController.cs:line 476
   at Microsoft.AspNetCore.Mvc.Infrastructure.ActionMethodExecutor.TaskOfIActionResultExecutor.Execute(ActionContext actionContext, IActionResultTypeMapper mapper, ObjectMethodExecutor executor, Object controller, Object[] arguments)
   at Microsoft.AspNetCore.Mvc.Infrastructure.ControllerActionInvoker.<InvokeActionMethodAsync>g__Awaited|12_0(ControllerActionInvoker invoker, ValueTask`1 actionResultValueTask)
   at Microsoft.AspNetCore.Mvc.Infrastructure.ControllerActionInvoker.<InvokeNextActionFilterAsync>g__Awaited|10_0(ControllerActionInvoker invoker, Task lastTask, State next, Scope scope, Object state, Boolean isCompleted)
   at Microsoft.AspNetCore.Mvc.Infrastructure.ControllerActionInvoker.Rethrow(ActionExecutedContextSealed context)
   at Microsoft.AspNetCore.Mvc.Infrastructure.ControllerActionInvoker.Next(State& next, Scope& scope, Object& state, Boolean& isCompleted)
   at Microsoft.AspNetCore.Mvc.Infrastructure.ControllerActionInvoker.<InvokeInnerFilterAsync>g__Awaited|13_0(ControllerActionInvoker invoker, Task lastTask, State next, Scope scope, Object state, Boolean isCompleted)
   at Microsoft.AspNetCore.Mvc.Infrastructure.ResourceInvoker.<InvokeNextResourceFilter>g__Awaited|25_0(ResourceInvoker invoker, Task lastTask, State next, Scope scope, Object state, Boolean isCompleted)
   at Microsoft.AspNetCore.Mvc.Infrastructure.ResourceInvoker.Rethrow(ResourceExecutedContextSealed context)
   at Microsoft.AspNetCore.Mvc.Infrastructure.ResourceInvoker.Next(State& next, Scope& scope, Object& state, Boolean& isCompleted)
   at Microsoft.AspNetCore.Mvc.Infrastructure.ResourceInvoker.<InvokeFilterPipelineAsync>g__Awaited|20_0(ResourceInvoker invoker, Task lastTask, State next, Scope scope, Object state, Boolean isCompleted)
   at Microsoft.AspNetCore.Mvc.Infrastructure.ResourceInvoker.<InvokeAsync>g__Awaited|17_0(ResourceInvoker invoker, Task task, IDisposable scope)
   at Microsoft.AspNetCore.Mvc.Infrastructure.ResourceInvoker.<InvokeAsync>g__Awaited|17_0(ResourceInvoker invoker, Task task, IDisposable scope)
   at Microsoft.AspNetCore.Authorization.AuthorizationMiddleware.Invoke(HttpContext context)
   at Microsoft.AspNetCore.Session.SessionMiddleware.Invoke(HttpContext context)
   at Microsoft.AspNetCore.Session.SessionMiddleware.Invoke(HttpContext context)
   at Serilog.AspNetCore.RequestLoggingMiddleware.Invoke(HttpContext httpContext)
   at Microsoft.AspNetCore.Authentication.AuthenticationMiddleware.Invoke(HttpContext context)
   at Microsoft.AspNetCore.Diagnostics.DeveloperExceptionPageMiddlewareImpl.Invoke(HttpContext context)
2026-08-04 21:06:30.710 -04:00 [INF] Iniciando ReportePrematch.Web...
2026-08-04 21:06:33.189 -04:00 [INF] HTTP GET / responded 200 in 575.5036 ms
2026-08-04 21:07:03.479 -04:00 [INF] Login exitoso: vlapenta [Usuario suAdmin]
2026-08-04 21:07:03.489 -04:00 [INF] HTTP POST / responded 302 in 4034.5503 ms
2026-08-04 21:07:03.651 -04:00 [INF] HTTP GET /Reportes/VentasPorAgenteTaq responded 200 in 152.6502 ms
2026-08-04 21:07:10.108 -04:00 [INF] HTTP POST /Reportes/GetListAgencias responded 200 in 5869.9405 ms
2026-08-04 21:08:59.619 -04:00 [INF] HTTP GET /Reportes/EstadisticasTaq responded 200 in 60.6577 ms
2026-08-04 21:09:02.825 -04:00 [INF] HTTP POST /Reportes/GetListAgencias responded 200 in 2752.2672 ms
2026-08-04 21:09:53.213 -04:00 [INF] SOAP ejecutarQuerys db=2 sql[796]=SELECT
    UPPER(LTRIM(RTRIM(c.deporte)))                            AS Categoria,
    COUNT(DISTINCT a.ticket)         …
2026-08-04 21:09:54.280 -04:00 [ERR] Error SOAP ejecutarQuerys db=2
System.Net.Http.HttpRequestException: Response status code does not indicate success: 500 (Internal Server Error).
   at System.Net.Http.HttpResponseMessage.EnsureSuccessStatusCode()
   at ReportePrematch.Web.Services.Clients.ReportesService.EjecutarQuerysAsync(String sql, Int32 db) in D:\GITHUB\ReportePrematch.Web\ReportePrematch.Web\Services\Clients\ReportesService.cs:line 98
2026-08-04 21:09:54.507 -04:00 [ERR] HTTP POST /Reportes/GetEstadisticasTaq responded 500 in 1339.4945 ms
System.Net.Http.HttpRequestException: Response status code does not indicate success: 500 (Internal Server Error).
   at System.Net.Http.HttpResponseMessage.EnsureSuccessStatusCode()
   at ReportePrematch.Web.Services.Clients.ReportesService.EjecutarQuerysAsync(String sql, Int32 db) in D:\GITHUB\ReportePrematch.Web\ReportePrematch.Web\Services\Clients\ReportesService.cs:line 98
   at ReportePrematch.Web.Services.Clients.ReportesService.GetEstadisticasTaqAsync(String fechaD, String fechaH, String agente, String local, String pais, String role) in D:\GITHUB\ReportePrematch.Web\ReportePrematch.Web\Services\Clients\ReportesService.cs:line 795
   at ReportePrematch.Web.Controllers.ReportesController.GetEstadisticasTaq(String fechaD, String fechaH, String agente) in D:\GITHUB\ReportePrematch.Web\ReportePrematch.Web\Controllers\ReportesController.cs:line 476
   at Microsoft.AspNetCore.Mvc.Infrastructure.ActionMethodExecutor.TaskOfIActionResultExecutor.Execute(ActionContext actionContext, IActionResultTypeMapper mapper, ObjectMethodExecutor executor, Object controller, Object[] arguments)
   at Microsoft.AspNetCore.Mvc.Infrastructure.ControllerActionInvoker.<InvokeActionMethodAsync>g__Awaited|12_0(ControllerActionInvoker invoker, ValueTask`1 actionResultValueTask)
   at Microsoft.AspNetCore.Mvc.Infrastructure.ControllerActionInvoker.<InvokeNextActionFilterAsync>g__Awaited|10_0(ControllerActionInvoker invoker, Task lastTask, State next, Scope scope, Object state, Boolean isCompleted)
   at Microsoft.AspNetCore.Mvc.Infrastructure.ControllerActionInvoker.Rethrow(ActionExecutedContextSealed context)
   at Microsoft.AspNetCore.Mvc.Infrastructure.ControllerActionInvoker.Next(State& next, Scope& scope, Object& state, Boolean& isCompleted)
   at Microsoft.AspNetCore.Mvc.Infrastructure.ControllerActionInvoker.<InvokeInnerFilterAsync>g__Awaited|13_0(ControllerActionInvoker invoker, Task lastTask, State next, Scope scope, Object state, Boolean isCompleted)
   at Microsoft.AspNetCore.Mvc.Infrastructure.ResourceInvoker.<InvokeNextResourceFilter>g__Awaited|25_0(ResourceInvoker invoker, Task lastTask, State next, Scope scope, Object state, Boolean isCompleted)
   at Microsoft.AspNetCore.Mvc.Infrastructure.ResourceInvoker.Rethrow(ResourceExecutedContextSealed context)
   at Microsoft.AspNetCore.Mvc.Infrastructure.ResourceInvoker.Next(State& next, Scope& scope, Object& state, Boolean& isCompleted)
   at Microsoft.AspNetCore.Mvc.Infrastructure.ResourceInvoker.<InvokeFilterPipelineAsync>g__Awaited|20_0(ResourceInvoker invoker, Task lastTask, State next, Scope scope, Object state, Boolean isCompleted)
   at Microsoft.AspNetCore.Mvc.Infrastructure.ResourceInvoker.<InvokeAsync>g__Awaited|17_0(ResourceInvoker invoker, Task task, IDisposable scope)
   at Microsoft.AspNetCore.Mvc.Infrastructure.ResourceInvoker.<InvokeAsync>g__Awaited|17_0(ResourceInvoker invoker, Task task, IDisposable scope)
   at Microsoft.AspNetCore.Authorization.AuthorizationMiddleware.Invoke(HttpContext context)
   at Microsoft.AspNetCore.Session.SessionMiddleware.Invoke(HttpContext context)
   at Microsoft.AspNetCore.Session.SessionMiddleware.Invoke(HttpContext context)
   at Serilog.AspNetCore.RequestLoggingMiddleware.Invoke(HttpContext httpContext)
2026-08-04 21:09:54.554 -04:00 [ERR] An unhandled exception has occurred while executing the request.
System.Net.Http.HttpRequestException: Response status code does not indicate success: 500 (Internal Server Error).
   at System.Net.Http.HttpResponseMessage.EnsureSuccessStatusCode()
   at ReportePrematch.Web.Services.Clients.ReportesService.EjecutarQuerysAsync(String sql, Int32 db) in D:\GITHUB\ReportePrematch.Web\ReportePrematch.Web\Services\Clients\ReportesService.cs:line 98
   at ReportePrematch.Web.Services.Clients.ReportesService.GetEstadisticasTaqAsync(String fechaD, String fechaH, String agente, String local, String pais, String role) in D:\GITHUB\ReportePrematch.Web\ReportePrematch.Web\Services\Clients\ReportesService.cs:line 795
   at ReportePrematch.Web.Controllers.ReportesController.GetEstadisticasTaq(String fechaD, String fechaH, String agente) in D:\GITHUB\ReportePrematch.Web\ReportePrematch.Web\Controllers\ReportesController.cs:line 476
   at Microsoft.AspNetCore.Mvc.Infrastructure.ActionMethodExecutor.TaskOfIActionResultExecutor.Execute(ActionContext actionContext, IActionResultTypeMapper mapper, ObjectMethodExecutor executor, Object controller, Object[] arguments)
   at Microsoft.AspNetCore.Mvc.Infrastructure.ControllerActionInvoker.<InvokeActionMethodAsync>g__Awaited|12_0(ControllerActionInvoker invoker, ValueTask`1 actionResultValueTask)
   at Microsoft.AspNetCore.Mvc.Infrastructure.ControllerActionInvoker.<InvokeNextActionFilterAsync>g__Awaited|10_0(ControllerActionInvoker invoker, Task lastTask, State next, Scope scope, Object state, Boolean isCompleted)
   at Microsoft.AspNetCore.Mvc.Infrastructure.ControllerActionInvoker.Rethrow(ActionExecutedContextSealed context)
   at Microsoft.AspNetCore.Mvc.Infrastructure.ControllerActionInvoker.Next(State& next, Scope& scope, Object& state, Boolean& isCompleted)
   at Microsoft.AspNetCore.Mvc.Infrastructure.ControllerActionInvoker.<InvokeInnerFilterAsync>g__Awaited|13_0(ControllerActionInvoker invoker, Task lastTask, State next, Scope scope, Object state, Boolean isCompleted)
   at Microsoft.AspNetCore.Mvc.Infrastructure.ResourceInvoker.<InvokeNextResourceFilter>g__Awaited|25_0(ResourceInvoker invoker, Task lastTask, State next, Scope scope, Object state, Boolean isCompleted)
   at Microsoft.AspNetCore.Mvc.Infrastructure.ResourceInvoker.Rethrow(ResourceExecutedContextSealed context)
   at Microsoft.AspNetCore.Mvc.Infrastructure.ResourceInvoker.Next(State& next, Scope& scope, Object& state, Boolean& isCompleted)
   at Microsoft.AspNetCore.Mvc.Infrastructure.ResourceInvoker.<InvokeFilterPipelineAsync>g__Awaited|20_0(ResourceInvoker invoker, Task lastTask, State next, Scope scope, Object state, Boolean isCompleted)
   at Microsoft.AspNetCore.Mvc.Infrastructure.ResourceInvoker.<InvokeAsync>g__Awaited|17_0(ResourceInvoker invoker, Task task, IDisposable scope)
   at Microsoft.AspNetCore.Mvc.Infrastructure.ResourceInvoker.<InvokeAsync>g__Awaited|17_0(ResourceInvoker invoker, Task task, IDisposable scope)
   at Microsoft.AspNetCore.Authorization.AuthorizationMiddleware.Invoke(HttpContext context)
   at Microsoft.AspNetCore.Session.SessionMiddleware.Invoke(HttpContext context)
   at Microsoft.AspNetCore.Session.SessionMiddleware.Invoke(HttpContext context)
   at Serilog.AspNetCore.RequestLoggingMiddleware.Invoke(HttpContext httpContext)
   at Microsoft.AspNetCore.Authentication.AuthenticationMiddleware.Invoke(HttpContext context)
   at Microsoft.AspNetCore.Diagnostics.DeveloperExceptionPageMiddlewareImpl.Invoke(HttpContext context)
2026-08-04 21:10:21.785 -04:00 [INF] Iniciando ReportePrematch.Web...
2026-08-04 21:10:24.107 -04:00 [INF] HTTP GET / responded 200 in 565.7314 ms
2026-08-04 21:10:49.304 -04:00 [INF] Login exitoso: vlapenta [Usuario suAdmin]
2026-08-04 21:10:49.313 -04:00 [INF] HTTP POST / responded 302 in 3533.2129 ms
2026-08-04 21:10:49.520 -04:00 [INF] HTTP GET /Reportes/VentasPorAgenteTaq responded 200 in 196.8818 ms
2026-08-04 21:10:53.442 -04:00 [INF] HTTP POST /Reportes/GetListAgencias responded 200 in 3455.8065 ms
2026-08-04 21:10:57.619 -04:00 [INF] HTTP GET /Reportes/EstadisticasTaq responded 200 in 51.6405 ms
2026-08-04 21:11:01.196 -04:00 [INF] HTTP POST /Reportes/GetListAgencias responded 200 in 3280.8016 ms
2026-08-04 21:11:17.975 -04:00 [INF] SOAP ejecutarQuerys db=2 sql[796]=SELECT
    UPPER(LTRIM(RTRIM(c.deporte)))                            AS Categoria,
    COUNT(DISTINCT a.ticket)         …
2026-08-04 21:11:19.033 -04:00 [ERR] Error SOAP ejecutarQuerys db=2
System.Net.Http.HttpRequestException: Response status code does not indicate success: 500 (Internal Server Error).
   at System.Net.Http.HttpResponseMessage.EnsureSuccessStatusCode()
   at ReportePrematch.Web.Services.Clients.ReportesService.EjecutarQuerysAsync(String sql, Int32 db) in D:\GITHUB\ReportePrematch.Web\ReportePrematch.Web\Services\Clients\ReportesService.cs:line 98
2026-08-04 21:11:19.221 -04:00 [ERR] HTTP POST /Reportes/GetEstadisticasTaq responded 500 in 1305.3982 ms
System.Net.Http.HttpRequestException: Response status code does not indicate success: 500 (Internal Server Error).
   at System.Net.Http.HttpResponseMessage.EnsureSuccessStatusCode()
   at ReportePrematch.Web.Services.Clients.ReportesService.EjecutarQuerysAsync(String sql, Int32 db) in D:\GITHUB\ReportePrematch.Web\ReportePrematch.Web\Services\Clients\ReportesService.cs:line 98
   at ReportePrematch.Web.Services.Clients.ReportesService.GetEstadisticasTaqAsync(String fechaD, String fechaH, String agente, String local, String pais, String role) in D:\GITHUB\ReportePrematch.Web\ReportePrematch.Web\Services\Clients\ReportesService.cs:line 795
   at ReportePrematch.Web.Controllers.ReportesController.GetEstadisticasTaq(String fechaD, String fechaH, String agente) in D:\GITHUB\ReportePrematch.Web\ReportePrematch.Web\Controllers\ReportesController.cs:line 476
   at Microsoft.AspNetCore.Mvc.Infrastructure.ActionMethodExecutor.TaskOfIActionResultExecutor.Execute(ActionContext actionContext, IActionResultTypeMapper mapper, ObjectMethodExecutor executor, Object controller, Object[] arguments)
   at Microsoft.AspNetCore.Mvc.Infrastructure.ControllerActionInvoker.<InvokeActionMethodAsync>g__Awaited|12_0(ControllerActionInvoker invoker, ValueTask`1 actionResultValueTask)
   at Microsoft.AspNetCore.Mvc.Infrastructure.ControllerActionInvoker.<InvokeNextActionFilterAsync>g__Awaited|10_0(ControllerActionInvoker invoker, Task lastTask, State next, Scope scope, Object state, Boolean isCompleted)
   at Microsoft.AspNetCore.Mvc.Infrastructure.ControllerActionInvoker.Rethrow(ActionExecutedContextSealed context)
   at Microsoft.AspNetCore.Mvc.Infrastructure.ControllerActionInvoker.Next(State& next, Scope& scope, Object& state, Boolean& isCompleted)
   at Microsoft.AspNetCore.Mvc.Infrastructure.ControllerActionInvoker.<InvokeInnerFilterAsync>g__Awaited|13_0(ControllerActionInvoker invoker, Task lastTask, State next, Scope scope, Object state, Boolean isCompleted)
   at Microsoft.AspNetCore.Mvc.Infrastructure.ResourceInvoker.<InvokeNextResourceFilter>g__Awaited|25_0(ResourceInvoker invoker, Task lastTask, State next, Scope scope, Object state, Boolean isCompleted)
   at Microsoft.AspNetCore.Mvc.Infrastructure.ResourceInvoker.Rethrow(ResourceExecutedContextSealed context)
   at Microsoft.AspNetCore.Mvc.Infrastructure.ResourceInvoker.Next(State& next, Scope& scope, Object& state, Boolean& isCompleted)
   at Microsoft.AspNetCore.Mvc.Infrastructure.ResourceInvoker.<InvokeFilterPipelineAsync>g__Awaited|20_0(ResourceInvoker invoker, Task lastTask, State next, Scope scope, Object state, Boolean isCompleted)
   at Microsoft.AspNetCore.Mvc.Infrastructure.ResourceInvoker.<InvokeAsync>g__Awaited|17_0(ResourceInvoker invoker, Task task, IDisposable scope)
   at Microsoft.AspNetCore.Mvc.Infrastructure.ResourceInvoker.<InvokeAsync>g__Awaited|17_0(ResourceInvoker invoker, Task task, IDisposable scope)
   at Microsoft.AspNetCore.Authorization.AuthorizationMiddleware.Invoke(HttpContext context)
   at Microsoft.AspNetCore.Session.SessionMiddleware.Invoke(HttpContext context)
   at Microsoft.AspNetCore.Session.SessionMiddleware.Invoke(HttpContext context)
   at Serilog.AspNetCore.RequestLoggingMiddleware.Invoke(HttpContext httpContext)
2026-08-04 21:11:19.237 -04:00 [ERR] An unhandled exception has occurred while executing the request.
System.Net.Http.HttpRequestException: Response status code does not indicate success: 500 (Internal Server Error).
   at System.Net.Http.HttpResponseMessage.EnsureSuccessStatusCode()
   at ReportePrematch.Web.Services.Clients.ReportesService.EjecutarQuerysAsync(String sql, Int32 db) in D:\GITHUB\ReportePrematch.Web\ReportePrematch.Web\Services\Clients\ReportesService.cs:line 98
   at ReportePrematch.Web.Services.Clients.ReportesService.GetEstadisticasTaqAsync(String fechaD, String fechaH, String agente, String local, String pais, String role) in D:\GITHUB\ReportePrematch.Web\ReportePrematch.Web\Services\Clients\ReportesService.cs:line 795
   at ReportePrematch.Web.Controllers.ReportesController.GetEstadisticasTaq(String fechaD, String fechaH, String agente) in D:\GITHUB\ReportePrematch.Web\ReportePrematch.Web\Controllers\ReportesController.cs:line 476
   at Microsoft.AspNetCore.Mvc.Infrastructure.ActionMethodExecutor.TaskOfIActionResultExecutor.Execute(ActionContext actionContext, IActionResultTypeMapper mapper, ObjectMethodExecutor executor, Object controller, Object[] arguments)
   at Microsoft.AspNetCore.Mvc.Infrastructure.ControllerActionInvoker.<InvokeActionMethodAsync>g__Awaited|12_0(ControllerActionInvoker invoker, ValueTask`1 actionResultValueTask)
   at Microsoft.AspNetCore.Mvc.Infrastructure.ControllerActionInvoker.<InvokeNextActionFilterAsync>g__Awaited|10_0(ControllerActionInvoker invoker, Task lastTask, State next, Scope scope, Object state, Boolean isCompleted)
   at Microsoft.AspNetCore.Mvc.Infrastructure.ControllerActionInvoker.Rethrow(ActionExecutedContextSealed context)
   at Microsoft.AspNetCore.Mvc.Infrastructure.ControllerActionInvoker.Next(State& next, Scope& scope, Object& state, Boolean& isCompleted)
   at Microsoft.AspNetCore.Mvc.Infrastructure.ControllerActionInvoker.<InvokeInnerFilterAsync>g__Awaited|13_0(ControllerActionInvoker invoker, Task lastTask, State next, Scope scope, Object state, Boolean isCompleted)
   at Microsoft.AspNetCore.Mvc.Infrastructure.ResourceInvoker.<InvokeNextResourceFilter>g__Awaited|25_0(ResourceInvoker invoker, Task lastTask, State next, Scope scope, Object state, Boolean isCompleted)
   at Microsoft.AspNetCore.Mvc.Infrastructure.ResourceInvoker.Rethrow(ResourceExecutedContextSealed context)
   at Microsoft.AspNetCore.Mvc.Infrastructure.ResourceInvoker.Next(State& next, Scope& scope, Object& state, Boolean& isCompleted)
   at Microsoft.AspNetCore.Mvc.Infrastructure.ResourceInvoker.<InvokeFilterPipelineAsync>g__Awaited|20_0(ResourceInvoker invoker, Task lastTask, State next, Scope scope, Object state, Boolean isCompleted)
   at Microsoft.AspNetCore.Mvc.Infrastructure.ResourceInvoker.<InvokeAsync>g__Awaited|17_0(ResourceInvoker invoker, Task task, IDisposable scope)
   at Microsoft.AspNetCore.Mvc.Infrastructure.ResourceInvoker.<InvokeAsync>g__Awaited|17_0(ResourceInvoker invoker, Task task, IDisposable scope)
   at Microsoft.AspNetCore.Authorization.AuthorizationMiddleware.Invoke(HttpContext context)
   at Microsoft.AspNetCore.Session.SessionMiddleware.Invoke(HttpContext context)
   at Microsoft.AspNetCore.Session.SessionMiddleware.Invoke(HttpContext context)
   at Serilog.AspNetCore.RequestLoggingMiddleware.Invoke(HttpContext httpContext)
   at Microsoft.AspNetCore.Authentication.AuthenticationMiddleware.Invoke(HttpContext context)
   at Microsoft.AspNetCore.Diagnostics.DeveloperExceptionPageMiddlewareImpl.Invoke(HttpContext context)
2026-08-04 21:11:53.858 -04:00 [INF] SOAP ejecutarQuerys db=2 sql[796]=SELECT
    UPPER(LTRIM(RTRIM(c.deporte)))                            AS Categoria,
    COUNT(DISTINCT a.ticket)         …
2026-08-04 21:11:54.892 -04:00 [ERR] Error SOAP ejecutarQuerys db=2
System.Net.Http.HttpRequestException: Response status code does not indicate success: 500 (Internal Server Error).
   at System.Net.Http.HttpResponseMessage.EnsureSuccessStatusCode()
   at ReportePrematch.Web.Services.Clients.ReportesService.EjecutarQuerysAsync(String sql, Int32 db) in D:\GITHUB\ReportePrematch.Web\ReportePrematch.Web\Services\Clients\ReportesService.cs:line 98
2026-08-04 21:11:55.028 -04:00 [ERR] HTTP POST /Reportes/GetEstadisticasTaq responded 500 in 1171.2907 ms
System.Net.Http.HttpRequestException: Response status code does not indicate success: 500 (Internal Server Error).
   at System.Net.Http.HttpResponseMessage.EnsureSuccessStatusCode()
   at ReportePrematch.Web.Services.Clients.ReportesService.EjecutarQuerysAsync(String sql, Int32 db) in D:\GITHUB\ReportePrematch.Web\ReportePrematch.Web\Services\Clients\ReportesService.cs:line 98
   at ReportePrematch.Web.Services.Clients.ReportesService.GetEstadisticasTaqAsync(String fechaD, String fechaH, String agente, String local, String pais, String role) in D:\GITHUB\ReportePrematch.Web\ReportePrematch.Web\Services\Clients\ReportesService.cs:line 795
   at ReportePrematch.Web.Controllers.ReportesController.GetEstadisticasTaq(String fechaD, String fechaH, String agente) in D:\GITHUB\ReportePrematch.Web\ReportePrematch.Web\Controllers\ReportesController.cs:line 476
   at Microsoft.AspNetCore.Mvc.Infrastructure.ActionMethodExecutor.TaskOfIActionResultExecutor.Execute(ActionContext actionContext, IActionResultTypeMapper mapper, ObjectMethodExecutor executor, Object controller, Object[] arguments)
   at Microsoft.AspNetCore.Mvc.Infrastructure.ControllerActionInvoker.<InvokeActionMethodAsync>g__Awaited|12_0(ControllerActionInvoker invoker, ValueTask`1 actionResultValueTask)
   at Microsoft.AspNetCore.Mvc.Infrastructure.ControllerActionInvoker.<InvokeNextActionFilterAsync>g__Awaited|10_0(ControllerActionInvoker invoker, Task lastTask, State next, Scope scope, Object state, Boolean isCompleted)
   at Microsoft.AspNetCore.Mvc.Infrastructure.ControllerActionInvoker.Rethrow(ActionExecutedContextSealed context)
   at Microsoft.AspNetCore.Mvc.Infrastructure.ControllerActionInvoker.Next(State& next, Scope& scope, Object& state, Boolean& isCompleted)
   at Microsoft.AspNetCore.Mvc.Infrastructure.ControllerActionInvoker.<InvokeInnerFilterAsync>g__Awaited|13_0(ControllerActionInvoker invoker, Task lastTask, State next, Scope scope, Object state, Boolean isCompleted)
   at Microsoft.AspNetCore.Mvc.Infrastructure.ResourceInvoker.<InvokeNextResourceFilter>g__Awaited|25_0(ResourceInvoker invoker, Task lastTask, State next, Scope scope, Object state, Boolean isCompleted)
   at Microsoft.AspNetCore.Mvc.Infrastructure.ResourceInvoker.Rethrow(ResourceExecutedContextSealed context)
   at Microsoft.AspNetCore.Mvc.Infrastructure.ResourceInvoker.Next(State& next, Scope& scope, Object& state, Boolean& isCompleted)
   at Microsoft.AspNetCore.Mvc.Infrastructure.ResourceInvoker.<InvokeFilterPipelineAsync>g__Awaited|20_0(ResourceInvoker invoker, Task lastTask, State next, Scope scope, Object state, Boolean isCompleted)
   at Microsoft.AspNetCore.Mvc.Infrastructure.ResourceInvoker.<InvokeAsync>g__Awaited|17_0(ResourceInvoker invoker, Task task, IDisposable scope)
   at Microsoft.AspNetCore.Mvc.Infrastructure.ResourceInvoker.<InvokeAsync>g__Awaited|17_0(ResourceInvoker invoker, Task task, IDisposable scope)
   at Microsoft.AspNetCore.Authorization.AuthorizationMiddleware.Invoke(HttpContext context)
   at Microsoft.AspNetCore.Session.SessionMiddleware.Invoke(HttpContext context)
   at Microsoft.AspNetCore.Session.SessionMiddleware.Invoke(HttpContext context)
   at Serilog.AspNetCore.RequestLoggingMiddleware.Invoke(HttpContext httpContext)
2026-08-04 21:11:55.047 -04:00 [ERR] An unhandled exception has occurred while executing the request.
System.Net.Http.HttpRequestException: Response status code does not indicate success: 500 (Internal Server Error).
   at System.Net.Http.HttpResponseMessage.EnsureSuccessStatusCode()
   at ReportePrematch.Web.Services.Clients.ReportesService.EjecutarQuerysAsync(String sql, Int32 db) in D:\GITHUB\ReportePrematch.Web\ReportePrematch.Web\Services\Clients\ReportesService.cs:line 98
   at ReportePrematch.Web.Services.Clients.ReportesService.GetEstadisticasTaqAsync(String fechaD, String fechaH, String agente, String local, String pais, String role) in D:\GITHUB\ReportePrematch.Web\ReportePrematch.Web\Services\Clients\ReportesService.cs:line 795
   at ReportePrematch.Web.Controllers.ReportesController.GetEstadisticasTaq(String fechaD, String fechaH, String agente) in D:\GITHUB\ReportePrematch.Web\ReportePrematch.Web\Controllers\ReportesController.cs:line 476
   at Microsoft.AspNetCore.Mvc.Infrastructure.ActionMethodExecutor.TaskOfIActionResultExecutor.Execute(ActionContext actionContext, IActionResultTypeMapper mapper, ObjectMethodExecutor executor, Object controller, Object[] arguments)
   at Microsoft.AspNetCore.Mvc.Infrastructure.ControllerActionInvoker.<InvokeActionMethodAsync>g__Awaited|12_0(ControllerActionInvoker invoker, ValueTask`1 actionResultValueTask)
   at Microsoft.AspNetCore.Mvc.Infrastructure.ControllerActionInvoker.<InvokeNextActionFilterAsync>g__Awaited|10_0(ControllerActionInvoker invoker, Task lastTask, State next, Scope scope, Object state, Boolean isCompleted)
   at Microsoft.AspNetCore.Mvc.Infrastructure.ControllerActionInvoker.Rethrow(ActionExecutedContextSealed context)
   at Microsoft.AspNetCore.Mvc.Infrastructure.ControllerActionInvoker.Next(State& next, Scope& scope, Object& state, Boolean& isCompleted)
   at Microsoft.AspNetCore.Mvc.Infrastructure.ControllerActionInvoker.<InvokeInnerFilterAsync>g__Awaited|13_0(ControllerActionInvoker invoker, Task lastTask, State next, Scope scope, Object state, Boolean isCompleted)
   at Microsoft.AspNetCore.Mvc.Infrastructure.ResourceInvoker.<InvokeNextResourceFilter>g__Awaited|25_0(ResourceInvoker invoker, Task lastTask, State next, Scope scope, Object state, Boolean isCompleted)
   at Microsoft.AspNetCore.Mvc.Infrastructure.ResourceInvoker.Rethrow(ResourceExecutedContextSealed context)
   at Microsoft.AspNetCore.Mvc.Infrastructure.ResourceInvoker.Next(State& next, Scope& scope, Object& state, Boolean& isCompleted)
   at Microsoft.AspNetCore.Mvc.Infrastructure.ResourceInvoker.<InvokeFilterPipelineAsync>g__Awaited|20_0(ResourceInvoker invoker, Task lastTask, State next, Scope scope, Object state, Boolean isCompleted)
   at Microsoft.AspNetCore.Mvc.Infrastructure.ResourceInvoker.<InvokeAsync>g__Awaited|17_0(ResourceInvoker invoker, Task task, IDisposable scope)
   at Microsoft.AspNetCore.Mvc.Infrastructure.ResourceInvoker.<InvokeAsync>g__Awaited|17_0(ResourceInvoker invoker, Task task, IDisposable scope)
   at Microsoft.AspNetCore.Authorization.AuthorizationMiddleware.Invoke(HttpContext context)
   at Microsoft.AspNetCore.Session.SessionMiddleware.Invoke(HttpContext context)
   at Microsoft.AspNetCore.Session.SessionMiddleware.Invoke(HttpContext context)
   at Serilog.AspNetCore.RequestLoggingMiddleware.Invoke(HttpContext httpContext)
   at Microsoft.AspNetCore.Authentication.AuthenticationMiddleware.Invoke(HttpContext context)
   at Microsoft.AspNetCore.Diagnostics.DeveloperExceptionPageMiddlewareImpl.Invoke(HttpContext context)
2026-08-04 21:22:56.898 -04:00 [INF] Iniciando ReportePrematch.Web...
2026-08-04 21:22:58.942 -04:00 [INF] HTTP GET / responded 200 in 565.1740 ms
2026-08-04 21:23:45.488 -04:00 [INF] Login exitoso: vlapenta [Usuario suAdmin]
2026-08-04 21:23:45.503 -04:00 [INF] HTTP POST / responded 302 in 4074.6176 ms
2026-08-04 21:23:45.735 -04:00 [INF] HTTP GET /Reportes/VentasPorAgenteTaq responded 200 in 219.7806 ms
2026-08-04 21:23:49.226 -04:00 [INF] HTTP POST /Reportes/GetListAgencias responded 200 in 2947.7182 ms
2026-08-04 21:23:55.595 -04:00 [INF] HTTP GET /Reportes/EstadisticasTaq responded 200 in 39.4104 ms
2026-08-04 21:23:58.850 -04:00 [INF] HTTP POST /Reportes/GetListAgencias responded 200 in 2992.7105 ms
2026-08-04 21:24:11.675 -04:00 [INF] SOAP ejecutarQuerys db=2 sql[796]=SELECT
    UPPER(LTRIM(RTRIM(c.deporte)))                            AS Categoria,
    COUNT(DISTINCT a.ticket)         …
2026-08-04 21:24:12.725 -04:00 [ERR] Error SOAP ejecutarQuerys db=2
System.Net.Http.HttpRequestException: Response status code does not indicate success: 500 (Internal Server Error).
   at System.Net.Http.HttpResponseMessage.EnsureSuccessStatusCode()
   at ReportePrematch.Web.Services.Clients.ReportesService.EjecutarQuerysAsync(String sql, Int32 db) in D:\GITHUB\ReportePrematch.Web\ReportePrematch.Web\Services\Clients\ReportesService.cs:line 98
2026-08-04 21:24:12.916 -04:00 [ERR] HTTP POST /Reportes/GetEstadisticasTaq responded 500 in 1268.1224 ms
System.Net.Http.HttpRequestException: Response status code does not indicate success: 500 (Internal Server Error).
   at System.Net.Http.HttpResponseMessage.EnsureSuccessStatusCode()
   at ReportePrematch.Web.Services.Clients.ReportesService.EjecutarQuerysAsync(String sql, Int32 db) in D:\GITHUB\ReportePrematch.Web\ReportePrematch.Web\Services\Clients\ReportesService.cs:line 98
   at ReportePrematch.Web.Services.Clients.ReportesService.GetEstadisticasTaqAsync(String fechaD, String fechaH, String agente, String local, String pais, String role) in D:\GITHUB\ReportePrematch.Web\ReportePrematch.Web\Services\Clients\ReportesService.cs:line 795
   at ReportePrematch.Web.Controllers.ReportesController.GetEstadisticasTaq(String fechaD, String fechaH, String agente) in D:\GITHUB\ReportePrematch.Web\ReportePrematch.Web\Controllers\ReportesController.cs:line 476
   at Microsoft.AspNetCore.Mvc.Infrastructure.ActionMethodExecutor.TaskOfIActionResultExecutor.Execute(ActionContext actionContext, IActionResultTypeMapper mapper, ObjectMethodExecutor executor, Object controller, Object[] arguments)
   at Microsoft.AspNetCore.Mvc.Infrastructure.ControllerActionInvoker.<InvokeActionMethodAsync>g__Awaited|12_0(ControllerActionInvoker invoker, ValueTask`1 actionResultValueTask)
   at Microsoft.AspNetCore.Mvc.Infrastructure.ControllerActionInvoker.<InvokeNextActionFilterAsync>g__Awaited|10_0(ControllerActionInvoker invoker, Task lastTask, State next, Scope scope, Object state, Boolean isCompleted)
   at Microsoft.AspNetCore.Mvc.Infrastructure.ControllerActionInvoker.Rethrow(ActionExecutedContextSealed context)
   at Microsoft.AspNetCore.Mvc.Infrastructure.ControllerActionInvoker.Next(State& next, Scope& scope, Object& state, Boolean& isCompleted)
   at Microsoft.AspNetCore.Mvc.Infrastructure.ControllerActionInvoker.<InvokeInnerFilterAsync>g__Awaited|13_0(ControllerActionInvoker invoker, Task lastTask, State next, Scope scope, Object state, Boolean isCompleted)
   at Microsoft.AspNetCore.Mvc.Infrastructure.ResourceInvoker.<InvokeNextResourceFilter>g__Awaited|25_0(ResourceInvoker invoker, Task lastTask, State next, Scope scope, Object state, Boolean isCompleted)
   at Microsoft.AspNetCore.Mvc.Infrastructure.ResourceInvoker.Rethrow(ResourceExecutedContextSealed context)
   at Microsoft.AspNetCore.Mvc.Infrastructure.ResourceInvoker.Next(State& next, Scope& scope, Object& state, Boolean& isCompleted)
   at Microsoft.AspNetCore.Mvc.Infrastructure.ResourceInvoker.<InvokeFilterPipelineAsync>g__Awaited|20_0(ResourceInvoker invoker, Task lastTask, State next, Scope scope, Object state, Boolean isCompleted)
   at Microsoft.AspNetCore.Mvc.Infrastructure.ResourceInvoker.<InvokeAsync>g__Awaited|17_0(ResourceInvoker invoker, Task task, IDisposable scope)
   at Microsoft.AspNetCore.Mvc.Infrastructure.ResourceInvoker.<InvokeAsync>g__Awaited|17_0(ResourceInvoker invoker, Task task, IDisposable scope)
   at Microsoft.AspNetCore.Authorization.AuthorizationMiddleware.Invoke(HttpContext context)
   at Microsoft.AspNetCore.Session.SessionMiddleware.Invoke(HttpContext context)
   at Microsoft.AspNetCore.Session.SessionMiddleware.Invoke(HttpContext context)
   at Serilog.AspNetCore.RequestLoggingMiddleware.Invoke(HttpContext httpContext)
2026-08-04 21:24:12.931 -04:00 [ERR] An unhandled exception has occurred while executing the request.
System.Net.Http.HttpRequestException: Response status code does not indicate success: 500 (Internal Server Error).
   at System.Net.Http.HttpResponseMessage.EnsureSuccessStatusCode()
   at ReportePrematch.Web.Services.Clients.ReportesService.EjecutarQuerysAsync(String sql, Int32 db) in D:\GITHUB\ReportePrematch.Web\ReportePrematch.Web\Services\Clients\ReportesService.cs:line 98
   at ReportePrematch.Web.Services.Clients.ReportesService.GetEstadisticasTaqAsync(String fechaD, String fechaH, String agente, String local, String pais, String role) in D:\GITHUB\ReportePrematch.Web\ReportePrematch.Web\Services\Clients\ReportesService.cs:line 795
   at ReportePrematch.Web.Controllers.ReportesController.GetEstadisticasTaq(String fechaD, String fechaH, String agente) in D:\GITHUB\ReportePrematch.Web\ReportePrematch.Web\Controllers\ReportesController.cs:line 476
   at Microsoft.AspNetCore.Mvc.Infrastructure.ActionMethodExecutor.TaskOfIActionResultExecutor.Execute(ActionContext actionContext, IActionResultTypeMapper mapper, ObjectMethodExecutor executor, Object controller, Object[] arguments)
   at Microsoft.AspNetCore.Mvc.Infrastructure.ControllerActionInvoker.<InvokeActionMethodAsync>g__Awaited|12_0(ControllerActionInvoker invoker, ValueTask`1 actionResultValueTask)
   at Microsoft.AspNetCore.Mvc.Infrastructure.ControllerActionInvoker.<InvokeNextActionFilterAsync>g__Awaited|10_0(ControllerActionInvoker invoker, Task lastTask, State next, Scope scope, Object state, Boolean isCompleted)
   at Microsoft.AspNetCore.Mvc.Infrastructure.ControllerActionInvoker.Rethrow(ActionExecutedContextSealed context)
   at Microsoft.AspNetCore.Mvc.Infrastructure.ControllerActionInvoker.Next(State& next, Scope& scope, Object& state, Boolean& isCompleted)
   at Microsoft.AspNetCore.Mvc.Infrastructure.ControllerActionInvoker.<InvokeInnerFilterAsync>g__Awaited|13_0(ControllerActionInvoker invoker, Task lastTask, State next, Scope scope, Object state, Boolean isCompleted)
   at Microsoft.AspNetCore.Mvc.Infrastructure.ResourceInvoker.<InvokeNextResourceFilter>g__Awaited|25_0(ResourceInvoker invoker, Task lastTask, State next, Scope scope, Object state, Boolean isCompleted)
   at Microsoft.AspNetCore.Mvc.Infrastructure.ResourceInvoker.Rethrow(ResourceExecutedContextSealed context)
   at Microsoft.AspNetCore.Mvc.Infrastructure.ResourceInvoker.Next(State& next, Scope& scope, Object& state, Boolean& isCompleted)
   at Microsoft.AspNetCore.Mvc.Infrastructure.ResourceInvoker.<InvokeFilterPipelineAsync>g__Awaited|20_0(ResourceInvoker invoker, Task lastTask, State next, Scope scope, Object state, Boolean isCompleted)
   at Microsoft.AspNetCore.Mvc.Infrastructure.ResourceInvoker.<InvokeAsync>g__Awaited|17_0(ResourceInvoker invoker, Task task, IDisposable scope)
   at Microsoft.AspNetCore.Mvc.Infrastructure.ResourceInvoker.<InvokeAsync>g__Awaited|17_0(ResourceInvoker invoker, Task task, IDisposable scope)
   at Microsoft.AspNetCore.Authorization.AuthorizationMiddleware.Invoke(HttpContext context)
   at Microsoft.AspNetCore.Session.SessionMiddleware.Invoke(HttpContext context)
   at Microsoft.AspNetCore.Session.SessionMiddleware.Invoke(HttpContext context)
   at Serilog.AspNetCore.RequestLoggingMiddleware.Invoke(HttpContext httpContext)
   at Microsoft.AspNetCore.Authentication.AuthenticationMiddleware.Invoke(HttpContext context)
   at Microsoft.AspNetCore.Diagnostics.DeveloperExceptionPageMiddlewareImpl.Invoke(HttpContext context)
2026-08-04 21:26:39.594 -04:00 [INF] SOAP ejecutarQuerys db=2 sql[796]=SELECT
    UPPER(LTRIM(RTRIM(c.deporte)))                            AS Categoria,
    COUNT(DISTINCT a.ticket)         …
2026-08-04 21:26:40.740 -04:00 [ERR] Error SOAP ejecutarQuerys db=2
System.Net.Http.HttpRequestException: Response status code does not indicate success: 500 (Internal Server Error).
   at System.Net.Http.HttpResponseMessage.EnsureSuccessStatusCode()
   at ReportePrematch.Web.Services.Clients.ReportesService.EjecutarQuerysAsync(String sql, Int32 db) in D:\GITHUB\ReportePrematch.Web\ReportePrematch.Web\Services\Clients\ReportesService.cs:line 98
2026-08-04 21:26:41.255 -04:00 [ERR] HTTP POST /Reportes/GetEstadisticasTaq responded 500 in 1662.4770 ms
System.Net.Http.HttpRequestException: Response status code does not indicate success: 500 (Internal Server Error).
   at System.Net.Http.HttpResponseMessage.EnsureSuccessStatusCode()
   at ReportePrematch.Web.Services.Clients.ReportesService.EjecutarQuerysAsync(String sql, Int32 db) in D:\GITHUB\ReportePrematch.Web\ReportePrematch.Web\Services\Clients\ReportesService.cs:line 98
   at ReportePrematch.Web.Services.Clients.ReportesService.GetEstadisticasTaqAsync(String fechaD, String fechaH, String agente, String local, String pais, String role) in D:\GITHUB\ReportePrematch.Web\ReportePrematch.Web\Services\Clients\ReportesService.cs:line 795
   at ReportePrematch.Web.Controllers.ReportesController.GetEstadisticasTaq(String fechaD, String fechaH, String agente) in D:\GITHUB\ReportePrematch.Web\ReportePrematch.Web\Controllers\ReportesController.cs:line 476
   at Microsoft.AspNetCore.Mvc.Infrastructure.ActionMethodExecutor.TaskOfIActionResultExecutor.Execute(ActionContext actionContext, IActionResultTypeMapper mapper, ObjectMethodExecutor executor, Object controller, Object[] arguments)
   at Microsoft.AspNetCore.Mvc.Infrastructure.ControllerActionInvoker.<InvokeActionMethodAsync>g__Awaited|12_0(ControllerActionInvoker invoker, ValueTask`1 actionResultValueTask)
   at Microsoft.AspNetCore.Mvc.Infrastructure.ControllerActionInvoker.<InvokeNextActionFilterAsync>g__Awaited|10_0(ControllerActionInvoker invoker, Task lastTask, State next, Scope scope, Object state, Boolean isCompleted)
   at Microsoft.AspNetCore.Mvc.Infrastructure.ControllerActionInvoker.Rethrow(ActionExecutedContextSealed context)
   at Microsoft.AspNetCore.Mvc.Infrastructure.ControllerActionInvoker.Next(State& next, Scope& scope, Object& state, Boolean& isCompleted)
   at Microsoft.AspNetCore.Mvc.Infrastructure.ControllerActionInvoker.<InvokeInnerFilterAsync>g__Awaited|13_0(ControllerActionInvoker invoker, Task lastTask, State next, Scope scope, Object state, Boolean isCompleted)
   at Microsoft.AspNetCore.Mvc.Infrastructure.ResourceInvoker.<InvokeNextResourceFilter>g__Awaited|25_0(ResourceInvoker invoker, Task lastTask, State next, Scope scope, Object state, Boolean isCompleted)
   at Microsoft.AspNetCore.Mvc.Infrastructure.ResourceInvoker.Rethrow(ResourceExecutedContextSealed context)
   at Microsoft.AspNetCore.Mvc.Infrastructure.ResourceInvoker.Next(State& next, Scope& scope, Object& state, Boolean& isCompleted)
   at Microsoft.AspNetCore.Mvc.Infrastructure.ResourceInvoker.<InvokeFilterPipelineAsync>g__Awaited|20_0(ResourceInvoker invoker, Task lastTask, State next, Scope scope, Object state, Boolean isCompleted)
   at Microsoft.AspNetCore.Mvc.Infrastructure.ResourceInvoker.<InvokeAsync>g__Awaited|17_0(ResourceInvoker invoker, Task task, IDisposable scope)
   at Microsoft.AspNetCore.Mvc.Infrastructure.ResourceInvoker.<InvokeAsync>g__Awaited|17_0(ResourceInvoker invoker, Task task, IDisposable scope)
   at Microsoft.AspNetCore.Authorization.AuthorizationMiddleware.Invoke(HttpContext context)
   at Microsoft.AspNetCore.Session.SessionMiddleware.Invoke(HttpContext context)
   at Microsoft.AspNetCore.Session.SessionMiddleware.Invoke(HttpContext context)
   at Serilog.AspNetCore.RequestLoggingMiddleware.Invoke(HttpContext httpContext)
2026-08-04 21:26:41.271 -04:00 [ERR] An unhandled exception has occurred while executing the request.
System.Net.Http.HttpRequestException: Response status code does not indicate success: 500 (Internal Server Error).
   at System.Net.Http.HttpResponseMessage.EnsureSuccessStatusCode()
   at ReportePrematch.Web.Services.Clients.ReportesService.EjecutarQuerysAsync(String sql, Int32 db) in D:\GITHUB\ReportePrematch.Web\ReportePrematch.Web\Services\Clients\ReportesService.cs:line 98
   at ReportePrematch.Web.Services.Clients.ReportesService.GetEstadisticasTaqAsync(String fechaD, String fechaH, String agente, String local, String pais, String role) in D:\GITHUB\ReportePrematch.Web\ReportePrematch.Web\Services\Clients\ReportesService.cs:line 795
   at ReportePrematch.Web.Controllers.ReportesController.GetEstadisticasTaq(String fechaD, String fechaH, String agente) in D:\GITHUB\ReportePrematch.Web\ReportePrematch.Web\Controllers\ReportesController.cs:line 476
   at Microsoft.AspNetCore.Mvc.Infrastructure.ActionMethodExecutor.TaskOfIActionResultExecutor.Execute(ActionContext actionContext, IActionResultTypeMapper mapper, ObjectMethodExecutor executor, Object controller, Object[] arguments)
   at Microsoft.AspNetCore.Mvc.Infrastructure.ControllerActionInvoker.<InvokeActionMethodAsync>g__Awaited|12_0(ControllerActionInvoker invoker, ValueTask`1 actionResultValueTask)
   at Microsoft.AspNetCore.Mvc.Infrastructure.ControllerActionInvoker.<InvokeNextActionFilterAsync>g__Awaited|10_0(ControllerActionInvoker invoker, Task lastTask, State next, Scope scope, Object state, Boolean isCompleted)
   at Microsoft.AspNetCore.Mvc.Infrastructure.ControllerActionInvoker.Rethrow(ActionExecutedContextSealed context)
   at Microsoft.AspNetCore.Mvc.Infrastructure.ControllerActionInvoker.Next(State& next, Scope& scope, Object& state, Boolean& isCompleted)
   at Microsoft.AspNetCore.Mvc.Infrastructure.ControllerActionInvoker.<InvokeInnerFilterAsync>g__Awaited|13_0(ControllerActionInvoker invoker, Task lastTask, State next, Scope scope, Object state, Boolean isCompleted)
   at Microsoft.AspNetCore.Mvc.Infrastructure.ResourceInvoker.<InvokeNextResourceFilter>g__Awaited|25_0(ResourceInvoker invoker, Task lastTask, State next, Scope scope, Object state, Boolean isCompleted)
   at Microsoft.AspNetCore.Mvc.Infrastructure.ResourceInvoker.Rethrow(ResourceExecutedContextSealed context)
   at Microsoft.AspNetCore.Mvc.Infrastructure.ResourceInvoker.Next(State& next, Scope& scope, Object& state, Boolean& isCompleted)
   at Microsoft.AspNetCore.Mvc.Infrastructure.ResourceInvoker.<InvokeFilterPipelineAsync>g__Awaited|20_0(ResourceInvoker invoker, Task lastTask, State next, Scope scope, Object state, Boolean isCompleted)
   at Microsoft.AspNetCore.Mvc.Infrastructure.ResourceInvoker.<InvokeAsync>g__Awaited|17_0(ResourceInvoker invoker, Task task, IDisposable scope)
   at Microsoft.AspNetCore.Mvc.Infrastructure.ResourceInvoker.<InvokeAsync>g__Awaited|17_0(ResourceInvoker invoker, Task task, IDisposable scope)
   at Microsoft.AspNetCore.Authorization.AuthorizationMiddleware.Invoke(HttpContext context)
   at Microsoft.AspNetCore.Session.SessionMiddleware.Invoke(HttpContext context)
   at Microsoft.AspNetCore.Session.SessionMiddleware.Invoke(HttpContext context)
   at Serilog.AspNetCore.RequestLoggingMiddleware.Invoke(HttpContext httpContext)
   at Microsoft.AspNetCore.Authentication.AuthenticationMiddleware.Invoke(HttpContext context)
   at Microsoft.AspNetCore.Diagnostics.DeveloperExceptionPageMiddlewareImpl.Invoke(HttpContext context)
2026-08-04 21:31:08.332 -04:00 [INF] Iniciando ReportePrematch.Web...
2026-08-04 21:31:10.179 -04:00 [INF] HTTP GET / responded 200 in 556.3035 ms
2026-08-04 21:31:44.105 -04:00 [INF] Login exitoso: vlapenta [Usuario suAdmin]
2026-08-04 21:31:44.113 -04:00 [INF] HTTP POST / responded 302 in 4051.5775 ms
2026-08-04 21:31:44.319 -04:00 [INF] HTTP GET /Reportes/VentasPorAgenteTaq responded 200 in 195.1049 ms
2026-08-04 21:31:50.920 -04:00 [INF] HTTP POST /Reportes/GetListAgencias responded 200 in 6082.8398 ms
2026-08-04 21:31:59.658 -04:00 [INF] HTTP GET /Reportes/EstadisticasTaq responded 200 in 46.4271 ms
2026-08-04 21:32:02.740 -04:00 [INF] HTTP POST /Reportes/GetListAgencias responded 200 in 2760.9966 ms
2026-08-04 21:32:13.715 -04:00 [INF] HTTP POST /Reportes/GetEstadisticasTaq responded 200 in 1367.3496 ms
2026-08-04 21:34:46.459 -04:00 [INF] HTTP POST /Reportes/GetEstadisticasTaq responded 200 in 30891.7089 ms
2026-08-04 21:39:36.680 -04:00 [INF] HTTP GET /Reportes/EstadisticasTaq responded 200 in 4006.6628 ms
2026-08-04 21:39:41.911 -04:00 [INF] HTTP GET /favicon.ico responded 404 in 2.4412 ms
2026-08-04 21:39:42.385 -04:00 [INF] HTTP POST /Reportes/GetListAgencias responded 200 in 2809.5977 ms
2026-08-04 21:40:01.345 -04:00 [INF] HTTP POST /Reportes/GetEstadisticasTaq responded 200 in 5585.3830 ms
2026-08-04 21:41:13.009 -04:00 [INF] HTTP GET /Reportes/EstadisticasWeb responded 200 in 74.7442 ms
2026-08-04 21:41:16.512 -04:00 [INF] HTTP POST /Reportes/GetListAgencias responded 200 in 3148.2667 ms
2026-08-04 21:41:30.482 -04:00 [INF] SOAP ejecutarQuerys db=2 sql[794]=SELECT
    UPPER(LTRIM(RTRIM(c.deporte)))                            AS Categoria,
    COUNT(DISTINCT a.ticket)         …
2026-08-04 21:41:31.807 -04:00 [ERR] Error SOAP ejecutarQuerys db=2
System.Net.Http.HttpRequestException: Response status code does not indicate success: 500 (Internal Server Error).
   at System.Net.Http.HttpResponseMessage.EnsureSuccessStatusCode()
   at ReportePrematch.Web.Services.Clients.ReportesService.EjecutarQuerysAsync(String sql, Int32 db) in D:\GITHUB\ReportePrematch.Web\ReportePrematch.Web\Services\Clients\ReportesService.cs:line 98
2026-08-04 21:41:32.023 -04:00 [ERR] HTTP POST /Reportes/GetEstadisticasWeb responded 500 in 1578.3451 ms
System.Net.Http.HttpRequestException: Response status code does not indicate success: 500 (Internal Server Error).
   at System.Net.Http.HttpResponseMessage.EnsureSuccessStatusCode()
   at ReportePrematch.Web.Services.Clients.ReportesService.EjecutarQuerysAsync(String sql, Int32 db) in D:\GITHUB\ReportePrematch.Web\ReportePrematch.Web\Services\Clients\ReportesService.cs:line 98
   at ReportePrematch.Web.Services.Clients.ReportesService.GetEstadisticasWebAsync(String fechaD, String fechaH, String agente, String pais, String role) in D:\GITHUB\ReportePrematch.Web\ReportePrematch.Web\Services\Clients\ReportesService.cs:line 760
   at ReportePrematch.Web.Controllers.ReportesController.GetEstadisticasWeb(String fechaD, String fechaH, String agente) in D:\GITHUB\ReportePrematch.Web\ReportePrematch.Web\Controllers\ReportesController.cs:line 465
   at Microsoft.AspNetCore.Mvc.Infrastructure.ActionMethodExecutor.TaskOfIActionResultExecutor.Execute(ActionContext actionContext, IActionResultTypeMapper mapper, ObjectMethodExecutor executor, Object controller, Object[] arguments)
   at Microsoft.AspNetCore.Mvc.Infrastructure.ControllerActionInvoker.<InvokeActionMethodAsync>g__Awaited|12_0(ControllerActionInvoker invoker, ValueTask`1 actionResultValueTask)
   at Microsoft.AspNetCore.Mvc.Infrastructure.ControllerActionInvoker.<InvokeNextActionFilterAsync>g__Awaited|10_0(ControllerActionInvoker invoker, Task lastTask, State next, Scope scope, Object state, Boolean isCompleted)
   at Microsoft.AspNetCore.Mvc.Infrastructure.ControllerActionInvoker.Rethrow(ActionExecutedContextSealed context)
   at Microsoft.AspNetCore.Mvc.Infrastructure.ControllerActionInvoker.Next(State& next, Scope& scope, Object& state, Boolean& isCompleted)
   at Microsoft.AspNetCore.Mvc.Infrastructure.ControllerActionInvoker.<InvokeInnerFilterAsync>g__Awaited|13_0(ControllerActionInvoker invoker, Task lastTask, State next, Scope scope, Object state, Boolean isCompleted)
   at Microsoft.AspNetCore.Mvc.Infrastructure.ResourceInvoker.<InvokeNextResourceFilter>g__Awaited|25_0(ResourceInvoker invoker, Task lastTask, State next, Scope scope, Object state, Boolean isCompleted)
   at Microsoft.AspNetCore.Mvc.Infrastructure.ResourceInvoker.Rethrow(ResourceExecutedContextSealed context)
   at Microsoft.AspNetCore.Mvc.Infrastructure.ResourceInvoker.Next(State& next, Scope& scope, Object& state, Boolean& isCompleted)
   at Microsoft.AspNetCore.Mvc.Infrastructure.ResourceInvoker.<InvokeFilterPipelineAsync>g__Awaited|20_0(ResourceInvoker invoker, Task lastTask, State next, Scope scope, Object state, Boolean isCompleted)
   at Microsoft.AspNetCore.Mvc.Infrastructure.ResourceInvoker.<InvokeAsync>g__Awaited|17_0(ResourceInvoker invoker, Task task, IDisposable scope)
   at Microsoft.AspNetCore.Mvc.Infrastructure.ResourceInvoker.<InvokeAsync>g__Awaited|17_0(ResourceInvoker invoker, Task task, IDisposable scope)
   at Microsoft.AspNetCore.Authorization.AuthorizationMiddleware.Invoke(HttpContext context)
   at Microsoft.AspNetCore.Session.SessionMiddleware.Invoke(HttpContext context)
   at Microsoft.AspNetCore.Session.SessionMiddleware.Invoke(HttpContext context)
   at Serilog.AspNetCore.RequestLoggingMiddleware.Invoke(HttpContext httpContext)
2026-08-04 21:41:32.041 -04:00 [ERR] An unhandled exception has occurred while executing the request.
System.Net.Http.HttpRequestException: Response status code does not indicate success: 500 (Internal Server Error).
   at System.Net.Http.HttpResponseMessage.EnsureSuccessStatusCode()
   at ReportePrematch.Web.Services.Clients.ReportesService.EjecutarQuerysAsync(String sql, Int32 db) in D:\GITHUB\ReportePrematch.Web\ReportePrematch.Web\Services\Clients\ReportesService.cs:line 98
   at ReportePrematch.Web.Services.Clients.ReportesService.GetEstadisticasWebAsync(String fechaD, String fechaH, String agente, String pais, String role) in D:\GITHUB\ReportePrematch.Web\ReportePrematch.Web\Services\Clients\ReportesService.cs:line 760
   at ReportePrematch.Web.Controllers.ReportesController.GetEstadisticasWeb(String fechaD, String fechaH, String agente) in D:\GITHUB\ReportePrematch.Web\ReportePrematch.Web\Controllers\ReportesController.cs:line 465
   at Microsoft.AspNetCore.Mvc.Infrastructure.ActionMethodExecutor.TaskOfIActionResultExecutor.Execute(ActionContext actionContext, IActionResultTypeMapper mapper, ObjectMethodExecutor executor, Object controller, Object[] arguments)
   at Microsoft.AspNetCore.Mvc.Infrastructure.ControllerActionInvoker.<InvokeActionMethodAsync>g__Awaited|12_0(ControllerActionInvoker invoker, ValueTask`1 actionResultValueTask)
   at Microsoft.AspNetCore.Mvc.Infrastructure.ControllerActionInvoker.<InvokeNextActionFilterAsync>g__Awaited|10_0(ControllerActionInvoker invoker, Task lastTask, State next, Scope scope, Object state, Boolean isCompleted)
   at Microsoft.AspNetCore.Mvc.Infrastructure.ControllerActionInvoker.Rethrow(ActionExecutedContextSealed context)
   at Microsoft.AspNetCore.Mvc.Infrastructure.ControllerActionInvoker.Next(State& next, Scope& scope, Object& state, Boolean& isCompleted)
   at Microsoft.AspNetCore.Mvc.Infrastructure.ControllerActionInvoker.<InvokeInnerFilterAsync>g__Awaited|13_0(ControllerActionInvoker invoker, Task lastTask, State next, Scope scope, Object state, Boolean isCompleted)
   at Microsoft.AspNetCore.Mvc.Infrastructure.ResourceInvoker.<InvokeNextResourceFilter>g__Awaited|25_0(ResourceInvoker invoker, Task lastTask, State next, Scope scope, Object state, Boolean isCompleted)
   at Microsoft.AspNetCore.Mvc.Infrastructure.ResourceInvoker.Rethrow(ResourceExecutedContextSealed context)
   at Microsoft.AspNetCore.Mvc.Infrastructure.ResourceInvoker.Next(State& next, Scope& scope, Object& state, Boolean& isCompleted)
   at Microsoft.AspNetCore.Mvc.Infrastructure.ResourceInvoker.<InvokeFilterPipelineAsync>g__Awaited|20_0(ResourceInvoker invoker, Task lastTask, State next, Scope scope, Object state, Boolean isCompleted)
   at Microsoft.AspNetCore.Mvc.Infrastructure.ResourceInvoker.<InvokeAsync>g__Awaited|17_0(ResourceInvoker invoker, Task task, IDisposable scope)
   at Microsoft.AspNetCore.Mvc.Infrastructure.ResourceInvoker.<InvokeAsync>g__Awaited|17_0(ResourceInvoker invoker, Task task, IDisposable scope)
   at Microsoft.AspNetCore.Authorization.AuthorizationMiddleware.Invoke(HttpContext context)
   at Microsoft.AspNetCore.Session.SessionMiddleware.Invoke(HttpContext context)
   at Microsoft.AspNetCore.Session.SessionMiddleware.Invoke(HttpContext context)
   at Serilog.AspNetCore.RequestLoggingMiddleware.Invoke(HttpContext httpContext)
   at Microsoft.AspNetCore.Authentication.AuthenticationMiddleware.Invoke(HttpContext context)
   at Microsoft.AspNetCore.Diagnostics.DeveloperExceptionPageMiddlewareImpl.Invoke(HttpContext context)
2026-08-04 22:07:20.952 -04:00 [INF] Iniciando ReportePrematch.Web...
2026-08-04 22:07:23.019 -04:00 [INF] HTTP GET / responded 200 in 541.3415 ms
2026-08-04 22:07:38.701 -04:00 [INF] Login exitoso: vlapenta [Usuario suAdmin]
2026-08-04 22:07:38.742 -04:00 [INF] HTTP POST / responded 302 in 2326.8207 ms
2026-08-04 22:07:38.954 -04:00 [INF] HTTP GET /Reportes/VentasPorAgenteTaq responded 200 in 177.9958 ms
2026-08-04 22:07:41.332 -04:00 [INF] HTTP POST /Reportes/GetListAgencias responded 200 in 1771.6211 ms
2026-08-04 22:07:48.598 -04:00 [INF] HTTP GET /Reportes/EstadisticasWeb responded 200 in 39.2138 ms
2026-08-04 22:07:50.594 -04:00 [INF] HTTP POST /Reportes/GetListAgencias responded 200 in 1615.3086 ms
2026-08-04 22:08:07.943 -04:00 [INF] HTTP POST /Reportes/GetEstadisticasWeb responded 200 in 1213.9965 ms
2026-08-04 22:08:30.140 -04:00 [INF] HTTP POST /Reportes/GetEstadisticasWeb responded 200 in 7973.9105 ms
2026-08-04 22:21:21.205 -04:00 [INF] Iniciando ReportePrematch.Web...
2026-08-04 22:21:23.164 -04:00 [INF] HTTP GET / responded 200 in 535.8071 ms
2026-08-04 22:21:35.225 -04:00 [WRN] ADWS Login: credenciales inválidas (Mensaje=-1) para vlapenta
2026-08-04 22:21:35.229 -04:00 [WRN] Login fallido para usuario vlapenta
2026-08-04 22:21:35.239 -04:00 [INF] HTTP POST / responded 200 in 2570.5765 ms
2026-08-04 22:21:41.681 -04:00 [WRN] ADWS Login: credenciales inválidas (Mensaje=-1) para vlapenta
2026-08-04 22:21:41.682 -04:00 [WRN] Login fallido para usuario vlapenta
2026-08-04 22:21:41.686 -04:00 [INF] HTTP POST / responded 200 in 619.0896 ms
2026-08-04 22:21:51.144 -04:00 [WRN] ADWS Login: credenciales inválidas (Mensaje=-1) para vlapenta
2026-08-04 22:21:51.145 -04:00 [WRN] Login fallido para usuario vlapenta
2026-08-04 22:21:51.147 -04:00 [INF] HTTP POST / responded 200 in 614.0641 ms
2026-08-04 22:21:58.015 -04:00 [WRN] ADWS Login: credenciales inválidas (Mensaje=-1) para vlapenta
2026-08-04 22:21:58.017 -04:00 [WRN] Login fallido para usuario vlapenta
2026-08-04 22:21:58.020 -04:00 [INF] HTTP POST / responded 200 in 486.1670 ms
2026-08-04 22:22:08.325 -04:00 [WRN] ADWS Login: credenciales inválidas (Mensaje=-1) para vlapenta
2026-08-04 22:22:08.326 -04:00 [WRN] Login fallido para usuario vlapenta
2026-08-04 22:22:08.329 -04:00 [INF] HTTP POST / responded 200 in 483.2900 ms
2026-08-04 22:22:21.722 -04:00 [WRN] ADWS Login: credenciales inválidas (Mensaje=-1) para vlapenta
2026-08-04 22:22:21.723 -04:00 [WRN] Login fallido para usuario vlapenta
2026-08-04 22:22:21.725 -04:00 [INF] HTTP POST / responded 200 in 497.7987 ms
2026-08-04 22:22:34.295 -04:00 [WRN] ADWS Login: credenciales inválidas (Mensaje=-1) para vlapenta
2026-08-04 22:22:34.296 -04:00 [WRN] Login fallido para usuario vlapenta
2026-08-04 22:22:34.299 -04:00 [INF] HTTP POST / responded 200 in 500.2677 ms
2026-08-04 22:22:44.623 -04:00 [INF] Login exitoso: vlapenta [Usuario suAdmin]
2026-08-04 22:22:44.628 -04:00 [INF] HTTP POST / responded 302 in 500.5515 ms
2026-08-04 22:22:44.817 -04:00 [INF] HTTP GET /Reportes/VentasPorAgenteTaq responded 200 in 182.3940 ms
2026-08-04 22:22:48.549 -04:00 [INF] HTTP POST /Reportes/GetListAgencias responded 200 in 3264.7654 ms
2026-08-04 22:23:10.367 -04:00 [INF] HTTP GET /Reportes/VentasPorAgenteNikolsTaq responded 200 in 53.2543 ms
2026-08-04 22:23:12.282 -04:00 [INF] HTTP POST /Reportes/GetListAgencias responded 200 in 1597.3558 ms
2026-08-04 22:23:18.832 -04:00 [INF] HTTP GET /Reportes/Estadisticas responded 200 in 53.9631 ms
2026-08-04 22:23:20.839 -04:00 [INF] HTTP POST /Reportes/GetListAgencias responded 200 in 1613.4087 ms
2026-08-04 22:27:59.123 -04:00 [INF] HTTP GET /Reportes/VentasPorAgenteWeb responded 200 in 39.9885 ms
2026-08-04 22:28:01.171 -04:00 [INF] HTTP POST /Reportes/GetListAgencias responded 200 in 1682.6259 ms
2026-08-04 22:28:11.799 -04:00 [INF] HTTP GET /Reportes/VentasPorAgenteTaq responded 200 in 2.2860 ms
2026-08-04 22:28:13.766 -04:00 [INF] HTTP POST /Reportes/GetListAgencias responded 200 in 1677.8146 ms
2026-08-04 22:28:24.967 -04:00 [INF] HTTP GET /Reportes/VentasPorAgenteNikolsTaq responded 200 in 5.0205 ms
2026-08-04 22:28:27.073 -04:00 [INF] HTTP POST /Reportes/GetListAgencias responded 200 in 1765.6777 ms
2026-08-04 22:28:32.127 -04:00 [INF] HTTP GET /Reportes/TicketsDetalladosTaq responded 200 in 63.8922 ms
2026-08-04 22:28:34.048 -04:00 [INF] HTTP POST /Reportes/GetListAgencias responded 200 in 1667.6310 ms
2026-08-04 22:28:55.878 -04:00 [INF] HTTP GET /Reportes/VentasPorAgenteTaq responded 200 in 2.2938 ms
2026-08-04 22:28:57.854 -04:00 [INF] HTTP POST /Reportes/GetListAgencias responded 200 in 1709.1856 ms
2026-08-04 22:29:49.596 -04:00 [INF] HTTP GET /Reportes/VentasPorAgenteNikolsTaq responded 200 in 6.8729 ms
2026-08-04 22:29:51.593 -04:00 [INF] HTTP POST /Reportes/GetListAgencias responded 200 in 1794.6921 ms
2026-08-04 22:30:32.174 -04:00 [INF] HTTP GET /Reportes/TicketsDetalladosTaq responded 200 in 2.3457 ms
2026-08-04 22:30:34.205 -04:00 [INF] HTTP POST /Reportes/GetListAgencias responded 200 in 1744.9075 ms
2026-08-04 22:32:20.941 -04:00 [INF] HTTP GET /Reportes/Estadisticas responded 200 in 2.4662 ms
2026-08-04 22:32:23.211 -04:00 [INF] HTTP POST /Reportes/GetListAgencias responded 200 in 1905.0870 ms
2026-08-04 22:35:13.486 -04:00 [INF] Iniciando ReportePrematch.Web...
2026-08-04 22:35:15.433 -04:00 [INF] HTTP GET / responded 200 in 640.5527 ms
2026-08-04 22:35:25.596 -04:00 [INF] Login exitoso: vlapenta [Usuario suAdmin]
2026-08-04 22:35:25.605 -04:00 [INF] HTTP POST / responded 302 in 2364.7224 ms
2026-08-04 22:35:25.620 -04:00 [INF] HTTP GET /Reportes/VentasPorAgenteTaq responded 404 in 4.4046 ms
2026-08-04 22:36:37.638 -04:00 [INF] Iniciando ReportePrematch.Web...
2026-08-04 22:36:39.457 -04:00 [INF] HTTP GET / responded 200 in 521.9867 ms
2026-08-04 22:36:49.133 -04:00 [INF] Login exitoso: vlapenta [Usuario suAdmin]
2026-08-04 22:36:49.142 -04:00 [INF] HTTP POST / responded 302 in 2082.9440 ms
2026-08-04 22:36:49.316 -04:00 [INF] HTTP GET /Reportes/VentasPorAgente responded 200 in 162.7234 ms
2026-08-04 22:36:51.705 -04:00 [INF] HTTP POST /Reportes/GetListAgencias responded 200 in 1890.3070 ms
2026-08-04 22:37:00.932 -04:00 [INF] HTTP GET /Reportes/VentasPorAgenteNikols responded 200 in 53.4519 ms
2026-08-04 22:37:02.845 -04:00 [INF] HTTP POST /Reportes/GetListAgencias responded 200 in 1682.6627 ms
2026-08-04 22:37:06.124 -04:00 [INF] HTTP GET /Reportes/TicketsDetallados responded 200 in 42.6424 ms
2026-08-04 22:37:08.175 -04:00 [INF] HTTP POST /Reportes/GetListAgencias responded 200 in 1636.9767 ms
2026-08-04 22:43:54.445 -04:00 [INF] Iniciando ReportePrematch.Web...
2026-08-04 22:43:56.475 -04:00 [INF] HTTP GET / responded 200 in 595.7352 ms
2026-08-04 22:44:12.877 -04:00 [INF] Login exitoso: vlapenta [Usuario suAdmin]
2026-08-04 22:44:12.886 -04:00 [INF] HTTP POST / responded 302 in 2058.5137 ms
2026-08-04 22:44:13.064 -04:00 [INF] HTTP GET /Reportes/VentasPorAgente responded 200 in 163.5364 ms
2026-08-04 22:44:16.912 -04:00 [INF] HTTP POST /Reportes/GetListAgencias responded 200 in 3256.7737 ms
2026-08-04 22:44:26.952 -04:00 [INF] HTTP GET /Reportes/VentasPorAgente responded 200 in 8.2131 ms
2026-08-04 22:44:28.738 -04:00 [INF] HTTP POST /Reportes/GetListAgencias responded 200 in 1563.8607 ms
2026-08-04 22:44:32.717 -04:00 [INF] HTTP GET /Reportes/TicketsDetallados responded 200 in 58.2224 ms
2026-08-04 22:44:34.496 -04:00 [INF] HTTP POST /Reportes/GetListAgencias responded 200 in 1558.9468 ms
2026-08-04 22:48:37.019 -04:00 [INF] HTTP GET /Reportes/TicketsDetallados responded 200 in 4082.8500 ms
2026-08-04 22:48:40.692 -04:00 [INF] HTTP POST /Reportes/GetListAgencias responded 200 in 1871.6753 ms
2026-08-04 22:48:41.897 -04:00 [INF] HTTP GET /favicon.ico responded 404 in 2.9111 ms
2026-08-04 22:48:52.887 -04:00 [INF] HTTP GET /Reportes/VentasPorAgente responded 200 in 621.7007 ms
2026-08-04 22:48:54.864 -04:00 [INF] HTTP POST /Reportes/GetListAgencias responded 200 in 1579.4843 ms
2026-08-04 22:49:10.247 -04:00 [INF] HTTP POST /Reportes/GetVentasPorAgenteTaq responded 200 in 754.9278 ms
2026-08-04 22:49:17.908 -04:00 [INF] HTTP POST /Reportes/GetTicketsDetalladosTaq responded 200 in 614.1176 ms
2026-08-04 22:49:43.779 -04:00 [INF] HTTP POST /Reportes/GetVentasPorAgenteWeb responded 200 in 1318.8959 ms
2026-08-04 22:50:16.231 -04:00 [INF] HTTP POST /Reportes/GetVentasPorAgenteTaq responded 200 in 437.2382 ms
2026-08-04 22:50:22.618 -04:00 [INF] HTTP POST /Reportes/GetTicketsDetalladosTaq responded 200 in 363.5836 ms
2026-08-04 22:50:30.958 -04:00 [INF] HTTP GET /Reportes/VentasPorAgenteNikols responded 200 in 502.2303 ms
2026-08-04 22:50:33.160 -04:00 [INF] HTTP POST /Reportes/GetListAgencias responded 200 in 1930.9393 ms
2026-08-04 22:50:52.694 -04:00 [INF] HTTP POST /Reportes/GetVentasPorAgenteNikolsTaq responded 200 in 712.3525 ms
2026-08-04 22:51:17.368 -04:00 [ERR] Error GET+QS api/Reportes/VentasPorAgenteNikolsWeb
System.Net.Http.HttpRequestException: Response status code does not indicate success: 404 (Not Found).
   at System.Net.Http.HttpResponseMessage.EnsureSuccessStatusCode()
   at ReportePrematch.Web.Services.Clients.ApiClient.GetQueryAsync[T](String endpoint, Dictionary`2 query, CancellationToken ct) in D:\GITHUB\ReportePrematch.Web\ReportePrematch.Web\Services\Clients\ApiClient.cs:line 47
2026-08-04 22:51:17.568 -04:00 [ERR] HTTP POST /Reportes/GetVentasPorAgenteNikolsWeb responded 500 in 284.6294 ms
System.Net.Http.HttpRequestException: Response status code does not indicate success: 404 (Not Found).
   at System.Net.Http.HttpResponseMessage.EnsureSuccessStatusCode()
   at ReportePrematch.Web.Services.Clients.ApiClient.GetQueryAsync[T](String endpoint, Dictionary`2 query, CancellationToken ct) in D:\GITHUB\ReportePrematch.Web\ReportePrematch.Web\Services\Clients\ApiClient.cs:line 47
   at ReportePrematch.Web.Services.Clients.ReportesService.GetVentasPorAgenteNikolsWebAsync(String fechaD, String fechaH, String agente, String pais, String role) in D:\GITHUB\ReportePrematch.Web\ReportePrematch.Web\Services\Clients\ReportesService.cs:line 708
   at ReportePrematch.Web.Controllers.ReportesController.GetVentasPorAgenteNikolsWeb(String fechaD, String fechaH, String agente) in D:\GITHUB\ReportePrematch.Web\ReportePrematch.Web\Controllers\ReportesController.cs:line 427
   at Microsoft.AspNetCore.Mvc.Infrastructure.ActionMethodExecutor.TaskOfIActionResultExecutor.Execute(ActionContext actionContext, IActionResultTypeMapper mapper, ObjectMethodExecutor executor, Object controller, Object[] arguments)
   at Microsoft.AspNetCore.Mvc.Infrastructure.ControllerActionInvoker.<InvokeActionMethodAsync>g__Awaited|12_0(ControllerActionInvoker invoker, ValueTask`1 actionResultValueTask)
   at Microsoft.AspNetCore.Mvc.Infrastructure.ControllerActionInvoker.<InvokeNextActionFilterAsync>g__Awaited|10_0(ControllerActionInvoker invoker, Task lastTask, State next, Scope scope, Object state, Boolean isCompleted)
   at Microsoft.AspNetCore.Mvc.Infrastructure.ControllerActionInvoker.Rethrow(ActionExecutedContextSealed context)
   at Microsoft.AspNetCore.Mvc.Infrastructure.ControllerActionInvoker.Next(State& next, Scope& scope, Object& state, Boolean& isCompleted)
   at Microsoft.AspNetCore.Mvc.Infrastructure.ControllerActionInvoker.<InvokeInnerFilterAsync>g__Awaited|13_0(ControllerActionInvoker invoker, Task lastTask, State next, Scope scope, Object state, Boolean isCompleted)
   at Microsoft.AspNetCore.Mvc.Infrastructure.ResourceInvoker.<InvokeNextResourceFilter>g__Awaited|25_0(ResourceInvoker invoker, Task lastTask, State next, Scope scope, Object state, Boolean isCompleted)
   at Microsoft.AspNetCore.Mvc.Infrastructure.ResourceInvoker.Rethrow(ResourceExecutedContextSealed context)
   at Microsoft.AspNetCore.Mvc.Infrastructure.ResourceInvoker.Next(State& next, Scope& scope, Object& state, Boolean& isCompleted)
   at Microsoft.AspNetCore.Mvc.Infrastructure.ResourceInvoker.<InvokeFilterPipelineAsync>g__Awaited|20_0(ResourceInvoker invoker, Task lastTask, State next, Scope scope, Object state, Boolean isCompleted)
   at Microsoft.AspNetCore.Mvc.Infrastructure.ResourceInvoker.<InvokeAsync>g__Awaited|17_0(ResourceInvoker invoker, Task task, IDisposable scope)
   at Microsoft.AspNetCore.Mvc.Infrastructure.ResourceInvoker.<InvokeAsync>g__Awaited|17_0(ResourceInvoker invoker, Task task, IDisposable scope)
   at Microsoft.AspNetCore.Authorization.AuthorizationMiddleware.Invoke(HttpContext context)
   at Microsoft.AspNetCore.Session.SessionMiddleware.Invoke(HttpContext context)
   at Microsoft.AspNetCore.Session.SessionMiddleware.Invoke(HttpContext context)
   at Serilog.AspNetCore.RequestLoggingMiddleware.Invoke(HttpContext httpContext)
2026-08-04 22:51:17.591 -04:00 [ERR] An unhandled exception has occurred while executing the request.
System.Net.Http.HttpRequestException: Response status code does not indicate success: 404 (Not Found).
   at System.Net.Http.HttpResponseMessage.EnsureSuccessStatusCode()
   at ReportePrematch.Web.Services.Clients.ApiClient.GetQueryAsync[T](String endpoint, Dictionary`2 query, CancellationToken ct) in D:\GITHUB\ReportePrematch.Web\ReportePrematch.Web\Services\Clients\ApiClient.cs:line 47
   at ReportePrematch.Web.Services.Clients.ReportesService.GetVentasPorAgenteNikolsWebAsync(String fechaD, String fechaH, String agente, String pais, String role) in D:\GITHUB\ReportePrematch.Web\ReportePrematch.Web\Services\Clients\ReportesService.cs:line 708
   at ReportePrematch.Web.Controllers.ReportesController.GetVentasPorAgenteNikolsWeb(String fechaD, String fechaH, String agente) in D:\GITHUB\ReportePrematch.Web\ReportePrematch.Web\Controllers\ReportesController.cs:line 427
   at Microsoft.AspNetCore.Mvc.Infrastructure.ActionMethodExecutor.TaskOfIActionResultExecutor.Execute(ActionContext actionContext, IActionResultTypeMapper mapper, ObjectMethodExecutor executor, Object controller, Object[] arguments)
   at Microsoft.AspNetCore.Mvc.Infrastructure.ControllerActionInvoker.<InvokeActionMethodAsync>g__Awaited|12_0(ControllerActionInvoker invoker, ValueTask`1 actionResultValueTask)
   at Microsoft.AspNetCore.Mvc.Infrastructure.ControllerActionInvoker.<InvokeNextActionFilterAsync>g__Awaited|10_0(ControllerActionInvoker invoker, Task lastTask, State next, Scope scope, Object state, Boolean isCompleted)
   at Microsoft.AspNetCore.Mvc.Infrastructure.ControllerActionInvoker.Rethrow(ActionExecutedContextSealed context)
   at Microsoft.AspNetCore.Mvc.Infrastructure.ControllerActionInvoker.Next(State& next, Scope& scope, Object& state, Boolean& isCompleted)
   at Microsoft.AspNetCore.Mvc.Infrastructure.ControllerActionInvoker.<InvokeInnerFilterAsync>g__Awaited|13_0(ControllerActionInvoker invoker, Task lastTask, State next, Scope scope, Object state, Boolean isCompleted)
   at Microsoft.AspNetCore.Mvc.Infrastructure.ResourceInvoker.<InvokeNextResourceFilter>g__Awaited|25_0(ResourceInvoker invoker, Task lastTask, State next, Scope scope, Object state, Boolean isCompleted)
   at Microsoft.AspNetCore.Mvc.Infrastructure.ResourceInvoker.Rethrow(ResourceExecutedContextSealed context)
   at Microsoft.AspNetCore.Mvc.Infrastructure.ResourceInvoker.Next(State& next, Scope& scope, Object& state, Boolean& isCompleted)
   at Microsoft.AspNetCore.Mvc.Infrastructure.ResourceInvoker.<InvokeFilterPipelineAsync>g__Awaited|20_0(ResourceInvoker invoker, Task lastTask, State next, Scope scope, Object state, Boolean isCompleted)
   at Microsoft.AspNetCore.Mvc.Infrastructure.ResourceInvoker.<InvokeAsync>g__Awaited|17_0(ResourceInvoker invoker, Task task, IDisposable scope)
   at Microsoft.AspNetCore.Mvc.Infrastructure.ResourceInvoker.<InvokeAsync>g__Awaited|17_0(ResourceInvoker invoker, Task task, IDisposable scope)
   at Microsoft.AspNetCore.Authorization.AuthorizationMiddleware.Invoke(HttpContext context)
   at Microsoft.AspNetCore.Session.SessionMiddleware.Invoke(HttpContext context)
   at Microsoft.AspNetCore.Session.SessionMiddleware.Invoke(HttpContext context)
   at Serilog.AspNetCore.RequestLoggingMiddleware.Invoke(HttpContext httpContext)
   at Microsoft.AspNetCore.Authentication.AuthenticationMiddleware.Invoke(HttpContext context)
   at Microsoft.AspNetCore.Diagnostics.DeveloperExceptionPageMiddlewareImpl.Invoke(HttpContext context)
2026-08-04 22:56:10.614 -04:00 [INF] HTTP GET /Reportes/VentasPorAgenteNikols responded 200 in 236.3484 ms
2026-08-04 22:56:25.678 -04:00 [INF] HTTP POST /Reportes/GetListAgencias responded 200 in 3276.5176 ms
2026-08-04 22:56:33.967 -04:00 [INF] HTTP GET /favicon.ico responded 404 in 0.2068 ms
2026-08-04 22:56:38.906 -04:00 [INF] HTTP POST /Reportes/GetVentasPorAgenteNikolsTaq responded 200 in 391.2354 ms
2026-08-04 22:56:59.501 -04:00 [INF] HTTP POST /Reportes/GetVentasPorAgenteNikolsTaq responded 200 in 11672.5558 ms
2026-08-04 23:00:50.257 -04:00 [INF] HTTP GET /Reportes/VentasPorAgenteNikols responded 200 in 347.5128 ms
2026-08-04 23:01:03.714 -04:00 [INF] HTTP GET /favicon.ico responded 404 in 0.2357 ms
2026-08-04 23:01:04.948 -04:00 [INF] HTTP POST /Reportes/GetListAgencias responded 200 in 2978.6120 ms
2026-08-04 23:01:20.590 -04:00 [INF] HTTP POST /Reportes/GetVentasPorAgenteNikolsTaq responded 200 in 534.7421 ms
2026-08-04 23:01:28.581 -04:00 [INF] HTTP POST /Reportes/GetTicketsDetalladosTaq responded 200 in 483.8872 ms
2026-08-04 23:01:56.737 -04:00 [INF] HTTP POST /Reportes/GetVentasPorAgenteNikolsTaq responded 200 in 404.0558 ms
2026-08-04 23:01:59.433 -04:00 [INF] HTTP POST /Reportes/GetTicketsDetalladosTaq responded 200 in 331.8783 ms
2026-08-04 23:02:28.539 -04:00 [INF] Iniciando ReportePrematch.Web...
2026-08-04 23:02:30.670 -04:00 [INF] HTTP GET / responded 200 in 558.6586 ms
2026-08-04 23:02:50.565 -04:00 [INF] Login exitoso: vlapenta [Usuario suAdmin]
2026-08-04 23:02:50.575 -04:00 [INF] HTTP POST / responded 302 in 2248.7324 ms
2026-08-04 23:02:50.770 -04:00 [INF] HTTP GET /Reportes/VentasPorAgente responded 200 in 183.0503 ms
2026-08-04 23:02:54.600 -04:00 [INF] HTTP POST /Reportes/GetListAgencias responded 200 in 3268.3601 ms
2026-08-04 23:03:09.071 -04:00 [INF] HTTP POST /Reportes/GetVentasPorAgenteTaq responded 200 in 430.8629 ms
2026-08-04 23:03:11.954 -04:00 [INF] HTTP POST /Reportes/GetTicketsDetalladosTaq responded 200 in 517.0754 ms
2026-08-04 23:03:26.093 -04:00 [INF] HTTP POST /Reportes/GetVentasPorAgenteWeb responded 200 in 1089.9322 ms
2026-08-04 23:03:30.887 -04:00 [INF] HTTP GET /Reportes/VentasPorAgenteNikols responded 200 in 42.8011 ms
2026-08-04 23:03:32.747 -04:00 [INF] HTTP POST /Reportes/GetListAgencias responded 200 in 1603.8565 ms
2026-08-04 23:03:46.667 -04:00 [INF] HTTP POST /Reportes/GetVentasPorAgenteNikolsTaq responded 200 in 560.7260 ms
2026-08-04 23:03:48.924 -04:00 [INF] HTTP POST /Reportes/GetTicketsDetalladosTaq responded 200 in 517.5817 ms
2026-08-04 23:04:29.368 -04:00 [ERR] Error GET+QS api/Reportes/VentasPorAgenteNikolsTaq
System.Text.Json.JsonException: The JSON value could not be converted to System.Collections.Generic.List`1[ReportePrematch.Web.Models.ApiReportes.NikolsTaqDto]. Path: $ | LineNumber: 0 | BytePositionInLine: 1.
   at System.Text.Json.ThrowHelper.ThrowJsonException_DeserializeUnableToConvertValue(Type propertyType)
   at System.Text.Json.Serialization.JsonCollectionConverter`2.OnTryRead(Utf8JsonReader& reader, Type typeToConvert, JsonSerializerOptions options, ReadStack& state, TCollection& value)
   at System.Text.Json.Serialization.JsonConverter`1.TryRead(Utf8JsonReader& reader, Type typeToConvert, JsonSerializerOptions options, ReadStack& state, T& value, Boolean& isPopulatedValue)
   at System.Text.Json.Serialization.JsonConverter`1.ReadCore(Utf8JsonReader& reader, T& value, JsonSerializerOptions options, ReadStack& state)
   at System.Text.Json.Serialization.Metadata.JsonTypeInfo`1.ContinueDeserialize[TReadBufferState,TStream](TReadBufferState& bufferState, JsonReaderState& jsonReaderState, ReadStack& readStack, T& value)
   at System.Text.Json.Serialization.Metadata.JsonTypeInfo`1.DeserializeAsync[TReadBufferState,TStream](TStream utf8Json, TReadBufferState bufferState, CancellationToken cancellationToken)
   at System.Net.Http.Json.HttpContentJsonExtensions.ReadFromJsonAsyncCore[T](HttpContent content, JsonSerializerOptions options, CancellationToken cancellationToken)
   at ReportePrematch.Web.Services.Clients.ApiClient.GetQueryAsync[T](String endpoint, Dictionary`2 query, CancellationToken ct) in D:\GITHUB\ReportePrematch.Web\ReportePrematch.Web\Services\Clients\ApiClient.cs:line 48
2026-08-04 23:05:32.718 -04:00 [INF] Iniciando ReportePrematch.Web...
2026-08-04 23:05:35.255 -04:00 [INF] HTTP GET / responded 200 in 556.0409 ms
2026-08-04 23:05:49.230 -04:00 [INF] HTTP POST / responded 200 in 179.6131 ms
2026-08-04 23:05:58.089 -04:00 [INF] Login exitoso: vlapenta [Usuario suAdmin]
2026-08-04 23:05:58.101 -04:00 [INF] HTTP POST / responded 302 in 2037.6459 ms
2026-08-04 23:05:58.334 -04:00 [INF] HTTP GET /Reportes/VentasPorAgente responded 200 in 224.8267 ms
2026-08-04 23:06:02.798 -04:00 [INF] HTTP POST /Reportes/GetListAgencias responded 200 in 3900.1303 ms
2026-08-04 23:06:07.465 -04:00 [INF] HTTP GET /Reportes/VentasPorAgenteNikols responded 200 in 42.8445 ms
2026-08-04 23:06:09.580 -04:00 [INF] HTTP POST /Reportes/GetListAgencias responded 200 in 1853.6535 ms
2026-08-04 23:06:24.113 -04:00 [INF] HTTP POST /Reportes/GetVentasPorAgenteNikolsTaq responded 200 in 690.8686 ms
2026-08-04 23:06:27.156 -04:00 [INF] HTTP POST /Reportes/GetTicketsDetalladosTaq responded 200 in 528.0791 ms
2026-08-04 23:07:04.867 -04:00 [INF] HTTP GET /Reportes/TicketsDetallados responded 200 in 69.6203 ms
2026-08-04 23:07:07.572 -04:00 [ERR] Error GET api/Reportes/ListaAgentes
System.Text.Json.JsonException: The JSON value could not be converted to System.Collections.Generic.List`1[ReportePrematch.Web.Services.Clients.ReportesService+AgenteApiDto]. Path: $ | LineNumber: 0 | BytePositionInLine: 1.
   at System.Text.Json.ThrowHelper.ThrowJsonException_DeserializeUnableToConvertValue(Type propertyType)
   at System.Text.Json.Serialization.JsonCollectionConverter`2.OnTryRead(Utf8JsonReader& reader, Type typeToConvert, JsonSerializerOptions options, ReadStack& state, TCollection& value)
   at System.Text.Json.Serialization.JsonConverter`1.TryRead(Utf8JsonReader& reader, Type typeToConvert, JsonSerializerOptions options, ReadStack& state, T& value, Boolean& isPopulatedValue)
   at System.Text.Json.Serialization.JsonConverter`1.ReadCore(Utf8JsonReader& reader, T& value, JsonSerializerOptions options, ReadStack& state)
   at System.Text.Json.Serialization.Metadata.JsonTypeInfo`1.ContinueDeserialize[TReadBufferState,TStream](TReadBufferState& bufferState, JsonReaderState& jsonReaderState, ReadStack& readStack, T& value)
   at System.Text.Json.Serialization.Metadata.JsonTypeInfo`1.DeserializeAsync[TReadBufferState,TStream](TStream utf8Json, TReadBufferState bufferState, CancellationToken cancellationToken)
   at System.Net.Http.Json.HttpContentJsonExtensions.ReadFromJsonAsyncCore[T](HttpContent content, JsonSerializerOptions options, CancellationToken cancellationToken)
   at ReportePrematch.Web.Services.Clients.ApiClient.GetAsync[T](String endpoint, CancellationToken ct) in D:\GITHUB\ReportePrematch.Web\ReportePrematch.Web\Services\Clients\ApiClient.cs:line 25
2026-08-04 23:07:07.745 -04:00 [ERR] Error GetListAgencias via API
System.Text.Json.JsonException: The JSON value could not be converted to System.Collections.Generic.List`1[ReportePrematch.Web.Services.Clients.ReportesService+AgenteApiDto]. Path: $ | LineNumber: 0 | BytePositionInLine: 1.
   at System.Text.Json.ThrowHelper.ThrowJsonException_DeserializeUnableToConvertValue(Type propertyType)
   at System.Text.Json.Serialization.JsonCollectionConverter`2.OnTryRead(Utf8JsonReader& reader, Type typeToConvert, JsonSerializerOptions options, ReadStack& state, TCollection& value)
   at System.Text.Json.Serialization.JsonConverter`1.TryRead(Utf8JsonReader& reader, Type typeToConvert, JsonSerializerOptions options, ReadStack& state, T& value, Boolean& isPopulatedValue)
   at System.Text.Json.Serialization.JsonConverter`1.ReadCore(Utf8JsonReader& reader, T& value, JsonSerializerOptions options, ReadStack& state)
   at System.Text.Json.Serialization.Metadata.JsonTypeInfo`1.ContinueDeserialize[TReadBufferState,TStream](TReadBufferState& bufferState, JsonReaderState& jsonReaderState, ReadStack& readStack, T& value)
   at System.Text.Json.Serialization.Metadata.JsonTypeInfo`1.DeserializeAsync[TReadBufferState,TStream](TStream utf8Json, TReadBufferState bufferState, CancellationToken cancellationToken)
   at System.Net.Http.Json.HttpContentJsonExtensions.ReadFromJsonAsyncCore[T](HttpContent content, JsonSerializerOptions options, CancellationToken cancellationToken)
   at ReportePrematch.Web.Services.Clients.ApiClient.GetAsync[T](String endpoint, CancellationToken ct) in D:\GITHUB\ReportePrematch.Web\ReportePrematch.Web\Services\Clients\ApiClient.cs:line 25
   at ReportePrematch.Web.Services.Clients.ReportesService.GetListAgenciasAsync(String agente, String pais, String role) in D:\GITHUB\ReportePrematch.Web\ReportePrematch.Web\Services\Clients\ReportesService.cs:line 191
2026-08-04 23:07:07.756 -04:00 [INF] HTTP POST /Reportes/GetListAgencias responded 200 in 2672.7116 ms
2026-08-04 23:08:03.121 -04:00 [INF] HTTP GET /Reportes/TicketsDetallados responded 200 in 9.8011 ms
2026-08-04 23:08:09.417 -04:00 [INF] HTTP POST /Reportes/GetListAgencias responded 200 in 5892.2945 ms
2026-08-04 23:08:27.047 -04:00 [INF] HTTP POST /Reportes/GetTicketsDetalladosTaq responded 200 in 632.5777 ms
2026-08-04 23:08:45.635 -04:00 [INF] HTTP POST /Reportes/GetTicketsDetalladosWeb responded 200 in 1902.8218 ms
2026-08-04 23:09:25.509 -04:00 [INF] HTTP GET /Reportes/Estadisticas responded 200 in 45.9360 ms
2026-08-04 23:09:29.003 -04:00 [INF] HTTP POST /Reportes/GetListAgencias responded 200 in 1668.4838 ms
2026-08-04 23:10:13.663 -04:00 [INF] SOAP ejecutarQuerys db=2 sql[796]=SELECT
    UPPER(LTRIM(RTRIM(c.deporte)))                            AS Categoria,
    COUNT(DISTINCT a.ticket)         …
2026-08-04 23:10:14.233 -04:00 [ERR] Error SOAP ejecutarQuerys db=2
System.Net.Http.HttpRequestException: Response status code does not indicate success: 500 (Internal Server Error).
   at System.Net.Http.HttpResponseMessage.EnsureSuccessStatusCode()
   at ReportePrematch.Web.Services.Clients.ReportesService.EjecutarQuerysAsync(String sql, Int32 db) in D:\GITHUB\ReportePrematch.Web\ReportePrematch.Web\Services\Clients\ReportesService.cs:line 98
2026-08-04 23:10:14.462 -04:00 [ERR] HTTP POST /Reportes/GetEstadisticasTaq responded 500 in 846.3811 ms
System.Net.Http.HttpRequestException: Response status code does not indicate success: 500 (Internal Server Error).
   at System.Net.Http.HttpResponseMessage.EnsureSuccessStatusCode()
   at ReportePrematch.Web.Services.Clients.ReportesService.EjecutarQuerysAsync(String sql, Int32 db) in D:\GITHUB\ReportePrematch.Web\ReportePrematch.Web\Services\Clients\ReportesService.cs:line 98
   at ReportePrematch.Web.Services.Clients.ReportesService.GetEstadisticasTaqAsync(String fechaD, String fechaH, String agente, String local, String pais, String role) in D:\GITHUB\ReportePrematch.Web\ReportePrematch.Web\Services\Clients\ReportesService.cs:line 778
   at ReportePrematch.Web.Controllers.ReportesController.GetEstadisticasTaq(String fechaD, String fechaH, String agente) in D:\GITHUB\ReportePrematch.Web\ReportePrematch.Web\Controllers\ReportesController.cs:line 444
   at Microsoft.AspNetCore.Mvc.Infrastructure.ActionMethodExecutor.TaskOfIActionResultExecutor.Execute(ActionContext actionContext, IActionResultTypeMapper mapper, ObjectMethodExecutor executor, Object controller, Object[] arguments)
   at Microsoft.AspNetCore.Mvc.Infrastructure.ControllerActionInvoker.<InvokeActionMethodAsync>g__Awaited|12_0(ControllerActionInvoker invoker, ValueTask`1 actionResultValueTask)
   at Microsoft.AspNetCore.Mvc.Infrastructure.ControllerActionInvoker.<InvokeNextActionFilterAsync>g__Awaited|10_0(ControllerActionInvoker invoker, Task lastTask, State next, Scope scope, Object state, Boolean isCompleted)
   at Microsoft.AspNetCore.Mvc.Infrastructure.ControllerActionInvoker.Rethrow(ActionExecutedContextSealed context)
   at Microsoft.AspNetCore.Mvc.Infrastructure.ControllerActionInvoker.Next(State& next, Scope& scope, Object& state, Boolean& isCompleted)
   at Microsoft.AspNetCore.Mvc.Infrastructure.ControllerActionInvoker.<InvokeInnerFilterAsync>g__Awaited|13_0(ControllerActionInvoker invoker, Task lastTask, State next, Scope scope, Object state, Boolean isCompleted)
   at Microsoft.AspNetCore.Mvc.Infrastructure.ResourceInvoker.<InvokeNextResourceFilter>g__Awaited|25_0(ResourceInvoker invoker, Task lastTask, State next, Scope scope, Object state, Boolean isCompleted)
   at Microsoft.AspNetCore.Mvc.Infrastructure.ResourceInvoker.Rethrow(ResourceExecutedContextSealed context)
   at Microsoft.AspNetCore.Mvc.Infrastructure.ResourceInvoker.Next(State& next, Scope& scope, Object& state, Boolean& isCompleted)
   at Microsoft.AspNetCore.Mvc.Infrastructure.ResourceInvoker.<InvokeFilterPipelineAsync>g__Awaited|20_0(ResourceInvoker invoker, Task lastTask, State next, Scope scope, Object state, Boolean isCompleted)
   at Microsoft.AspNetCore.Mvc.Infrastructure.ResourceInvoker.<InvokeAsync>g__Awaited|17_0(ResourceInvoker invoker, Task task, IDisposable scope)
   at Microsoft.AspNetCore.Mvc.Infrastructure.ResourceInvoker.<InvokeAsync>g__Awaited|17_0(ResourceInvoker invoker, Task task, IDisposable scope)
   at Microsoft.AspNetCore.Authorization.AuthorizationMiddleware.Invoke(HttpContext context)
   at Microsoft.AspNetCore.Session.SessionMiddleware.Invoke(HttpContext context)
   at Microsoft.AspNetCore.Session.SessionMiddleware.Invoke(HttpContext context)
   at Serilog.AspNetCore.RequestLoggingMiddleware.Invoke(HttpContext httpContext)
2026-08-04 23:10:14.483 -04:00 [ERR] An unhandled exception has occurred while executing the request.
System.Net.Http.HttpRequestException: Response status code does not indicate success: 500 (Internal Server Error).
   at System.Net.Http.HttpResponseMessage.EnsureSuccessStatusCode()
   at ReportePrematch.Web.Services.Clients.ReportesService.EjecutarQuerysAsync(String sql, Int32 db) in D:\GITHUB\ReportePrematch.Web\ReportePrematch.Web\Services\Clients\ReportesService.cs:line 98
   at ReportePrematch.Web.Services.Clients.ReportesService.GetEstadisticasTaqAsync(String fechaD, String fechaH, String agente, String local, String pais, String role) in D:\GITHUB\ReportePrematch.Web\ReportePrematch.Web\Services\Clients\ReportesService.cs:line 778
   at ReportePrematch.Web.Controllers.ReportesController.GetEstadisticasTaq(String fechaD, String fechaH, String agente) in D:\GITHUB\ReportePrematch.Web\ReportePrematch.Web\Controllers\ReportesController.cs:line 444
   at Microsoft.AspNetCore.Mvc.Infrastructure.ActionMethodExecutor.TaskOfIActionResultExecutor.Execute(ActionContext actionContext, IActionResultTypeMapper mapper, ObjectMethodExecutor executor, Object controller, Object[] arguments)
   at Microsoft.AspNetCore.Mvc.Infrastructure.ControllerActionInvoker.<InvokeActionMethodAsync>g__Awaited|12_0(ControllerActionInvoker invoker, ValueTask`1 actionResultValueTask)
   at Microsoft.AspNetCore.Mvc.Infrastructure.ControllerActionInvoker.<InvokeNextActionFilterAsync>g__Awaited|10_0(ControllerActionInvoker invoker, Task lastTask, State next, Scope scope, Object state, Boolean isCompleted)
   at Microsoft.AspNetCore.Mvc.Infrastructure.ControllerActionInvoker.Rethrow(ActionExecutedContextSealed context)
   at Microsoft.AspNetCore.Mvc.Infrastructure.ControllerActionInvoker.Next(State& next, Scope& scope, Object& state, Boolean& isCompleted)
   at Microsoft.AspNetCore.Mvc.Infrastructure.ControllerActionInvoker.<InvokeInnerFilterAsync>g__Awaited|13_0(ControllerActionInvoker invoker, Task lastTask, State next, Scope scope, Object state, Boolean isCompleted)
   at Microsoft.AspNetCore.Mvc.Infrastructure.ResourceInvoker.<InvokeNextResourceFilter>g__Awaited|25_0(ResourceInvoker invoker, Task lastTask, State next, Scope scope, Object state, Boolean isCompleted)
   at Microsoft.AspNetCore.Mvc.Infrastructure.ResourceInvoker.Rethrow(ResourceExecutedContextSealed context)
   at Microsoft.AspNetCore.Mvc.Infrastructure.ResourceInvoker.Next(State& next, Scope& scope, Object& state, Boolean& isCompleted)
   at Microsoft.AspNetCore.Mvc.Infrastructure.ResourceInvoker.<InvokeFilterPipelineAsync>g__Awaited|20_0(ResourceInvoker invoker, Task lastTask, State next, Scope scope, Object state, Boolean isCompleted)
   at Microsoft.AspNetCore.Mvc.Infrastructure.ResourceInvoker.<InvokeAsync>g__Awaited|17_0(ResourceInvoker invoker, Task task, IDisposable scope)
   at Microsoft.AspNetCore.Mvc.Infrastructure.ResourceInvoker.<InvokeAsync>g__Awaited|17_0(ResourceInvoker invoker, Task task, IDisposable scope)
   at Microsoft.AspNetCore.Authorization.AuthorizationMiddleware.Invoke(HttpContext context)
   at Microsoft.AspNetCore.Session.SessionMiddleware.Invoke(HttpContext context)
   at Microsoft.AspNetCore.Session.SessionMiddleware.Invoke(HttpContext context)
   at Serilog.AspNetCore.RequestLoggingMiddleware.Invoke(HttpContext httpContext)
   at Microsoft.AspNetCore.Authentication.AuthenticationMiddleware.Invoke(HttpContext context)
   at Microsoft.AspNetCore.Diagnostics.DeveloperExceptionPageMiddlewareImpl.Invoke(HttpContext context)
2026-08-04 23:22:22.868 -04:00 [INF] HTTP GET /Reportes/Estadisticas responded 200 in 3.1068 ms
2026-08-04 23:22:26.753 -04:00 [INF] HTTP GET /favicon.ico responded 404 in 0.9311 ms
2026-08-04 23:22:27.903 -04:00 [INF] HTTP POST /Reportes/GetListAgencias responded 200 in 3093.6973 ms
2026-08-04 23:22:36.449 -04:00 [INF] HTTP GET /Reportes/VentasPorAgenteNikols responded 200 in 3762.8064 ms
2026-08-04 23:22:38.870 -04:00 [INF] HTTP POST /Reportes/GetListAgencias responded 200 in 1951.9562 ms
2026-08-04 23:22:56.044 -04:00 [INF] HTTP POST /Reportes/GetVentasPorAgenteNikolsTaq responded 200 in 500.0196 ms
2026-08-04 23:22:58.484 -04:00 [INF] HTTP POST /Reportes/GetTicketsDetalladosTaq responded 200 in 352.2314 ms
2026-08-04 23:23:16.451 -04:00 [ERR] Error GET+QS api/Reportes/VentasPorAgenteNikolsWeb
System.Net.Http.HttpRequestException: Response status code does not indicate success: 404 (Not Found).
   at System.Net.Http.HttpResponseMessage.EnsureSuccessStatusCode()
   at ReportePrematch.Web.Services.Clients.ApiClient.GetQueryAsync[T](String endpoint, Dictionary`2 query, CancellationToken ct) in D:\GITHUB\ReportePrematch.Web\ReportePrematch.Web\Services\Clients\ApiClient.cs:line 47
2026-08-04 23:23:16.563 -04:00 [ERR] HTTP POST /Reportes/GetVentasPorAgenteNikolsWeb responded 500 in 168.4915 ms
System.Net.Http.HttpRequestException: Response status code does not indicate success: 404 (Not Found).
   at System.Net.Http.HttpResponseMessage.EnsureSuccessStatusCode()
   at ReportePrematch.Web.Services.Clients.ApiClient.GetQueryAsync[T](String endpoint, Dictionary`2 query, CancellationToken ct) in D:\GITHUB\ReportePrematch.Web\ReportePrematch.Web\Services\Clients\ApiClient.cs:line 47
   at ReportePrematch.Web.Services.Clients.ReportesService.GetVentasPorAgenteNikolsWebAsync(String fechaD, String fechaH, String agente, String pais, String role) in D:\GITHUB\ReportePrematch.Web\ReportePrematch.Web\Services\Clients\ReportesService.cs:line 708
   at ReportePrematch.Web.Controllers.ReportesController.GetVentasPorAgenteNikolsWeb(String fechaD, String fechaH, String agente) in D:\GITHUB\ReportePrematch.Web\ReportePrematch.Web\Controllers\ReportesController.cs:line 427
   at Microsoft.AspNetCore.Mvc.Infrastructure.ActionMethodExecutor.TaskOfIActionResultExecutor.Execute(ActionContext actionContext, IActionResultTypeMapper mapper, ObjectMethodExecutor executor, Object controller, Object[] arguments)
   at Microsoft.AspNetCore.Mvc.Infrastructure.ControllerActionInvoker.<InvokeActionMethodAsync>g__Awaited|12_0(ControllerActionInvoker invoker, ValueTask`1 actionResultValueTask)
   at Microsoft.AspNetCore.Mvc.Infrastructure.ControllerActionInvoker.<InvokeNextActionFilterAsync>g__Awaited|10_0(ControllerActionInvoker invoker, Task lastTask, State next, Scope scope, Object state, Boolean isCompleted)
   at Microsoft.AspNetCore.Mvc.Infrastructure.ControllerActionInvoker.Rethrow(ActionExecutedContextSealed context)
   at Microsoft.AspNetCore.Mvc.Infrastructure.ControllerActionInvoker.Next(State& next, Scope& scope, Object& state, Boolean& isCompleted)
   at Microsoft.AspNetCore.Mvc.Infrastructure.ControllerActionInvoker.<InvokeInnerFilterAsync>g__Awaited|13_0(ControllerActionInvoker invoker, Task lastTask, State next, Scope scope, Object state, Boolean isCompleted)
   at Microsoft.AspNetCore.Mvc.Infrastructure.ResourceInvoker.<InvokeNextResourceFilter>g__Awaited|25_0(ResourceInvoker invoker, Task lastTask, State next, Scope scope, Object state, Boolean isCompleted)
   at Microsoft.AspNetCore.Mvc.Infrastructure.ResourceInvoker.Rethrow(ResourceExecutedContextSealed context)
   at Microsoft.AspNetCore.Mvc.Infrastructure.ResourceInvoker.Next(State& next, Scope& scope, Object& state, Boolean& isCompleted)
   at Microsoft.AspNetCore.Mvc.Infrastructure.ResourceInvoker.<InvokeFilterPipelineAsync>g__Awaited|20_0(ResourceInvoker invoker, Task lastTask, State next, Scope scope, Object state, Boolean isCompleted)
   at Microsoft.AspNetCore.Mvc.Infrastructure.ResourceInvoker.<InvokeAsync>g__Awaited|17_0(ResourceInvoker invoker, Task task, IDisposable scope)
   at Microsoft.AspNetCore.Mvc.Infrastructure.ResourceInvoker.<InvokeAsync>g__Awaited|17_0(ResourceInvoker invoker, Task task, IDisposable scope)
   at Microsoft.AspNetCore.Authorization.AuthorizationMiddleware.Invoke(HttpContext context)
   at Microsoft.AspNetCore.Session.SessionMiddleware.Invoke(HttpContext context)
   at Microsoft.AspNetCore.Session.SessionMiddleware.Invoke(HttpContext context)
   at Serilog.AspNetCore.RequestLoggingMiddleware.Invoke(HttpContext httpContext)
2026-08-04 23:23:16.577 -04:00 [ERR] An unhandled exception has occurred while executing the request.
System.Net.Http.HttpRequestException: Response status code does not indicate success: 404 (Not Found).
   at System.Net.Http.HttpResponseMessage.EnsureSuccessStatusCode()
   at ReportePrematch.Web.Services.Clients.ApiClient.GetQueryAsync[T](String endpoint, Dictionary`2 query, CancellationToken ct) in D:\GITHUB\ReportePrematch.Web\ReportePrematch.Web\Services\Clients\ApiClient.cs:line 47
   at ReportePrematch.Web.Services.Clients.ReportesService.GetVentasPorAgenteNikolsWebAsync(String fechaD, String fechaH, String agente, String pais, String role) in D:\GITHUB\ReportePrematch.Web\ReportePrematch.Web\Services\Clients\ReportesService.cs:line 708
   at ReportePrematch.Web.Controllers.ReportesController.GetVentasPorAgenteNikolsWeb(String fechaD, String fechaH, String agente) in D:\GITHUB\ReportePrematch.Web\ReportePrematch.Web\Controllers\ReportesController.cs:line 427
   at Microsoft.AspNetCore.Mvc.Infrastructure.ActionMethodExecutor.TaskOfIActionResultExecutor.Execute(ActionContext actionContext, IActionResultTypeMapper mapper, ObjectMethodExecutor executor, Object controller, Object[] arguments)
   at Microsoft.AspNetCore.Mvc.Infrastructure.ControllerActionInvoker.<InvokeActionMethodAsync>g__Awaited|12_0(ControllerActionInvoker invoker, ValueTask`1 actionResultValueTask)
   at Microsoft.AspNetCore.Mvc.Infrastructure.ControllerActionInvoker.<InvokeNextActionFilterAsync>g__Awaited|10_0(ControllerActionInvoker invoker, Task lastTask, State next, Scope scope, Object state, Boolean isCompleted)
   at Microsoft.AspNetCore.Mvc.Infrastructure.ControllerActionInvoker.Rethrow(ActionExecutedContextSealed context)
   at Microsoft.AspNetCore.Mvc.Infrastructure.ControllerActionInvoker.Next(State& next, Scope& scope, Object& state, Boolean& isCompleted)
   at Microsoft.AspNetCore.Mvc.Infrastructure.ControllerActionInvoker.<InvokeInnerFilterAsync>g__Awaited|13_0(ControllerActionInvoker invoker, Task lastTask, State next, Scope scope, Object state, Boolean isCompleted)
   at Microsoft.AspNetCore.Mvc.Infrastructure.ResourceInvoker.<InvokeNextResourceFilter>g__Awaited|25_0(ResourceInvoker invoker, Task lastTask, State next, Scope scope, Object state, Boolean isCompleted)
   at Microsoft.AspNetCore.Mvc.Infrastructure.ResourceInvoker.Rethrow(ResourceExecutedContextSealed context)
   at Microsoft.AspNetCore.Mvc.Infrastructure.ResourceInvoker.Next(State& next, Scope& scope, Object& state, Boolean& isCompleted)
   at Microsoft.AspNetCore.Mvc.Infrastructure.ResourceInvoker.<InvokeFilterPipelineAsync>g__Awaited|20_0(ResourceInvoker invoker, Task lastTask, State next, Scope scope, Object state, Boolean isCompleted)
   at Microsoft.AspNetCore.Mvc.Infrastructure.ResourceInvoker.<InvokeAsync>g__Awaited|17_0(ResourceInvoker invoker, Task task, IDisposable scope)
   at Microsoft.AspNetCore.Mvc.Infrastructure.ResourceInvoker.<InvokeAsync>g__Awaited|17_0(ResourceInvoker invoker, Task task, IDisposable scope)
   at Microsoft.AspNetCore.Authorization.AuthorizationMiddleware.Invoke(HttpContext context)
   at Microsoft.AspNetCore.Session.SessionMiddleware.Invoke(HttpContext context)
   at Microsoft.AspNetCore.Session.SessionMiddleware.Invoke(HttpContext context)
   at Serilog.AspNetCore.RequestLoggingMiddleware.Invoke(HttpContext httpContext)
   at Microsoft.AspNetCore.Authentication.AuthenticationMiddleware.Invoke(HttpContext context)
   at Microsoft.AspNetCore.Diagnostics.DeveloperExceptionPageMiddlewareImpl.Invoke(HttpContext context)
2026-08-04 23:23:50.403 -04:00 [ERR] Error GET+QS api/Reportes/VentasPorAgenteNikolsWeb
System.Net.Http.HttpRequestException: Response status code does not indicate success: 404 (Not Found).
   at System.Net.Http.HttpResponseMessage.EnsureSuccessStatusCode()
   at ReportePrematch.Web.Services.Clients.ApiClient.GetQueryAsync[T](String endpoint, Dictionary`2 query, CancellationToken ct) in D:\GITHUB\ReportePrematch.Web\ReportePrematch.Web\Services\Clients\ApiClient.cs:line 47
2026-08-04 23:23:50.542 -04:00 [ERR] HTTP POST /Reportes/GetVentasPorAgenteNikolsWeb responded 500 in 164.2396 ms
System.Net.Http.HttpRequestException: Response status code does not indicate success: 404 (Not Found).
   at System.Net.Http.HttpResponseMessage.EnsureSuccessStatusCode()
   at ReportePrematch.Web.Services.Clients.ApiClient.GetQueryAsync[T](String endpoint, Dictionary`2 query, CancellationToken ct) in D:\GITHUB\ReportePrematch.Web\ReportePrematch.Web\Services\Clients\ApiClient.cs:line 47
   at ReportePrematch.Web.Services.Clients.ReportesService.GetVentasPorAgenteNikolsWebAsync(String fechaD, String fechaH, String agente, String pais, String role) in D:\GITHUB\ReportePrematch.Web\ReportePrematch.Web\Services\Clients\ReportesService.cs:line 708
   at ReportePrematch.Web.Controllers.ReportesController.GetVentasPorAgenteNikolsWeb(String fechaD, String fechaH, String agente) in D:\GITHUB\ReportePrematch.Web\ReportePrematch.Web\Controllers\ReportesController.cs:line 427
   at Microsoft.AspNetCore.Mvc.Infrastructure.ActionMethodExecutor.TaskOfIActionResultExecutor.Execute(ActionContext actionContext, IActionResultTypeMapper mapper, ObjectMethodExecutor executor, Object controller, Object[] arguments)
   at Microsoft.AspNetCore.Mvc.Infrastructure.ControllerActionInvoker.<InvokeActionMethodAsync>g__Awaited|12_0(ControllerActionInvoker invoker, ValueTask`1 actionResultValueTask)
   at Microsoft.AspNetCore.Mvc.Infrastructure.ControllerActionInvoker.<InvokeNextActionFilterAsync>g__Awaited|10_0(ControllerActionInvoker invoker, Task lastTask, State next, Scope scope, Object state, Boolean isCompleted)
   at Microsoft.AspNetCore.Mvc.Infrastructure.ControllerActionInvoker.Rethrow(ActionExecutedContextSealed context)
   at Microsoft.AspNetCore.Mvc.Infrastructure.ControllerActionInvoker.Next(State& next, Scope& scope, Object& state, Boolean& isCompleted)
   at Microsoft.AspNetCore.Mvc.Infrastructure.ControllerActionInvoker.<InvokeInnerFilterAsync>g__Awaited|13_0(ControllerActionInvoker invoker, Task lastTask, State next, Scope scope, Object state, Boolean isCompleted)
   at Microsoft.AspNetCore.Mvc.Infrastructure.ResourceInvoker.<InvokeNextResourceFilter>g__Awaited|25_0(ResourceInvoker invoker, Task lastTask, State next, Scope scope, Object state, Boolean isCompleted)
   at Microsoft.AspNetCore.Mvc.Infrastructure.ResourceInvoker.Rethrow(ResourceExecutedContextSealed context)
   at Microsoft.AspNetCore.Mvc.Infrastructure.ResourceInvoker.Next(State& next, Scope& scope, Object& state, Boolean& isCompleted)
   at Microsoft.AspNetCore.Mvc.Infrastructure.ResourceInvoker.<InvokeFilterPipelineAsync>g__Awaited|20_0(ResourceInvoker invoker, Task lastTask, State next, Scope scope, Object state, Boolean isCompleted)
   at Microsoft.AspNetCore.Mvc.Infrastructure.ResourceInvoker.<InvokeAsync>g__Awaited|17_0(ResourceInvoker invoker, Task task, IDisposable scope)
   at Microsoft.AspNetCore.Mvc.Infrastructure.ResourceInvoker.<InvokeAsync>g__Awaited|17_0(ResourceInvoker invoker, Task task, IDisposable scope)
   at Microsoft.AspNetCore.Authorization.AuthorizationMiddleware.Invoke(HttpContext context)
   at Microsoft.AspNetCore.Session.SessionMiddleware.Invoke(HttpContext context)
   at Microsoft.AspNetCore.Session.SessionMiddleware.Invoke(HttpContext context)
   at Serilog.AspNetCore.RequestLoggingMiddleware.Invoke(HttpContext httpContext)
2026-08-04 23:23:50.561 -04:00 [ERR] An unhandled exception has occurred while executing the request.
System.Net.Http.HttpRequestException: Response status code does not indicate success: 404 (Not Found).
   at System.Net.Http.HttpResponseMessage.EnsureSuccessStatusCode()
   at ReportePrematch.Web.Services.Clients.ApiClient.GetQueryAsync[T](String endpoint, Dictionary`2 query, CancellationToken ct) in D:\GITHUB\ReportePrematch.Web\ReportePrematch.Web\Services\Clients\ApiClient.cs:line 47
   at ReportePrematch.Web.Services.Clients.ReportesService.GetVentasPorAgenteNikolsWebAsync(String fechaD, String fechaH, String agente, String pais, String role) in D:\GITHUB\ReportePrematch.Web\ReportePrematch.Web\Services\Clients\ReportesService.cs:line 708
   at ReportePrematch.Web.Controllers.ReportesController.GetVentasPorAgenteNikolsWeb(String fechaD, String fechaH, String agente) in D:\GITHUB\ReportePrematch.Web\ReportePrematch.Web\Controllers\ReportesController.cs:line 427
   at Microsoft.AspNetCore.Mvc.Infrastructure.ActionMethodExecutor.TaskOfIActionResultExecutor.Execute(ActionContext actionContext, IActionResultTypeMapper mapper, ObjectMethodExecutor executor, Object controller, Object[] arguments)
   at Microsoft.AspNetCore.Mvc.Infrastructure.ControllerActionInvoker.<InvokeActionMethodAsync>g__Awaited|12_0(ControllerActionInvoker invoker, ValueTask`1 actionResultValueTask)
   at Microsoft.AspNetCore.Mvc.Infrastructure.ControllerActionInvoker.<InvokeNextActionFilterAsync>g__Awaited|10_0(ControllerActionInvoker invoker, Task lastTask, State next, Scope scope, Object state, Boolean isCompleted)
   at Microsoft.AspNetCore.Mvc.Infrastructure.ControllerActionInvoker.Rethrow(ActionExecutedContextSealed context)
   at Microsoft.AspNetCore.Mvc.Infrastructure.ControllerActionInvoker.Next(State& next, Scope& scope, Object& state, Boolean& isCompleted)
   at Microsoft.AspNetCore.Mvc.Infrastructure.ControllerActionInvoker.<InvokeInnerFilterAsync>g__Awaited|13_0(ControllerActionInvoker invoker, Task lastTask, State next, Scope scope, Object state, Boolean isCompleted)
   at Microsoft.AspNetCore.Mvc.Infrastructure.ResourceInvoker.<InvokeNextResourceFilter>g__Awaited|25_0(ResourceInvoker invoker, Task lastTask, State next, Scope scope, Object state, Boolean isCompleted)
   at Microsoft.AspNetCore.Mvc.Infrastructure.ResourceInvoker.Rethrow(ResourceExecutedContextSealed context)
   at Microsoft.AspNetCore.Mvc.Infrastructure.ResourceInvoker.Next(State& next, Scope& scope, Object& state, Boolean& isCompleted)
   at Microsoft.AspNetCore.Mvc.Infrastructure.ResourceInvoker.<InvokeFilterPipelineAsync>g__Awaited|20_0(ResourceInvoker invoker, Task lastTask, State next, Scope scope, Object state, Boolean isCompleted)
   at Microsoft.AspNetCore.Mvc.Infrastructure.ResourceInvoker.<InvokeAsync>g__Awaited|17_0(ResourceInvoker invoker, Task task, IDisposable scope)
   at Microsoft.AspNetCore.Mvc.Infrastructure.ResourceInvoker.<InvokeAsync>g__Awaited|17_0(ResourceInvoker invoker, Task task, IDisposable scope)
   at Microsoft.AspNetCore.Authorization.AuthorizationMiddleware.Invoke(HttpContext context)
   at Microsoft.AspNetCore.Session.SessionMiddleware.Invoke(HttpContext context)
   at Microsoft.AspNetCore.Session.SessionMiddleware.Invoke(HttpContext context)
   at Serilog.AspNetCore.RequestLoggingMiddleware.Invoke(HttpContext httpContext)
   at Microsoft.AspNetCore.Authentication.AuthenticationMiddleware.Invoke(HttpContext context)
   at Microsoft.AspNetCore.Diagnostics.DeveloperExceptionPageMiddlewareImpl.Invoke(HttpContext context)
2026-08-04 23:32:11.176 -04:00 [INF] HTTP POST /Reportes/GetVentasPorAgenteNikolsTaq responded 200 in 2031.2759 ms
2026-08-04 23:32:13.754 -04:00 [INF] HTTP POST /Reportes/GetTicketsDetalladosTaq responded 200 in 462.1519 ms
2026-08-04 23:32:33.193 -04:00 [INF] HTTP GET /Reportes/VentasPorAgenteNikols responded 200 in 5.9685 ms
2026-08-04 23:32:37.384 -04:00 [INF] HTTP POST /Reportes/GetListAgencias responded 200 in 2089.9087 ms
2026-08-04 23:32:37.746 -04:00 [INF] HTTP GET /favicon.ico responded 404 in 0.4439 ms
2026-08-04 23:33:01.404 -04:00 [INF] HTTP POST /Reportes/GetVentasPorAgenteNikolsTaq responded 200 in 413.5571 ms
2026-08-04 23:33:04.085 -04:00 [INF] HTTP POST /Reportes/GetTicketsDetalladosTaq responded 200 in 338.8140 ms
2026-08-04 23:33:13.917 -04:00 [ERR] Error GET+QS api/Reportes/VentasPorAgenteNikolsWeb
System.Net.Http.HttpRequestException: Response status code does not indicate success: 404 (Not Found).
   at System.Net.Http.HttpResponseMessage.EnsureSuccessStatusCode()
   at ReportePrematch.Web.Services.Clients.ApiClient.GetQueryAsync[T](String endpoint, Dictionary`2 query, CancellationToken ct) in D:\GITHUB\ReportePrematch.Web\ReportePrematch.Web\Services\Clients\ApiClient.cs:line 47
2026-08-04 23:33:14.011 -04:00 [ERR] HTTP POST /Reportes/GetVentasPorAgenteNikolsWeb responded 500 in 119.4102 ms
System.Net.Http.HttpRequestException: Response status code does not indicate success: 404 (Not Found).
   at System.Net.Http.HttpResponseMessage.EnsureSuccessStatusCode()
   at ReportePrematch.Web.Services.Clients.ApiClient.GetQueryAsync[T](String endpoint, Dictionary`2 query, CancellationToken ct) in D:\GITHUB\ReportePrematch.Web\ReportePrematch.Web\Services\Clients\ApiClient.cs:line 47
   at ReportePrematch.Web.Services.Clients.ReportesService.GetVentasPorAgenteNikolsWebAsync(String fechaD, String fechaH, String agente, String pais, String role) in D:\GITHUB\ReportePrematch.Web\ReportePrematch.Web\Services\Clients\ReportesService.cs:line 708
   at ReportePrematch.Web.Controllers.ReportesController.GetVentasPorAgenteNikolsWeb(String fechaD, String fechaH, String agente) in D:\GITHUB\ReportePrematch.Web\ReportePrematch.Web\Controllers\ReportesController.cs:line 427
   at Microsoft.AspNetCore.Mvc.Infrastructure.ActionMethodExecutor.TaskOfIActionResultExecutor.Execute(ActionContext actionContext, IActionResultTypeMapper mapper, ObjectMethodExecutor executor, Object controller, Object[] arguments)
   at Microsoft.AspNetCore.Mvc.Infrastructure.ControllerActionInvoker.<InvokeActionMethodAsync>g__Awaited|12_0(ControllerActionInvoker invoker, ValueTask`1 actionResultValueTask)
   at Microsoft.AspNetCore.Mvc.Infrastructure.ControllerActionInvoker.<InvokeNextActionFilterAsync>g__Awaited|10_0(ControllerActionInvoker invoker, Task lastTask, State next, Scope scope, Object state, Boolean isCompleted)
   at Microsoft.AspNetCore.Mvc.Infrastructure.ControllerActionInvoker.Rethrow(ActionExecutedContextSealed context)
   at Microsoft.AspNetCore.Mvc.Infrastructure.ControllerActionInvoker.Next(State& next, Scope& scope, Object& state, Boolean& isCompleted)
   at Microsoft.AspNetCore.Mvc.Infrastructure.ControllerActionInvoker.<InvokeInnerFilterAsync>g__Awaited|13_0(ControllerActionInvoker invoker, Task lastTask, State next, Scope scope, Object state, Boolean isCompleted)
   at Microsoft.AspNetCore.Mvc.Infrastructure.ResourceInvoker.<InvokeNextResourceFilter>g__Awaited|25_0(ResourceInvoker invoker, Task lastTask, State next, Scope scope, Object state, Boolean isCompleted)
   at Microsoft.AspNetCore.Mvc.Infrastructure.ResourceInvoker.Rethrow(ResourceExecutedContextSealed context)
   at Microsoft.AspNetCore.Mvc.Infrastructure.ResourceInvoker.Next(State& next, Scope& scope, Object& state, Boolean& isCompleted)
   at Microsoft.AspNetCore.Mvc.Infrastructure.ResourceInvoker.<InvokeFilterPipelineAsync>g__Awaited|20_0(ResourceInvoker invoker, Task lastTask, State next, Scope scope, Object state, Boolean isCompleted)
   at Microsoft.AspNetCore.Mvc.Infrastructure.ResourceInvoker.<InvokeAsync>g__Awaited|17_0(ResourceInvoker invoker, Task task, IDisposable scope)
   at Microsoft.AspNetCore.Mvc.Infrastructure.ResourceInvoker.<InvokeAsync>g__Awaited|17_0(ResourceInvoker invoker, Task task, IDisposable scope)
   at Microsoft.AspNetCore.Authorization.AuthorizationMiddleware.Invoke(HttpContext context)
   at Microsoft.AspNetCore.Session.SessionMiddleware.Invoke(HttpContext context)
   at Microsoft.AspNetCore.Session.SessionMiddleware.Invoke(HttpContext context)
   at Serilog.AspNetCore.RequestLoggingMiddleware.Invoke(HttpContext httpContext)
2026-08-04 23:33:14.027 -04:00 [ERR] An unhandled exception has occurred while executing the request.
System.Net.Http.HttpRequestException: Response status code does not indicate success: 404 (Not Found).
   at System.Net.Http.HttpResponseMessage.EnsureSuccessStatusCode()
   at ReportePrematch.Web.Services.Clients.ApiClient.GetQueryAsync[T](String endpoint, Dictionary`2 query, CancellationToken ct) in D:\GITHUB\ReportePrematch.Web\ReportePrematch.Web\Services\Clients\ApiClient.cs:line 47
   at ReportePrematch.Web.Services.Clients.ReportesService.GetVentasPorAgenteNikolsWebAsync(String fechaD, String fechaH, String agente, String pais, String role) in D:\GITHUB\ReportePrematch.Web\ReportePrematch.Web\Services\Clients\ReportesService.cs:line 708
   at ReportePrematch.Web.Controllers.ReportesController.GetVentasPorAgenteNikolsWeb(String fechaD, String fechaH, String agente) in D:\GITHUB\ReportePrematch.Web\ReportePrematch.Web\Controllers\ReportesController.cs:line 427
   at Microsoft.AspNetCore.Mvc.Infrastructure.ActionMethodExecutor.TaskOfIActionResultExecutor.Execute(ActionContext actionContext, IActionResultTypeMapper mapper, ObjectMethodExecutor executor, Object controller, Object[] arguments)
   at Microsoft.AspNetCore.Mvc.Infrastructure.ControllerActionInvoker.<InvokeActionMethodAsync>g__Awaited|12_0(ControllerActionInvoker invoker, ValueTask`1 actionResultValueTask)
   at Microsoft.AspNetCore.Mvc.Infrastructure.ControllerActionInvoker.<InvokeNextActionFilterAsync>g__Awaited|10_0(ControllerActionInvoker invoker, Task lastTask, State next, Scope scope, Object state, Boolean isCompleted)
   at Microsoft.AspNetCore.Mvc.Infrastructure.ControllerActionInvoker.Rethrow(ActionExecutedContextSealed context)
   at Microsoft.AspNetCore.Mvc.Infrastructure.ControllerActionInvoker.Next(State& next, Scope& scope, Object& state, Boolean& isCompleted)
   at Microsoft.AspNetCore.Mvc.Infrastructure.ControllerActionInvoker.<InvokeInnerFilterAsync>g__Awaited|13_0(ControllerActionInvoker invoker, Task lastTask, State next, Scope scope, Object state, Boolean isCompleted)
   at Microsoft.AspNetCore.Mvc.Infrastructure.ResourceInvoker.<InvokeNextResourceFilter>g__Awaited|25_0(ResourceInvoker invoker, Task lastTask, State next, Scope scope, Object state, Boolean isCompleted)
   at Microsoft.AspNetCore.Mvc.Infrastructure.ResourceInvoker.Rethrow(ResourceExecutedContextSealed context)
   at Microsoft.AspNetCore.Mvc.Infrastructure.ResourceInvoker.Next(State& next, Scope& scope, Object& state, Boolean& isCompleted)
   at Microsoft.AspNetCore.Mvc.Infrastructure.ResourceInvoker.<InvokeFilterPipelineAsync>g__Awaited|20_0(ResourceInvoker invoker, Task lastTask, State next, Scope scope, Object state, Boolean isCompleted)
   at Microsoft.AspNetCore.Mvc.Infrastructure.ResourceInvoker.<InvokeAsync>g__Awaited|17_0(ResourceInvoker invoker, Task task, IDisposable scope)
   at Microsoft.AspNetCore.Mvc.Infrastructure.ResourceInvoker.<InvokeAsync>g__Awaited|17_0(ResourceInvoker invoker, Task task, IDisposable scope)
   at Microsoft.AspNetCore.Authorization.AuthorizationMiddleware.Invoke(HttpContext context)
   at Microsoft.AspNetCore.Session.SessionMiddleware.Invoke(HttpContext context)
   at Microsoft.AspNetCore.Session.SessionMiddleware.Invoke(HttpContext context)
   at Serilog.AspNetCore.RequestLoggingMiddleware.Invoke(HttpContext httpContext)
   at Microsoft.AspNetCore.Authentication.AuthenticationMiddleware.Invoke(HttpContext context)
   at Microsoft.AspNetCore.Diagnostics.DeveloperExceptionPageMiddlewareImpl.Invoke(HttpContext context)
2026-08-04 23:33:19.211 -04:00 [INF] HTTP GET /Reportes/TicketsDetallados responded 200 in 2.4776 ms
2026-08-04 23:33:21.196 -04:00 [INF] HTTP POST /Reportes/GetListAgencias responded 200 in 1627.2869 ms
2026-08-04 23:33:36.818 -04:00 [INF] HTTP POST /Reportes/GetTicketsDetalladosTaq responded 200 in 456.2258 ms
2026-08-04 23:33:44.361 -04:00 [INF] HTTP POST /Reportes/GetTicketsDetalladosWeb responded 200 in 786.5520 ms
2026-08-04 23:33:49.562 -04:00 [INF] HTTP GET /Reportes/Estadisticas responded 200 in 1.6213 ms
2026-08-04 23:33:51.490 -04:00 [INF] HTTP POST /Reportes/GetListAgencias responded 200 in 1644.4726 ms
2026-08-04 23:34:09.492 -04:00 [INF] SOAP ejecutarQuerys db=2 sql[796]=SELECT
    UPPER(LTRIM(RTRIM(c.deporte)))                            AS Categoria,
    COUNT(DISTINCT a.ticket)         …
2026-08-04 23:34:10.124 -04:00 [ERR] Error SOAP ejecutarQuerys db=2
System.Net.Http.HttpRequestException: Response status code does not indicate success: 500 (Internal Server Error).
   at System.Net.Http.HttpResponseMessage.EnsureSuccessStatusCode()
   at ReportePrematch.Web.Services.Clients.ReportesService.EjecutarQuerysAsync(String sql, Int32 db) in D:\GITHUB\ReportePrematch.Web\ReportePrematch.Web\Services\Clients\ReportesService.cs:line 98
2026-08-04 23:34:10.270 -04:00 [ERR] HTTP POST /Reportes/GetEstadisticasTaq responded 500 in 779.0584 ms
System.Net.Http.HttpRequestException: Response status code does not indicate success: 500 (Internal Server Error).
   at System.Net.Http.HttpResponseMessage.EnsureSuccessStatusCode()
   at ReportePrematch.Web.Services.Clients.ReportesService.EjecutarQuerysAsync(String sql, Int32 db) in D:\GITHUB\ReportePrematch.Web\ReportePrematch.Web\Services\Clients\ReportesService.cs:line 98
   at ReportePrematch.Web.Services.Clients.ReportesService.GetEstadisticasTaqAsync(String fechaD, String fechaH, String agente, String local, String pais, String role) in D:\GITHUB\ReportePrematch.Web\ReportePrematch.Web\Services\Clients\ReportesService.cs:line 778
   at ReportePrematch.Web.Controllers.ReportesController.GetEstadisticasTaq(String fechaD, String fechaH, String agente) in D:\GITHUB\ReportePrematch.Web\ReportePrematch.Web\Controllers\ReportesController.cs:line 444
   at Microsoft.AspNetCore.Mvc.Infrastructure.ActionMethodExecutor.TaskOfIActionResultExecutor.Execute(ActionContext actionContext, IActionResultTypeMapper mapper, ObjectMethodExecutor executor, Object controller, Object[] arguments)
   at Microsoft.AspNetCore.Mvc.Infrastructure.ControllerActionInvoker.<InvokeActionMethodAsync>g__Awaited|12_0(ControllerActionInvoker invoker, ValueTask`1 actionResultValueTask)
   at Microsoft.AspNetCore.Mvc.Infrastructure.ControllerActionInvoker.<InvokeNextActionFilterAsync>g__Awaited|10_0(ControllerActionInvoker invoker, Task lastTask, State next, Scope scope, Object state, Boolean isCompleted)
   at Microsoft.AspNetCore.Mvc.Infrastructure.ControllerActionInvoker.Rethrow(ActionExecutedContextSealed context)
   at Microsoft.AspNetCore.Mvc.Infrastructure.ControllerActionInvoker.Next(State& next, Scope& scope, Object& state, Boolean& isCompleted)
   at Microsoft.AspNetCore.Mvc.Infrastructure.ControllerActionInvoker.<InvokeInnerFilterAsync>g__Awaited|13_0(ControllerActionInvoker invoker, Task lastTask, State next, Scope scope, Object state, Boolean isCompleted)
   at Microsoft.AspNetCore.Mvc.Infrastructure.ResourceInvoker.<InvokeNextResourceFilter>g__Awaited|25_0(ResourceInvoker invoker, Task lastTask, State next, Scope scope, Object state, Boolean isCompleted)
   at Microsoft.AspNetCore.Mvc.Infrastructure.ResourceInvoker.Rethrow(ResourceExecutedContextSealed context)
   at Microsoft.AspNetCore.Mvc.Infrastructure.ResourceInvoker.Next(State& next, Scope& scope, Object& state, Boolean& isCompleted)
   at Microsoft.AspNetCore.Mvc.Infrastructure.ResourceInvoker.<InvokeFilterPipelineAsync>g__Awaited|20_0(ResourceInvoker invoker, Task lastTask, State next, Scope scope, Object state, Boolean isCompleted)
   at Microsoft.AspNetCore.Mvc.Infrastructure.ResourceInvoker.<InvokeAsync>g__Awaited|17_0(ResourceInvoker invoker, Task task, IDisposable scope)
   at Microsoft.AspNetCore.Mvc.Infrastructure.ResourceInvoker.<InvokeAsync>g__Awaited|17_0(ResourceInvoker invoker, Task task, IDisposable scope)
   at Microsoft.AspNetCore.Authorization.AuthorizationMiddleware.Invoke(HttpContext context)
   at Microsoft.AspNetCore.Session.SessionMiddleware.Invoke(HttpContext context)
   at Microsoft.AspNetCore.Session.SessionMiddleware.Invoke(HttpContext context)
   at Serilog.AspNetCore.RequestLoggingMiddleware.Invoke(HttpContext httpContext)
2026-08-04 23:34:10.287 -04:00 [ERR] An unhandled exception has occurred while executing the request.
System.Net.Http.HttpRequestException: Response status code does not indicate success: 500 (Internal Server Error).
   at System.Net.Http.HttpResponseMessage.EnsureSuccessStatusCode()
   at ReportePrematch.Web.Services.Clients.ReportesService.EjecutarQuerysAsync(String sql, Int32 db) in D:\GITHUB\ReportePrematch.Web\ReportePrematch.Web\Services\Clients\ReportesService.cs:line 98
   at ReportePrematch.Web.Services.Clients.ReportesService.GetEstadisticasTaqAsync(String fechaD, String fechaH, String agente, String local, String pais, String role) in D:\GITHUB\ReportePrematch.Web\ReportePrematch.Web\Services\Clients\ReportesService.cs:line 778
   at ReportePrematch.Web.Controllers.ReportesController.GetEstadisticasTaq(String fechaD, String fechaH, String agente) in D:\GITHUB\ReportePrematch.Web\ReportePrematch.Web\Controllers\ReportesController.cs:line 444
   at Microsoft.AspNetCore.Mvc.Infrastructure.ActionMethodExecutor.TaskOfIActionResultExecutor.Execute(ActionContext actionContext, IActionResultTypeMapper mapper, ObjectMethodExecutor executor, Object controller, Object[] arguments)
   at Microsoft.AspNetCore.Mvc.Infrastructure.ControllerActionInvoker.<InvokeActionMethodAsync>g__Awaited|12_0(ControllerActionInvoker invoker, ValueTask`1 actionResultValueTask)
   at Microsoft.AspNetCore.Mvc.Infrastructure.ControllerActionInvoker.<InvokeNextActionFilterAsync>g__Awaited|10_0(ControllerActionInvoker invoker, Task lastTask, State next, Scope scope, Object state, Boolean isCompleted)
   at Microsoft.AspNetCore.Mvc.Infrastructure.ControllerActionInvoker.Rethrow(ActionExecutedContextSealed context)
   at Microsoft.AspNetCore.Mvc.Infrastructure.ControllerActionInvoker.Next(State& next, Scope& scope, Object& state, Boolean& isCompleted)
   at Microsoft.AspNetCore.Mvc.Infrastructure.ControllerActionInvoker.<InvokeInnerFilterAsync>g__Awaited|13_0(ControllerActionInvoker invoker, Task lastTask, State next, Scope scope, Object state, Boolean isCompleted)
   at Microsoft.AspNetCore.Mvc.Infrastructure.ResourceInvoker.<InvokeNextResourceFilter>g__Awaited|25_0(ResourceInvoker invoker, Task lastTask, State next, Scope scope, Object state, Boolean isCompleted)
   at Microsoft.AspNetCore.Mvc.Infrastructure.ResourceInvoker.Rethrow(ResourceExecutedContextSealed context)
   at Microsoft.AspNetCore.Mvc.Infrastructure.ResourceInvoker.Next(State& next, Scope& scope, Object& state, Boolean& isCompleted)
   at Microsoft.AspNetCore.Mvc.Infrastructure.ResourceInvoker.<InvokeFilterPipelineAsync>g__Awaited|20_0(ResourceInvoker invoker, Task lastTask, State next, Scope scope, Object state, Boolean isCompleted)
   at Microsoft.AspNetCore.Mvc.Infrastructure.ResourceInvoker.<InvokeAsync>g__Awaited|17_0(ResourceInvoker invoker, Task task, IDisposable scope)
   at Microsoft.AspNetCore.Mvc.Infrastructure.ResourceInvoker.<InvokeAsync>g__Awaited|17_0(ResourceInvoker invoker, Task task, IDisposable scope)
   at Microsoft.AspNetCore.Authorization.AuthorizationMiddleware.Invoke(HttpContext context)
   at Microsoft.AspNetCore.Session.SessionMiddleware.Invoke(HttpContext context)
   at Microsoft.AspNetCore.Session.SessionMiddleware.Invoke(HttpContext context)
   at Serilog.AspNetCore.RequestLoggingMiddleware.Invoke(HttpContext httpContext)
   at Microsoft.AspNetCore.Authentication.AuthenticationMiddleware.Invoke(HttpContext context)
   at Microsoft.AspNetCore.Diagnostics.DeveloperExceptionPageMiddlewareImpl.Invoke(HttpContext context)
2026-08-04 23:34:22.675 -04:00 [INF] HTTP POST /Reportes/GetEstadisticasWeb responded 200 in 2245.5775 ms
2026-08-04 23:34:44.307 -04:00 [INF] HTTP POST /Reportes/GetEstadisticasWeb responded 200 in 1026.8054 ms
2026-08-04 23:34:56.809 -04:00 [INF] HTTP GET /Reportes/TicketsEnJuegoTaq responded 200 in 294.3386 ms
2026-08-04 23:34:58.549 -04:00 [INF] HTTP POST /Reportes/GetListAgencias responded 200 in 1587.5057 ms
2026-08-04 23:35:03.892 -04:00 [INF] HTTP GET /Reportes/TicketsEnJuegoWeb responded 200 in 28.8950 ms
2026-08-04 23:35:05.848 -04:00 [INF] HTTP POST /Reportes/GetListAgencias responded 200 in 1616.6789 ms
2026-08-04 23:35:23.349 -04:00 [ERR] Error GET+QS api/Reportes/TicketsEnJuegoWeb
System.Net.Http.HttpRequestException: Response status code does not indicate success: 404 (Not Found).
   at System.Net.Http.HttpResponseMessage.EnsureSuccessStatusCode()
   at ReportePrematch.Web.Services.Clients.ApiClient.GetQueryAsync[T](String endpoint, Dictionary`2 query, CancellationToken ct) in D:\GITHUB\ReportePrematch.Web\ReportePrematch.Web\Services\Clients\ApiClient.cs:line 47
2026-08-04 23:35:23.463 -04:00 [ERR] HTTP POST /Reportes/GetTicketsEnJuegoWeb responded 500 in 152.5962 ms
System.Net.Http.HttpRequestException: Response status code does not indicate success: 404 (Not Found).
   at System.Net.Http.HttpResponseMessage.EnsureSuccessStatusCode()
   at ReportePrematch.Web.Services.Clients.ApiClient.GetQueryAsync[T](String endpoint, Dictionary`2 query, CancellationToken ct) in D:\GITHUB\ReportePrematch.Web\ReportePrematch.Web\Services\Clients\ApiClient.cs:line 47
   at ReportePrematch.Web.Services.Clients.ReportesService.GetTicketsEnJuegoWebAsync(String fechaD, String fechaH, String agente) in D:\GITHUB\ReportePrematch.Web\ReportePrematch.Web\Services\Clients\ReportesService.cs:line 680
   at ReportePrematch.Web.Controllers.ReportesController.GetTicketsEnJuegoWeb(String fechaD, String fechaH, String agente) in D:\GITHUB\ReportePrematch.Web\ReportePrematch.Web\Controllers\ReportesController.cs:line 403
   at Microsoft.AspNetCore.Mvc.Infrastructure.ActionMethodExecutor.TaskOfIActionResultExecutor.Execute(ActionContext actionContext, IActionResultTypeMapper mapper, ObjectMethodExecutor executor, Object controller, Object[] arguments)
   at Microsoft.AspNetCore.Mvc.Infrastructure.ControllerActionInvoker.<InvokeActionMethodAsync>g__Awaited|12_0(ControllerActionInvoker invoker, ValueTask`1 actionResultValueTask)
   at Microsoft.AspNetCore.Mvc.Infrastructure.ControllerActionInvoker.<InvokeNextActionFilterAsync>g__Awaited|10_0(ControllerActionInvoker invoker, Task lastTask, State next, Scope scope, Object state, Boolean isCompleted)
   at Microsoft.AspNetCore.Mvc.Infrastructure.ControllerActionInvoker.Rethrow(ActionExecutedContextSealed context)
   at Microsoft.AspNetCore.Mvc.Infrastructure.ControllerActionInvoker.Next(State& next, Scope& scope, Object& state, Boolean& isCompleted)
   at Microsoft.AspNetCore.Mvc.Infrastructure.ControllerActionInvoker.<InvokeInnerFilterAsync>g__Awaited|13_0(ControllerActionInvoker invoker, Task lastTask, State next, Scope scope, Object state, Boolean isCompleted)
   at Microsoft.AspNetCore.Mvc.Infrastructure.ResourceInvoker.<InvokeNextResourceFilter>g__Awaited|25_0(ResourceInvoker invoker, Task lastTask, State next, Scope scope, Object state, Boolean isCompleted)
   at Microsoft.AspNetCore.Mvc.Infrastructure.ResourceInvoker.Rethrow(ResourceExecutedContextSealed context)
   at Microsoft.AspNetCore.Mvc.Infrastructure.ResourceInvoker.Next(State& next, Scope& scope, Object& state, Boolean& isCompleted)
   at Microsoft.AspNetCore.Mvc.Infrastructure.ResourceInvoker.<InvokeFilterPipelineAsync>g__Awaited|20_0(ResourceInvoker invoker, Task lastTask, State next, Scope scope, Object state, Boolean isCompleted)
   at Microsoft.AspNetCore.Mvc.Infrastructure.ResourceInvoker.<InvokeAsync>g__Awaited|17_0(ResourceInvoker invoker, Task task, IDisposable scope)
   at Microsoft.AspNetCore.Mvc.Infrastructure.ResourceInvoker.<InvokeAsync>g__Awaited|17_0(ResourceInvoker invoker, Task task, IDisposable scope)
   at Microsoft.AspNetCore.Authorization.AuthorizationMiddleware.Invoke(HttpContext context)
   at Microsoft.AspNetCore.Session.SessionMiddleware.Invoke(HttpContext context)
   at Microsoft.AspNetCore.Session.SessionMiddleware.Invoke(HttpContext context)
   at Serilog.AspNetCore.RequestLoggingMiddleware.Invoke(HttpContext httpContext)
2026-08-04 23:35:23.477 -04:00 [ERR] An unhandled exception has occurred while executing the request.
System.Net.Http.HttpRequestException: Response status code does not indicate success: 404 (Not Found).
   at System.Net.Http.HttpResponseMessage.EnsureSuccessStatusCode()
   at ReportePrematch.Web.Services.Clients.ApiClient.GetQueryAsync[T](String endpoint, Dictionary`2 query, CancellationToken ct) in D:\GITHUB\ReportePrematch.Web\ReportePrematch.Web\Services\Clients\ApiClient.cs:line 47
   at ReportePrematch.Web.Services.Clients.ReportesService.GetTicketsEnJuegoWebAsync(String fechaD, String fechaH, String agente) in D:\GITHUB\ReportePrematch.Web\ReportePrematch.Web\Services\Clients\ReportesService.cs:line 680
   at ReportePrematch.Web.Controllers.ReportesController.GetTicketsEnJuegoWeb(String fechaD, String fechaH, String agente) in D:\GITHUB\ReportePrematch.Web\ReportePrematch.Web\Controllers\ReportesController.cs:line 403
   at Microsoft.AspNetCore.Mvc.Infrastructure.ActionMethodExecutor.TaskOfIActionResultExecutor.Execute(ActionContext actionContext, IActionResultTypeMapper mapper, ObjectMethodExecutor executor, Object controller, Object[] arguments)
   at Microsoft.AspNetCore.Mvc.Infrastructure.ControllerActionInvoker.<InvokeActionMethodAsync>g__Awaited|12_0(ControllerActionInvoker invoker, ValueTask`1 actionResultValueTask)
   at Microsoft.AspNetCore.Mvc.Infrastructure.ControllerActionInvoker.<InvokeNextActionFilterAsync>g__Awaited|10_0(ControllerActionInvoker invoker, Task lastTask, State next, Scope scope, Object state, Boolean isCompleted)
   at Microsoft.AspNetCore.Mvc.Infrastructure.ControllerActionInvoker.Rethrow(ActionExecutedContextSealed context)
   at Microsoft.AspNetCore.Mvc.Infrastructure.ControllerActionInvoker.Next(State& next, Scope& scope, Object& state, Boolean& isCompleted)
   at Microsoft.AspNetCore.Mvc.Infrastructure.ControllerActionInvoker.<InvokeInnerFilterAsync>g__Awaited|13_0(ControllerActionInvoker invoker, Task lastTask, State next, Scope scope, Object state, Boolean isCompleted)
   at Microsoft.AspNetCore.Mvc.Infrastructure.ResourceInvoker.<InvokeNextResourceFilter>g__Awaited|25_0(ResourceInvoker invoker, Task lastTask, State next, Scope scope, Object state, Boolean isCompleted)
   at Microsoft.AspNetCore.Mvc.Infrastructure.ResourceInvoker.Rethrow(ResourceExecutedContextSealed context)
   at Microsoft.AspNetCore.Mvc.Infrastructure.ResourceInvoker.Next(State& next, Scope& scope, Object& state, Boolean& isCompleted)
   at Microsoft.AspNetCore.Mvc.Infrastructure.ResourceInvoker.<InvokeFilterPipelineAsync>g__Awaited|20_0(ResourceInvoker invoker, Task lastTask, State next, Scope scope, Object state, Boolean isCompleted)
   at Microsoft.AspNetCore.Mvc.Infrastructure.ResourceInvoker.<InvokeAsync>g__Awaited|17_0(ResourceInvoker invoker, Task task, IDisposable scope)
   at Microsoft.AspNetCore.Mvc.Infrastructure.ResourceInvoker.<InvokeAsync>g__Awaited|17_0(ResourceInvoker invoker, Task task, IDisposable scope)
   at Microsoft.AspNetCore.Authorization.AuthorizationMiddleware.Invoke(HttpContext context)
   at Microsoft.AspNetCore.Session.SessionMiddleware.Invoke(HttpContext context)
   at Microsoft.AspNetCore.Session.SessionMiddleware.Invoke(HttpContext context)
   at Serilog.AspNetCore.RequestLoggingMiddleware.Invoke(HttpContext httpContext)
   at Microsoft.AspNetCore.Authentication.AuthenticationMiddleware.Invoke(HttpContext context)
   at Microsoft.AspNetCore.Diagnostics.DeveloperExceptionPageMiddlewareImpl.Invoke(HttpContext context)
2026-08-04 23:35:27.709 -04:00 [INF] HTTP GET /Reportes/TicketsEnJuegoTaq responded 200 in 1.2314 ms
2026-08-04 23:35:29.505 -04:00 [INF] HTTP POST /Reportes/GetListAgencias responded 200 in 1552.6109 ms
2026-08-04 23:35:43.716 -04:00 [ERR] Error GET+QS api/Reportes/TicketsEnJuegoTaq
System.Net.Http.HttpRequestException: Response status code does not indicate success: 404 (Not Found).
   at System.Net.Http.HttpResponseMessage.EnsureSuccessStatusCode()
   at ReportePrematch.Web.Services.Clients.ApiClient.GetQueryAsync[T](String endpoint, Dictionary`2 query, CancellationToken ct) in D:\GITHUB\ReportePrematch.Web\ReportePrematch.Web\Services\Clients\ApiClient.cs:line 47
2026-08-04 23:35:43.848 -04:00 [ERR] HTTP POST /Reportes/GetTicketsEnJuegoTaq responded 500 in 224.5516 ms
System.Net.Http.HttpRequestException: Response status code does not indicate success: 404 (Not Found).
   at System.Net.Http.HttpResponseMessage.EnsureSuccessStatusCode()
   at ReportePrematch.Web.Services.Clients.ApiClient.GetQueryAsync[T](String endpoint, Dictionary`2 query, CancellationToken ct) in D:\GITHUB\ReportePrematch.Web\ReportePrematch.Web\Services\Clients\ApiClient.cs:line 47
   at ReportePrematch.Web.Services.Clients.ReportesService.GetTicketsEnJuegoTaqAsync(String fechaD, String fechaH, String agente) in D:\GITHUB\ReportePrematch.Web\ReportePrematch.Web\Services\Clients\ReportesService.cs:line 691
   at ReportePrematch.Web.Controllers.ReportesController.GetTicketsEnJuegoTaq(String fechaD, String fechaH, String agente) in D:\GITHUB\ReportePrematch.Web\ReportePrematch.Web\Controllers\ReportesController.cs:line 416
   at Microsoft.AspNetCore.Mvc.Infrastructure.ActionMethodExecutor.TaskOfIActionResultExecutor.Execute(ActionContext actionContext, IActionResultTypeMapper mapper, ObjectMethodExecutor executor, Object controller, Object[] arguments)
   at Microsoft.AspNetCore.Mvc.Infrastructure.ControllerActionInvoker.<InvokeActionMethodAsync>g__Awaited|12_0(ControllerActionInvoker invoker, ValueTask`1 actionResultValueTask)
   at Microsoft.AspNetCore.Mvc.Infrastructure.ControllerActionInvoker.<InvokeNextActionFilterAsync>g__Awaited|10_0(ControllerActionInvoker invoker, Task lastTask, State next, Scope scope, Object state, Boolean isCompleted)
   at Microsoft.AspNetCore.Mvc.Infrastructure.ControllerActionInvoker.Rethrow(ActionExecutedContextSealed context)
   at Microsoft.AspNetCore.Mvc.Infrastructure.ControllerActionInvoker.Next(State& next, Scope& scope, Object& state, Boolean& isCompleted)
   at Microsoft.AspNetCore.Mvc.Infrastructure.ControllerActionInvoker.<InvokeInnerFilterAsync>g__Awaited|13_0(ControllerActionInvoker invoker, Task lastTask, State next, Scope scope, Object state, Boolean isCompleted)
   at Microsoft.AspNetCore.Mvc.Infrastructure.ResourceInvoker.<InvokeNextResourceFilter>g__Awaited|25_0(ResourceInvoker invoker, Task lastTask, State next, Scope scope, Object state, Boolean isCompleted)
   at Microsoft.AspNetCore.Mvc.Infrastructure.ResourceInvoker.Rethrow(ResourceExecutedContextSealed context)
   at Microsoft.AspNetCore.Mvc.Infrastructure.ResourceInvoker.Next(State& next, Scope& scope, Object& state, Boolean& isCompleted)
   at Microsoft.AspNetCore.Mvc.Infrastructure.ResourceInvoker.<InvokeFilterPipelineAsync>g__Awaited|20_0(ResourceInvoker invoker, Task lastTask, State next, Scope scope, Object state, Boolean isCompleted)
   at Microsoft.AspNetCore.Mvc.Infrastructure.ResourceInvoker.<InvokeAsync>g__Awaited|17_0(ResourceInvoker invoker, Task task, IDisposable scope)
   at Microsoft.AspNetCore.Mvc.Infrastructure.ResourceInvoker.<InvokeAsync>g__Awaited|17_0(ResourceInvoker invoker, Task task, IDisposable scope)
   at Microsoft.AspNetCore.Authorization.AuthorizationMiddleware.Invoke(HttpContext context)
   at Microsoft.AspNetCore.Session.SessionMiddleware.Invoke(HttpContext context)
   at Microsoft.AspNetCore.Session.SessionMiddleware.Invoke(HttpContext context)
   at Serilog.AspNetCore.RequestLoggingMiddleware.Invoke(HttpContext httpContext)
2026-08-04 23:35:43.862 -04:00 [ERR] An unhandled exception has occurred while executing the request.
System.Net.Http.HttpRequestException: Response status code does not indicate success: 404 (Not Found).
   at System.Net.Http.HttpResponseMessage.EnsureSuccessStatusCode()
   at ReportePrematch.Web.Services.Clients.ApiClient.GetQueryAsync[T](String endpoint, Dictionary`2 query, CancellationToken ct) in D:\GITHUB\ReportePrematch.Web\ReportePrematch.Web\Services\Clients\ApiClient.cs:line 47
   at ReportePrematch.Web.Services.Clients.ReportesService.GetTicketsEnJuegoTaqAsync(String fechaD, String fechaH, String agente) in D:\GITHUB\ReportePrematch.Web\ReportePrematch.Web\Services\Clients\ReportesService.cs:line 691
   at ReportePrematch.Web.Controllers.ReportesController.GetTicketsEnJuegoTaq(String fechaD, String fechaH, String agente) in D:\GITHUB\ReportePrematch.Web\ReportePrematch.Web\Controllers\ReportesController.cs:line 416
   at Microsoft.AspNetCore.Mvc.Infrastructure.ActionMethodExecutor.TaskOfIActionResultExecutor.Execute(ActionContext actionContext, IActionResultTypeMapper mapper, ObjectMethodExecutor executor, Object controller, Object[] arguments)
   at Microsoft.AspNetCore.Mvc.Infrastructure.ControllerActionInvoker.<InvokeActionMethodAsync>g__Awaited|12_0(ControllerActionInvoker invoker, ValueTask`1 actionResultValueTask)
   at Microsoft.AspNetCore.Mvc.Infrastructure.ControllerActionInvoker.<InvokeNextActionFilterAsync>g__Awaited|10_0(ControllerActionInvoker invoker, Task lastTask, State next, Scope scope, Object state, Boolean isCompleted)
   at Microsoft.AspNetCore.Mvc.Infrastructure.ControllerActionInvoker.Rethrow(ActionExecutedContextSealed context)
   at Microsoft.AspNetCore.Mvc.Infrastructure.ControllerActionInvoker.Next(State& next, Scope& scope, Object& state, Boolean& isCompleted)
   at Microsoft.AspNetCore.Mvc.Infrastructure.ControllerActionInvoker.<InvokeInnerFilterAsync>g__Awaited|13_0(ControllerActionInvoker invoker, Task lastTask, State next, Scope scope, Object state, Boolean isCompleted)
   at Microsoft.AspNetCore.Mvc.Infrastructure.ResourceInvoker.<InvokeNextResourceFilter>g__Awaited|25_0(ResourceInvoker invoker, Task lastTask, State next, Scope scope, Object state, Boolean isCompleted)
   at Microsoft.AspNetCore.Mvc.Infrastructure.ResourceInvoker.Rethrow(ResourceExecutedContextSealed context)
   at Microsoft.AspNetCore.Mvc.Infrastructure.ResourceInvoker.Next(State& next, Scope& scope, Object& state, Boolean& isCompleted)
   at Microsoft.AspNetCore.Mvc.Infrastructure.ResourceInvoker.<InvokeFilterPipelineAsync>g__Awaited|20_0(ResourceInvoker invoker, Task lastTask, State next, Scope scope, Object state, Boolean isCompleted)
   at Microsoft.AspNetCore.Mvc.Infrastructure.ResourceInvoker.<InvokeAsync>g__Awaited|17_0(ResourceInvoker invoker, Task task, IDisposable scope)
   at Microsoft.AspNetCore.Mvc.Infrastructure.ResourceInvoker.<InvokeAsync>g__Awaited|17_0(ResourceInvoker invoker, Task task, IDisposable scope)
   at Microsoft.AspNetCore.Authorization.AuthorizationMiddleware.Invoke(HttpContext context)
   at Microsoft.AspNetCore.Session.SessionMiddleware.Invoke(HttpContext context)
   at Microsoft.AspNetCore.Session.SessionMiddleware.Invoke(HttpContext context)
   at Serilog.AspNetCore.RequestLoggingMiddleware.Invoke(HttpContext httpContext)
   at Microsoft.AspNetCore.Authentication.AuthenticationMiddleware.Invoke(HttpContext context)
   at Microsoft.AspNetCore.Diagnostics.DeveloperExceptionPageMiddlewareImpl.Invoke(HttpContext context)
